____________________________________________

Start of CachyOS bug report log file. Please send this report,
along with a description of your bug, to CachyOS.

Date: Пт 31 июл 2026 01:00:40 MSK
uname: Linux <hostname-redacted> 7.1.5-1-cachyos #1 SMP PREEMPT_DYNAMIC Mon, 27 Jul 2026 14:05:40 +0000 x86_64 GNU/Linux
cmdline: quiet nowatchdog splash rw rootflags=subvol=/@ root=UUID=939fd5b5-aa06-445d-bac9-1c03f3b205c2

____________________________________________
Getting Hardware Information

System:
  Kernel: 7.1.5-1-cachyos arch: x86_64 bits: 64 compiler: clang v: 22.1.8
    clocksource: tsc avail: hpet,acpi_pm parameters: quiet nowatchdog splash rw
    rootflags=subvol=/@ root=UUID=939fd5b5-aa06-445d-bac9-1c03f3b205c2
  Desktop: Hyprland v: N/A dm: SDDM Distro: CachyOS base: Arch Linux
Machine:
  Type: Desktop System: Micro-Star product: MS-7D25 v: 1.0 serial: N/A
  Mobo: Micro-Star model: PRO Z690-A DDR4(MS-7D25) v: 1.0 serial: <filter>
    uuid: 0454b6ab-afce-041b-a0ce-d8bbc16e5984 Firmware: UEFI vendor: American
    Megatrends LLC. v: 1.L0 date: 04/16/2025
Battery:
  Device-1: hidpp_battery_0 model: Logitech G305 Lightspeed Wireless Gaming
    Mouse serial: <filter> charge: 100% (should be ignored) rechargeable: yes
    status: discharging
CPU:
  Info: model: 12th Gen Intel Core i7-12700K socket: LGA1700 (U3E1)
    note: check bits: 64 type: MST AMCP arch: Alder Lake gen: core 12 level: v3
    note: check built: 2021+ process: Intel 7 (10nm ESF) family: 6
    model-id: 0x97 (151) stepping: 2 microcode: 0x3E
  Topology: cpus: 1x dies: 1 clusters: 9 cores: 12 threads: 20 mt: 8 tpc: 2
    st: 4 smt: enabled cache: L1: 1024 KiB desc: d-4x32 KiB, 8x48 KiB; i-8x32
    KiB, 4x64 KiB L2: 12 MiB desc: 8x1.2 MiB, 1x2 MiB L3: 25 MiB
    desc: 1x25 MiB
  Speed (MHz): avg: 800 min/max: 800/4900:5000:3800 base/boost: 3564/8500
    scaling: driver: intel_pstate governor: powersave volts: 1.2 V
    ext-clock: 100 MHz cores: 1: 800 2: 800 3: 800 4: 800 5: 800 6: 800 7: 800
    8: 800 9: 800 10: 800 11: 800 12: 800 13: 800 14: 800 15: 800 16: 800
    17: 800 18: 800 19: 800 20: 800 bogomips: 144383
  Flags-basic: avx avx2 ht lm nx pae sse sse2 sse3 sse4_1 sse4_2 ssse3 vmx
  Vulnerabilities:
  Type: gather_data_sampling status: Not affected
  Type: ghostwrite status: Not affected
  Type: indirect_target_selection status: Not affected
  Type: itlb_multihit status: Not affected
  Type: l1tf status: Not affected
  Type: mds status: Not affected
  Type: meltdown status: Not affected
  Type: mmio_stale_data status: Not affected
  Type: old_microcode status: Not affected
  Type: reg_file_data_sampling mitigation: Clear Register File
  Type: retbleed status: Not affected
  Type: spec_rstack_overflow status: Not affected
  Type: spec_store_bypass mitigation: Speculative Store Bypass disabled via
    prctl
  Type: spectre_v1 mitigation: usercopy/swapgs barriers and __user pointer
    sanitization
  Type: spectre_v2 mitigation: Enhanced / Automatic IBRS; IBPB:
    conditional; PBRSB-eIBRS: SW sequence; BHI: BHI_DIS_S
  Type: srbds status: Not affected
  Type: tsa status: Not affected
  Type: tsx_async_abort status: Not affected
  Type: vmscape mitigation: IBPB before exit to userspace
Graphics:
  Device-1: Intel Alder Lake-S GT1 [UHD Graphics 770] vendor: Micro-Star MSI
    driver: i915 v: kernel alternate: xe arch: Xe process: Intel 10nm
    built: 2020-21 ports: active: none empty: DP-4, DP-5, HDMI-A-2, HDMI-A-3,
    HDMI-A-4, HDMI-A-5 bus-ID: 00:02.0 chip-ID: 8086:4680 class-ID: 0380
  Device-2: NVIDIA GA104 [GeForce RTX 3070 Ti] vendor: Palit Microsystems
    driver: nvidia v: 610.43.03 alternate: nouveau,nvidia_drm
    non-free: 550-6xx.xx+ status: current (as of 2026-07) arch: Ampere
    code: GAxxx process: TSMC n7 (7nm) built: 2020-2023 pcie: gen: 1
    speed: 2.5 GT/s lanes: 16 link-max: gen: 4 speed: 16 GT/s ports:
    active: DP-1 empty: DP-2,DP-3,HDMI-A-1 bus-ID: 01:00.0 chip-ID: 10de:2482
    class-ID: 0300
  Display: unspecified server: X.org v: <ipv4-redacted> with: Xwayland v: 24.1.13
    compositor: Hyprland driver: X: loaded: modesetting,nvidia
    alternate: fbdev,intel,nouveau,nv,vesa dri: iris
    gpu: nv_platform,nvidia,nvidia-nvswitch display-ID: :1
    note: <missing: xdpyinfo/xrandr>
  Monitor-1: DP-1 model: Philips PHL 272E1GJ serial: <filter> built: 2021
    res: 1920x1080 dpi: 82 gamma: 1.2 size: 598x336mm (23.54x13.23")
    diag: 686mm (27") ratio: 16:9 modes: max: 1920x1080 min: 640x480
  API: EGL v: 1.5 hw: drv: intel iris drv: nvidia platforms: device: 0
    drv: nvidia device: 1 drv: iris device: 3 drv: swrast gbm: drv: iris
    surfaceless: drv: nvidia x11: drv: nvidia inactive: wayland,device-2
  API: OpenGL v: 4.6.0 compat-v: 4.6 vendor: nvidia mesa v: 610.43.03
    glx-v: 1.4 direct-render: yes renderer: NVIDIA GeForce RTX 3070 Ti/PCIe/SSE2
    memory: 7.81 GiB
  Info: Tools: api: eglinfo,glxinfo gpu: nvidia-settings,nvidia-smi
    x11: xprop
Audio:
  Device-1: Intel 600 Series Family HD Audio vendor: Micro-Star MSI
    driver: snd_hda_intel v: kernel alternate: snd_soc_avs,snd_sof_pci_intel_tgl
    bus-ID: 00:1f.3 chip-ID: 8086:7ad0 class-ID: 0403
  Device-2: NVIDIA GA104 High Definition Audio vendor: Palit Microsystems
    driver: snd_hda_intel v: kernel pcie: gen: 4 speed: 16 GT/s lanes: 16
    bus-ID: 01:00.1 chip-ID: 10de:228b class-ID: 0403
  Device-3: JMTek LLC. USB PnP Audio Device
    driver: hid-generic,snd-usb-audio,usbhid type: USB rev: 1.1 speed: 12 Mb/s
    lanes: 1 mode: 1.1 bus-ID: 1-5.2:5 chip-ID: 0c76:161e class-ID: 0300
  API: ALSA v: k7.1.5-1-cachyos status: kernel-api
    tools: alsactl,alsamixer,amixer
  Server-1: sndiod v: N/A status: off tools: aucat,midicat,sndioctl
  Server-2: JACK v: 1.9.22 status: off tools: N/A
  Server-3: PipeWire v: 1.6.8 status: n/a (root, process) with:
    1: pipewire-pulse status: active 2: wireplumber status: active
    3: pipewire-alsa type: plugin tools: pactl,pw-cat,pw-cli,wpctl
Network:
  Device-1: Intel Ethernet I225-V vendor: Micro-Star MSI driver: igc v: kernel
    pcie: gen: 2 speed: 5 GT/s lanes: 1 port: N/A bus-ID: 05:00.0
    chip-ID: 8086:15f3 class-ID: 0200
  IF: enp5s0 state: up speed: 1000 Mbps duplex: full mac: <filter>
  IF-ID-1: amn0 state: unknown speed: 10000 Mbps duplex: full mac: N/A
  Info: services: NetworkManager,systemd-timesyncd
Drives:
  Local Storage: total: 5.06 TiB used: 16.32 GiB (0.3%)
  ID-1: /dev/nvme0n1 maj-min: 259:6 vendor: Samsung model: SSD 980 500GB
    size: 465.76 GiB block-size: physical: 512 B logical: 512 B speed: 31.6 Gb/s
    lanes: 4 tech: SSD serial: <filter> fw-rev: 3B4QFXO7 temp: 35.9 C
    scheme: GPT
  SMART: yes health: PASSED on: 1y 103d 2h cycles: 3,617
    read-units: 122,966,676 [62.9 TB] written-units: 125,880,069 [64.4 TB]
  ID-2: /dev/nvme1n1 maj-min: 259:1 vendor: Samsung model: SSD 980 PRO 1TB
    size: 931.51 GiB block-size: physical: 512 B logical: 512 B speed: 63.2 Gb/s
    lanes: 4 tech: SSD serial: <filter> fw-rev: 5B2QGXA7 temp: 34.9 C
    scheme: GPT
  SMART: yes health: PASSED on: 243d 17h cycles: 2,726
    read-units: 13,967,821 [7.15 TB] written-units: 14,380,971 [7.36 TB]
  ID-3: /dev/nvme2n1 maj-min: 259:0 vendor: Samsung model: SSD 990 PRO 1TB
    size: 931.51 GiB block-size: physical: 512 B logical: 512 B speed: 63.2 Gb/s
    lanes: 4 tech: SSD serial: <filter> fw-rev: 6B2QJXD7 temp: 41.9 C
    scheme: GPT
  SMART: yes health: PASSED on: 74d 9h cycles: 1,164
    read-units: 6,572,431 [3.36 TB] written-units: 10,405,581 [5.32 TB]
  ID-4: /dev/sda maj-min: 8:0 vendor: Western Digital
    model: WD20EZAZ-00L9GB0 family: Blue (SMR) size: 1.82 TiB block-size:
    physical: 4096 B logical: 512 B sata: 3.1 speed: 6.0 Gb/s tech: HDD
    rpm: 5400 serial: <filter> fw-rev: 0A80 temp: 29 C scheme: GPT
  SMART: yes state: enabled health: PASSED on: 1y 241d 0h cycles: 3362
  ID-5: /dev/sdb maj-min: 8:16 model: N/A size: 58.59 GiB block-size:
    physical: 512 B logical: 512 B type: USB rev: 3.2 spd: 5 Gb/s lanes: 1
    mode: 3.2 gen-1x1 tech: N/A serial: <filter> fw-rev: 3.00 scheme: MBR
  SMART Message: Unknown USB bridge. Flash drive/Unsupported enclosure?
  ID-6: /dev/sdc maj-min: 8:32 vendor: Western Digital
    model: WD10JMVW-11AJGS3 family: Elements / My Passport (USB, AF)
    size: 931.48 GiB block-size: physical: 4096 B logical: 512 B type: USB
    rev: 3.0 spd: 5 Gb/s lanes: 1 mode: 3.2 gen-1x1 sata: 3.0 speed: 3.0 Gb/s
    tech: HDD rpm: 5400 serial: <filter> fw-rev: 1065 drive-rev: 01.01A01
    temp: 29 C scheme: MBR
  SMART: yes state: enabled health: PASSED on: 194d 4h cycles: 302
Partition:
  ID-1: / raw-size: 927.51 GiB size: 927.51 GiB (100.00%)
    used: 15.54 GiB (1.7%) fs: btrfs block-size: 4096 B dev: /dev/nvme2n1p2
    maj-min: 259:5
  ID-2: /boot raw-size: 4 GiB size: 3.99 GiB (99.80%) used: 796 MiB (19.5%)
    fs: vfat block-size: 512 B dev: /dev/nvme2n1p1 maj-min: 259:4
  ID-3: /home raw-size: 927.51 GiB size: 927.51 GiB (100.00%)
    used: 15.54 GiB (1.7%) fs: btrfs block-size: 4096 B dev: /dev/nvme2n1p2
    maj-min: 259:5
  ID-4: /var/log raw-size: 927.51 GiB size: 927.51 GiB (100.00%)
    used: 15.54 GiB (1.7%) fs: btrfs block-size: 4096 B dev: /dev/nvme2n1p2
    maj-min: 259:5
  ID-5: /var/tmp raw-size: 927.51 GiB size: 927.51 GiB (100.00%)
    used: 15.54 GiB (1.7%) fs: btrfs block-size: 4096 B dev: /dev/nvme2n1p2
    maj-min: 259:5
Swap:
  Kernel: swappiness: 150 (default 60) cache-pressure: 50 (default 100)
    zswap: no
  ID-1: swap-1 type: zram size: 62.51 GiB used: 3.5 MiB (0.0%) priority: 100
    comp: zstd avail: lzo-rle,lzo,lz4,lz4hc,deflate,842 dev: /dev/zram0
Sensors:
  System Temperatures: cpu: 27.8 C mobo: N/A
  Fan Speeds (rpm): N/A
Repos:
  Packages: pm: pacman pkgs: 1123 libs: 311 tools: paru
  Active pacman repo servers in: /etc/pacman.d/cachyos-mirrorlist
    1: https://mirror5.krfoss.org/cachyos/repo/$arch/$repo
    2: https://cdn77.cachyos.org/repo/$arch/$repo
    3: https://mirror.krfoss.org/cachyos/repo/$arch/$repo
    4: https://nl.mirror.cx/cachyos/repo/$arch/$repo
    5: https://ca.mirror.cx/cachyos/repo/$arch/$repo
    6: https://mirror.cachy-arch.ru/cachyos/repo/$arch/$repo
    7: https://mirror.bali0531.hu/repo/$arch/$repo
    8: https://at.cachyos.org/repo/$arch/$repo
    9: https://mirror.zyner.org/mirror/cachyos/repo/$arch/$repo
    10: https://wan.metrosg.ru/cachyos/repo/$arch/$repo
    11: https://cachyos-mirror.m1k.cloud/repo/$arch/$repo
    12: https://us.cachyos.org/repo/$arch/$repo
    13: https://no.mirror.cx/cachyos/repo/$arch/$repo
    14: https://mirror2.keiminem.com/cachyos/repo/$arch/$repo
    15: https://mirrors.ustc.edu.cn/cachyos/repo/$arch/$repo
  Active pacman repo servers in: /etc/pacman.d/cachyos-v3-mirrorlist
    1: https://mirror5.krfoss.org/cachyos/repo/$arch_v3/$repo
    2: https://cdn77.cachyos.org/repo/$arch_v3/$repo
    3: https://mirror.krfoss.org/cachyos/repo/$arch_v3/$repo
    4: https://nl.mirror.cx/cachyos/repo/$arch_v3/$repo
    5: https://ca.mirror.cx/cachyos/repo/$arch_v3/$repo
    6: https://mirror.cachy-arch.ru/cachyos/repo/$arch_v3/$repo
    7: https://mirror.bali0531.hu/repo/$arch_v3/$repo
    8: https://at.cachyos.org/repo/$arch_v3/$repo
    9: https://mirror.zyner.org/mirror/cachyos/repo/$arch_v3/$repo
    10: https://wan.metrosg.ru/cachyos/repo/$arch_v3/$repo
    11: https://cachyos-mirror.m1k.cloud/repo/$arch_v3/$repo
    12: https://us.cachyos.org/repo/$arch_v3/$repo
    13: https://no.mirror.cx/cachyos/repo/$arch_v3/$repo
    14: https://mirror2.keiminem.com/cachyos/repo/$arch_v3/$repo
    15: https://mirrors.ustc.edu.cn/cachyos/repo/$arch_v3/$repo
  Active pacman repo servers in: /etc/pacman.d/mirrorlist
    1: https://mirrors.aliyun.com/archlinux/$repo/os/$arch
    2: https://mirror.sinirlan.net/archlinux/$repo/os/$arch
    3: https://mirror.group.one/archlinux/$repo/os/$arch
    4: https://repository.su/archlinux/$repo/os/$arch
    5: https://geo.mirror.pkgbuild.com/$repo/os/$arch
    6: https://repo.br.ee/arch/$repo/os/$arch
    7: https://arch.midov.pl/arch/$repo/os/$arch
    8: https://ftp.energotel.sk/pub/linux/arch/$repo/os/$arch
    9: https://umea.mirror.pkgbuild.com/$repo/os/$arch
    10: https://at.arch.niranjan.co/$repo/os/$arch
    11: https://mirrors.uni-plovdiv.net/archlinux/$repo/os/$arch
    12: https://fastly.mirror.pkgbuild.com/$repo/os/$arch
    13: https://mirror.puzzle.ch/archlinux/$repo/os/$arch
    14: https://theswissbay.ch/archlinux/$repo/os/$arch
    15: https://at.arch.mirror.kescher.at/$repo/os/$arch
    16: https://mirrors.xtom.ee/archlinux/$repo/os/$arch
    17: https://archlinux.koyanet.lv/archlinux/$repo/os/$arch
    18: https://mirror.rackspace.com/archlinux/$repo/os/$arch
    19: https://mirror.neuf.no/archlinux/$repo/os/$arch
    20: https://archlinux.mirror-services.net/archlinux/$repo/os/$arch
    21: https://mirror.quantum5.ca/archlinux/$repo/os/$arch
    22: https://mirror.raiolanetworks.com/archlinux/$repo/os/$arch
    23: https://mirror.timtal.com.tr/archlinux/$repo/os/$arch
    24: https://ftp.linux.edu.lv/archlinux/$repo/os/$arch
    25: https://ftpmirror.infania.net/mirror/archlinux/$repo/os/$arch
    26: https://tr.arch.niranjan.co/$repo/os/$arch
    27: https://mirror.juniorjpdj.pl/archlinux/$repo/os/$arch
    28: https://ams.nl.mirrors.bjg.at/arch/$repo/os/$arch
    29: https://mirror.telepoint.bg/archlinux/$repo/os/$arch
    30: https://mirrors.dotsrc.org/archlinux/$repo/os/$arch
    31: https://london.mirror.pkgbuild.com/$repo/os/$arch
    32: https://de.arch.niranjan.co/$repo/os/$arch
    33: https://mirror.tux.si/arch/$repo/os/$arch
    34: https://mirror.aria-on-the-planet.es/archlinux/$repo/os/$arch
    35: https://wan.metrosg.ru/archlinux/$repo/os/$arch
    36: https://uk.arch.niranjan.co/$repo/os/$arch
    37: https://no.mirror.cx/archlinux/$repo/os/$arch
    38: https://mirrors.saswata.cc/archlinux/$repo/os/$arch
    39: https://hu.mirror.frigyes.dev/archlinux/$repo/os/$arch
    40: https://repo.hyron.dev/archlinux/$repo/os/$arch
    41: https://gluttony.sin.cvut.cz/arch/$repo/os/$arch
    42: https://mirror.franscorack.com/archlinux/$repo/os/$arch
    43: https://ftp.ek-cer.hu/pub/mirrors/ftp.archlinux.org/$repo/os/$arch
    44: https://mirror.abderraziq.com/archlinux/$repo/os/$arch
    45: https://mirror2.keiminem.com/archlinux/$repo/os/$arch
    46: https://berlin.mirror.pkgbuild.com/$repo/os/$arch
    47: https://singapore.mirror.pkgbuild.com/$repo/os/$arch
    48: https://us.arch.niranjan.co/$repo/os/$arch
    49: https://mirrors.jlu.edu.cn/archlinux/$repo/os/$arch
    50: https://ro.arch.niranjan.co/$repo/os/$arch
    51: https://mirror.1ago.be/archlinux/$repo/os/$arch
    52: https://www.sooftware.com/mirrors/Arch-Linux/$repo/os/$arch
Info:
  Memory: total: 64 GiB note: est. available: 62.51 GiB used: 6.58 GiB (10.5%)
  Processes: 418 Power: uptime: 1h 47m states: freeze,mem,disk suspend: deep
    avail: s2idle wakeups: 0 hibernate: platform avail: shutdown, reboot,
    suspend, test_resume image: 24.89 GiB
    services: power-profiles-daemon,upowerd Init: systemd v: 261
    default: graphical tool: systemctl
  Compilers: clang: 22.1.8 gcc: 16.1.1 Shell: Bash (sudo) v: 5.3.15
    running-in: kitty inxi: 3.3.41
____________________________________________
Getting Scheduler information

sched-ext:
/sys/kernel/sched_ext/nr_rejected:0
/sys/kernel/sched_ext/hotplug_seq:19
/sys/kernel/sched_ext/switch_all:0
/sys/kernel/sched_ext/state:disabled
/sys/kernel/sched_ext/enable_seq:0

rcu: RCU calculated value of scheduler-enlistment delay is 100 jiffies.
io scheduler mq-deadline registered
io scheduler kyber registered
Adaptive Deadline I/O Scheduler 3.2.0 by Masahito Suzuki
io scheduler adios registered
io scheduler bfq registered

____________________________________________

dmesg

[    0.000000] Linux version 7.1.5-1-cachyos (linux-cachyos@cachyos) (clang version 22.1.8, LLD 22.1.8) #1 SMP PREEMPT_DYNAMIC Mon, 27 Jul 2026 14:05:40 +0000
[    0.000000] Command line: quiet nowatchdog splash rw rootflags=subvol=/@ root=UUID=939fd5b5-aa06-445d-bac9-1c03f3b205c2
[    0.000000] x86/tme: not enabled by BIOS
[    0.000000] x86/split lock detection: #AC: crashing the kernel on kernel split_locks and warning on user-space split_locks
[    0.000000] BIOS-provided physical RAM map:
[    0.000000] BIOS-e820: [mem 0x0000000000000000-0x000000000009dfff]  System RAM
[    0.000000] BIOS-e820: [mem 0x000000000009e000-0x000000000009efff]  device reserved
[    0.000000] BIOS-e820: [mem 0x000000000009f000-0x000000000009ffff]  System RAM
[    0.000000] BIOS-e820: [mem 0x00000000000a0000-0x00000000000fffff]  device reserved
[    0.000000] BIOS-e820: [mem 0x0000000000100000-0x000000006ec8ffff]  System RAM
[    0.000000] BIOS-e820: [mem 0x000000006ec90000-0x000000007048ffff]  device reserved
[    0.000000] BIOS-e820: [mem 0x0000000070490000-0x000000007059efff]  ACPI data
[    0.000000] BIOS-e820: [mem 0x000000007059f000-0x000000007079efff]  ACPI NVS
[    0.000000] BIOS-e820: [mem 0x000000007079f000-0x0000000075bfefff]  device reserved
[    0.000000] BIOS-e820: [mem 0x0000000075bff000-0x0000000075bfffff]  System RAM
[    0.000000] BIOS-e820: [mem 0x0000000075c00000-0x0000000079ffffff]  device reserved
[    0.000000] BIOS-e820: [gap 0x000000007a000000-0x000000007a5fffff]
[    0.000000] BIOS-e820: [mem 0x000000007a600000-0x000000007a7fffff]  device reserved
[    0.000000] BIOS-e820: [gap 0x000000007a800000-0x000000007affffff]
[    0.000000] BIOS-e820: [mem 0x000000007b000000-0x00000000807fffff]  device reserved
[    0.000000] BIOS-e820: [gap 0x0000000080800000-0x00000000bfffffff]
[    0.000000] BIOS-e820: [mem 0x00000000c0000000-0x00000000cfffffff]  device reserved
[    0.000000] BIOS-e820: [gap 0x00000000d0000000-0x00000000fdffffff]
[    0.000000] BIOS-e820: [mem 0x00000000fe000000-0x00000000fe010fff]  device reserved
[    0.000000] BIOS-e820: [gap 0x00000000fe011000-0x00000000febfffff]
[    0.000000] BIOS-e820: [mem 0x00000000fec00000-0x00000000fec00fff]  device reserved
[    0.000000] BIOS-e820: [gap 0x00000000fec01000-0x00000000fecfffff]
[    0.000000] BIOS-e820: [mem 0x00000000fed00000-0x00000000fed00fff]  device reserved
[    0.000000] BIOS-e820: [gap 0x00000000fed01000-0x00000000fed1ffff]
[    0.000000] BIOS-e820: [mem 0x00000000fed20000-0x00000000fed7ffff]  device reserved
[    0.000000] BIOS-e820: [gap 0x00000000fed80000-0x00000000fedfffff]
[    0.000000] BIOS-e820: [mem 0x00000000fee00000-0x00000000fee00fff]  device reserved
[    0.000000] BIOS-e820: [gap 0x00000000fee01000-0x00000000feffffff]
[    0.000000] BIOS-e820: [mem 0x00000000ff000000-0x00000000ffffffff]  device reserved
[    0.000000] BIOS-e820: [mem 0x0000000100000000-0x000000107f7fffff]  System RAM
[    0.000000] NX (Execute Disable) protection: active
[    0.000000] APIC: Static calls initialized
[    0.000000] efi: EFI v2.9 by American Megatrends
[    0.000000] efi: ACPI=0x706fb000 ACPI 2.0=0x706fb014 TPMFinalLog=0x706ca000 SMBIOS=0x7265a000 SMBIOS 3.0=0x72659000 MEMATTR=0x6a818098 ESRT=0x6ac36598 TPMEventLog=0x704bd018 RNG=0x704bc018 
[    0.000000] random: crng init done
[    0.000000] efi: Remove mem106: MMIO range=[0xc0000000-0xcfffffff] (256MB) from e820 map
[    0.000000] e820: remove [mem 0xc0000000-0xcfffffff] device reserved
[    0.000000] efi: Not removing mem107: MMIO range=[0xfe000000-0xfe010fff] (68KB) from e820 map
[    0.000000] efi: Not removing mem108: MMIO range=[0xfec00000-0xfec00fff] (4KB) from e820 map
[    0.000000] efi: Not removing mem109: MMIO range=[0xfed00000-0xfed00fff] (4KB) from e820 map
[    0.000000] efi: Not removing mem111: MMIO range=[0xfee00000-0xfee00fff] (4KB) from e820 map
[    0.000000] efi: Remove mem112: MMIO range=[0xff000000-0xffffffff] (16MB) from e820 map
[    0.000000] e820: remove [mem 0xff000000-0xffffffff] device reserved
[    0.000000] DMI: SMBIOS 3.6.0 present.
[    0.000000] DMI: Micro-Star International Co., Ltd. MS-7D25/PRO Z690-A DDR4(MS-7D25), BIOS 1.L0 04/16/2025
[    0.000000] DMI: Memory slots populated: 2/4
[    0.000000] tsc: Detected 3600.000 MHz processor
[    0.000000] tsc: Detected 3609.600 MHz TSC
[    0.000004] e820: update [mem 0x00000000-0x00000fff] System RAM ==> device reserved
[    0.000006] e820: remove [mem 0x000a0000-0x000fffff] System RAM
[    0.000010] last_pfn = 0x107f800 max_arch_pfn = 0x400000000
[    0.000013] total RAM covered: 128960M
[    0.000092] Found optimal setting for mtrr clean up
[    0.000092]  gran_size: 64K 	chunk_size: 128M 	num_reg: 7  	lose cover RAM: 0G
[    0.000095] MTRR map: 6 entries (3 fixed + 3 variable; max 23), built from 10 variable MTRRs
[    0.000096] x86/PAT: Configuration [0-7]: WB  WC  UC- UC  WB  WP  UC- WT  
[    0.000432] e820: update [mem 0x7c000000-0xffffffff] System RAM ==> device reserved
[    0.000434] last_pfn = 0x75c00 max_arch_pfn = 0x400000000
[    0.004592] esrt: Reserving ESRT space from 0x000000006ac36598 to 0x000000006ac36648.
[    0.004596] e820: update [mem 0x6ac36000-0x6ac36fff] System RAM ==> device reserved
[    0.004606] Using GB pages for direct mapping
[    0.004675] Secure boot disabled
[    0.004675] RAMDISK: [mem 0x4f800000-0x56b3afff]
[    0.004683] ACPI: Early table checksum verification disabled
[    0.004685] ACPI: RSDP 0x00000000706FB014 000024 (v02 ALASKA)
[    0.004687] ACPI: XSDT 0x00000000706FA728 000104 (v01 ALASKA A M I    01072009 AMI  01000013)
[    0.004690] ACPI: FACP 0x000000007059C000 000114 (v06 ALASKA A M I    01072009 AMI  01000013)
[    0.004693] ACPI: DSDT 0x00000000704FC000 09FE8C (v02 ALASKA A M I    01072009 INTL 20200717)
[    0.004694] ACPI: FACS 0x000000007079E000 000040
[    0.004695] ACPI: FIDT 0x00000000704FB000 00009C (v01 ALASKA A M I    01072009 AMI  00010013)
[    0.004697] ACPI: SSDT 0x000000007059E000 00038C (v02 PmaxDv Pmax_Dev 00000001 INTL 20200717)
[    0.004698] ACPI: SSDT 0x00000000704F5000 005D34 (v02 CpuRef CpuSsdt  00003000 INTL 20200717)
[    0.004700] ACPI: SSDT 0x00000000704F2000 002BA7 (v02 SaSsdt SaSsdt   00003000 INTL 20200717)
[    0.004701] ACPI: SSDT 0x00000000704EE000 00334F (v02 INTEL  IgfxSsdt 00003000 INTL 20200717)
[    0.004702] ACPI: HPET 0x000000007059D000 000038 (v01 ALASKA A M I    01072009 AMI  01000013)
[    0.004704] ACPI: APIC 0x00000000704ED000 0001DC (v05 ALASKA A M I    01072009 AMI  01000013)
[    0.004705] ACPI: MCFG 0x00000000704EC000 00003C (v01 ALASKA A M I    01072009 AMI  01000013)
[    0.004706] ACPI: SSDT 0x00000000704EA000 001F1A (v02 ALASKA Ther_Rvp 00001000 INTL 20200717)
[    0.004708] ACPI: UEFI 0x00000000706B0000 000048 (v01 ALASKA A M I    01072009 AMI  01000013)
[    0.004709] ACPI: NHLT 0x00000000704E9000 00002D (v00 ALASKA A M I    01072009 AMI  01000013)
[    0.004710] ACPI: LPIT 0x00000000704E8000 0000CC (v01 ALASKA A M I    01072009 AMI  01000013)
[    0.004711] ACPI: SSDT 0x00000000704E4000 002A83 (v02 ALASKA PtidDevc 00001000 INTL 20200717)
[    0.004713] ACPI: SSDT 0x00000000704DA000 0093E7 (v02 ALASKA TbtTypeC 00000000 INTL 20200717)
[    0.004714] ACPI: DBGP 0x00000000704D9000 000034 (v01 ALASKA A M I    01072009 AMI  01000013)
[    0.004715] ACPI: DBG2 0x00000000704D8000 000054 (v00 ALASKA A M I    01072009 AMI  01000013)
[    0.004716] ACPI: SSDT 0x00000000704D6000 00190A (v02 ALASKA UsbCTabl 00001000 INTL 20200717)
[    0.004718] ACPI: DMAR 0x00000000704D5000 000088 (v01 INTEL  EDK2     00000002      01000013)
[    0.004719] ACPI: FPDT 0x00000000704D4000 000044 (v01 ALASKA A M I    01072009 AMI  01000013)
[    0.004720] ACPI: SSDT 0x00000000704D2000 0015E8 (v02 INTEL  xh_adls3 00000000 INTL 20200717)
[    0.004722] ACPI: SSDT 0x00000000704CE000 0039DA (v02 SocGpe SocGpe   00003000 INTL 20200717)
[    0.004723] ACPI: SSDT 0x00000000704CA000 0039DA (v02 SocCmn SocCmn   00003000 INTL 20200717)
[    0.004724] ACPI: BGRT 0x00000000704C9000 000038 (v01 ALASKA A M I    01072009 AMI  00010013)
[    0.004725] ACPI: PHAT 0x00000000704C7000 000CD2 (v01 ALASKA A M I    00000005 MSFT 0100000D)
[    0.004727] ACPI: TPM2 0x00000000704C6000 00004C (v04 ALASKA A M I    00000001 AMI  00000000)
[    0.004728] ACPI: WSMT 0x00000000704E7000 000028 (v01 ALASKA A M I    01072009 AMI  00010013)
[    0.004729] ACPI: BGRT 0x00000000704C8000 000038 (v01 ALASKA A M I    01072009 AMI  00010013)
[    0.004730] ACPI: Reserving FACP table memory at [mem 0x7059c000-0x7059c113]
[    0.004731] ACPI: Reserving DSDT table memory at [mem 0x704fc000-0x7059be8b]
[    0.004732] ACPI: Reserving FACS table memory at [mem 0x7079e000-0x7079e03f]
[    0.004732] ACPI: Reserving FIDT table memory at [mem 0x704fb000-0x704fb09b]
[    0.004732] ACPI: Reserving SSDT table memory at [mem 0x7059e000-0x7059e38b]
[    0.004733] ACPI: Reserving SSDT table memory at [mem 0x704f5000-0x704fad33]
[    0.004733] ACPI: Reserving SSDT table memory at [mem 0x704f2000-0x704f4ba6]
[    0.004733] ACPI: Reserving SSDT table memory at [mem 0x704ee000-0x704f134e]
[    0.004734] ACPI: Reserving HPET table memory at [mem 0x7059d000-0x7059d037]
[    0.004734] ACPI: Reserving APIC table memory at [mem 0x704ed000-0x704ed1db]
[    0.004734] ACPI: Reserving MCFG table memory at [mem 0x704ec000-0x704ec03b]
[    0.004735] ACPI: Reserving SSDT table memory at [mem 0x704ea000-0x704ebf19]
[    0.004735] ACPI: Reserving UEFI table memory at [mem 0x706b0000-0x706b0047]
[    0.004735] ACPI: Reserving NHLT table memory at [mem 0x704e9000-0x704e902c]
[    0.004736] ACPI: Reserving LPIT table memory at [mem 0x704e8000-0x704e80cb]
[    0.004736] ACPI: Reserving SSDT table memory at [mem 0x704e4000-0x704e6a82]
[    0.004736] ACPI: Reserving SSDT table memory at [mem 0x704da000-0x704e33e6]
[    0.004737] ACPI: Reserving DBGP table memory at [mem 0x704d9000-0x704d9033]
[    0.004737] ACPI: Reserving DBG2 table memory at [mem 0x704d8000-0x704d8053]
[    0.004737] ACPI: Reserving SSDT table memory at [mem 0x704d6000-0x704d7909]
[    0.004738] ACPI: Reserving DMAR table memory at [mem 0x704d5000-0x704d5087]
[    0.004738] ACPI: Reserving FPDT table memory at [mem 0x704d4000-0x704d4043]
[    0.004738] ACPI: Reserving SSDT table memory at [mem 0x704d2000-0x704d35e7]
[    0.004739] ACPI: Reserving SSDT table memory at [mem 0x704ce000-0x704d19d9]
[    0.004739] ACPI: Reserving SSDT table memory at [mem 0x704ca000-0x704cd9d9]
[    0.004739] ACPI: Reserving BGRT table memory at [mem 0x704c9000-0x704c9037]
[    0.004740] ACPI: Reserving PHAT table memory at [mem 0x704c7000-0x704c7cd1]
[    0.004740] ACPI: Reserving TPM2 table memory at [mem 0x704c6000-0x704c604b]
[    0.004741] ACPI: Reserving WSMT table memory at [mem 0x704e7000-0x704e7027]
[    0.004741] ACPI: Reserving BGRT table memory at [mem 0x704c8000-0x704c8037]
[    0.004835] No NUMA configuration found
[    0.004835] Faking a node at [mem 0x0000000000000000-0x000000107f7fffff]
[    0.004839] NODE_DATA(0) allocated [mem 0x107f7d4f80-0x107f7fffff]
[    0.005186] ACPI: PM-Timer IO Port: 0x1808
[    0.005191] ACPI: LAPIC_NMI (acpi_id[0x01] high edge lint[0x1])
[    0.005192] ACPI: LAPIC_NMI (acpi_id[0x02] high edge lint[0x1])
[    0.005192] ACPI: LAPIC_NMI (acpi_id[0x03] high edge lint[0x1])
[    0.005193] ACPI: LAPIC_NMI (acpi_id[0x04] high edge lint[0x1])
[    0.005193] ACPI: LAPIC_NMI (acpi_id[0x05] high edge lint[0x1])
[    0.005193] ACPI: LAPIC_NMI (acpi_id[0x06] high edge lint[0x1])
[    0.005193] ACPI: LAPIC_NMI (acpi_id[0x07] high edge lint[0x1])
[    0.005194] ACPI: LAPIC_NMI (acpi_id[0x08] high edge lint[0x1])
[    0.005194] ACPI: LAPIC_NMI (acpi_id[0x09] high edge lint[0x1])
[    0.005194] ACPI: LAPIC_NMI (acpi_id[0x0a] high edge lint[0x1])
[    0.005194] ACPI: LAPIC_NMI (acpi_id[0x0b] high edge lint[0x1])
[    0.005195] ACPI: LAPIC_NMI (acpi_id[0x0c] high edge lint[0x1])
[    0.005195] ACPI: LAPIC_NMI (acpi_id[0x0d] high edge lint[0x1])
[    0.005195] ACPI: LAPIC_NMI (acpi_id[0x0e] high edge lint[0x1])
[    0.005195] ACPI: LAPIC_NMI (acpi_id[0x0f] high edge lint[0x1])
[    0.005196] ACPI: LAPIC_NMI (acpi_id[0x10] high edge lint[0x1])
[    0.005196] ACPI: LAPIC_NMI (acpi_id[0x11] high edge lint[0x1])
[    0.005196] ACPI: LAPIC_NMI (acpi_id[0x12] high edge lint[0x1])
[    0.005196] ACPI: LAPIC_NMI (acpi_id[0x13] high edge lint[0x1])
[    0.005197] ACPI: LAPIC_NMI (acpi_id[0x14] high edge lint[0x1])
[    0.005197] ACPI: LAPIC_NMI (acpi_id[0x15] high edge lint[0x1])
[    0.005197] ACPI: LAPIC_NMI (acpi_id[0x16] high edge lint[0x1])
[    0.005197] ACPI: LAPIC_NMI (acpi_id[0x17] high edge lint[0x1])
[    0.005198] ACPI: LAPIC_NMI (acpi_id[0x00] high edge lint[0x1])
[    0.005240] IOAPIC[0]: apic_id 2, version 32, address 0xfec00000, GSI 0-119
[    0.005242] ACPI: INT_SRC_OVR (bus 0 bus_irq 0 global_irq 2 dfl dfl)
[    0.005243] ACPI: INT_SRC_OVR (bus 0 bus_irq 9 global_irq 9 high level)
[    0.005245] ACPI: Using ACPI (MADT) for SMP configuration information
[    0.005245] ACPI: HPET id: 0x8086a201 base: 0xfed00000
[    0.005249] e820: update [mem 0x69e76000-0x69ed2fff] System RAM ==> device reserved
[    0.005255] TSC deadline timer available
[    0.005256] CPU topo: Max. logical packages:   1
[    0.005257] CPU topo: Max. logical nodes:      1
[    0.005257] CPU topo: Num. nodes per package:  1
[    0.005258] CPU topo: Max. logical dies:       1
[    0.005258] CPU topo: Max. dies per package:   1
[    0.005259] CPU topo: Max. threads per core:   2
[    0.005259] CPU topo: Num. cores per package:    12
[    0.005260] CPU topo: Num. threads per package:  20
[    0.005260] CPU topo: Allowing 20 present CPUs plus 0 hotplug CPUs
[    0.005269] PM: hibernation: Registered nosave memory: [mem 0x00000000-0x00000fff]
[    0.005270] PM: hibernation: Registered nosave memory: [mem 0x0009e000-0x0009efff]
[    0.005271] PM: hibernation: Registered nosave memory: [mem 0x000a0000-0x000fffff]
[    0.005271] PM: hibernation: Registered nosave memory: [mem 0x69e76000-0x69ed2fff]
[    0.005272] PM: hibernation: Registered nosave memory: [mem 0x6ac36000-0x6ac36fff]
[    0.005272] PM: hibernation: Registered nosave memory: [mem 0x6ec90000-0x75bfefff]
[    0.005273] PM: hibernation: Registered nosave memory: [mem 0x75c00000-0xffffffff]
[    0.005274] [gap 0x80800000-0xfdffffff] available for PCI devices
[    0.005274] Booting paravirtualized kernel on bare hardware
[    0.005275] clocksource: refined-jiffies: mask: 0xffffffff max_cycles: 0xffffffff, max_idle_ns: 1910969940391419 ns
[    0.010114] Zone ranges:
[    0.010114]   DMA      [mem 0x0000000000001000-0x0000000000ffffff]
[    0.010116]   DMA32    [mem 0x0000000001000000-0x00000000ffffffff]
[    0.010116]   Normal   [mem 0x0000000100000000-0x000000107f7fffff]
[    0.010117]   Device   empty
[    0.010117] Movable zone start for each node
[    0.010118] Early memory node ranges
[    0.010118]   node   0: [mem 0x0000000000001000-0x000000000009dfff]
[    0.010119]   node   0: [mem 0x000000000009f000-0x000000000009ffff]
[    0.010119]   node   0: [mem 0x0000000000100000-0x000000006ec8ffff]
[    0.010120]   node   0: [mem 0x0000000075bff000-0x0000000075bfffff]
[    0.010120]   node   0: [mem 0x0000000100000000-0x000000107f7fffff]
[    0.010122] Initmem setup node 0 [mem 0x0000000000001000-0x000000107f7fffff]
[    0.010125] On node 0, zone DMA: 1 pages in unavailable ranges
[    0.010126] On node 0, zone DMA: 1 pages in unavailable ranges
[    0.010138] On node 0, zone DMA: 96 pages in unavailable ranges
[    0.011752] On node 0, zone DMA32: 28527 pages in unavailable ranges
[    0.064590] On node 0, zone Normal: 9216 pages in unavailable ranges
[    0.064599] On node 0, zone Normal: 2048 pages in unavailable ranges
[    0.064606] setup_percpu: NR_CPUS:8192 nr_cpumask_bits:20 nr_cpu_ids:20 nr_node_ids:1
[    0.065126] percpu: Embedded 63 pages/cpu s221184 r8192 d28672 u262144
[    0.065129] pcpu-alloc: s221184 r8192 d28672 u262144 alloc=1*2097152
[    0.065130] pcpu-alloc: [0] 00 01 02 03 04 05 06 07 [0] 08 09 10 11 12 13 14 15 
[    0.065133] pcpu-alloc: [0] 16 17 18 19 -- -- -- -- 
[    0.065141] Kernel command line: quiet nowatchdog splash rw rootflags=subvol=/@ root=UUID=939fd5b5-aa06-445d-bac9-1c03f3b205c2
[    0.065165] Unknown kernel command line parameters "splash", will be passed to user space.
[    0.065172] printk: log_buf_len individual max cpu contribution: 4096 bytes
[    0.065173] printk: log_buf_len total cpu_extra contributions: 77824 bytes
[    0.065173] printk: log_buf_len min size: 131072 bytes
[    0.065274] printk: log buffer data + meta data: 262144 + 1114112 = 1376256 bytes
[    0.065275] printk: early log buf free: 115584(88%)
[    0.068689] Dentry cache hash table entries: 8388608 (order: 14, 67108864 bytes, linear)
[    0.070396] Inode-cache hash table entries: 4194304 (order: 13, 33554432 bytes, linear)
[    0.070521] software IO TLB: area num 32.
[    0.077332] Fallback order for Node 0: 0 
[    0.077334] Built 1 zonelists, mobility grouping on.  Total pages: 16704559
[    0.077334] Policy zone: Normal
[    0.077465] mem auto-init: stack:all(zero), heap alloc:on, heap free:off
[    0.142510] SLUB: HWalign=64, Order=0-3, MinObjects=0, CPUs=20, Nodes=1
[    0.142680] ftrace: allocating 57335 entries in 224 pages
[    0.142681] ftrace: allocated 224 pages with 3 groups
[    0.142746] Dynamic Preempt: full
[    0.142794] rcu: Preemptible hierarchical RCU implementation.
[    0.142794] rcu: 	RCU restricting CPUs from NR_CPUS=8192 to nr_cpu_ids=20.
[    0.142795] rcu: 	RCU priority boosting: priority 1 delay 500 ms.
[    0.142795] 	Trampoline variant of Tasks RCU enabled.
[    0.142795] 	Rude variant of Tasks RCU enabled.
[    0.142796] 	Tracing variant of Tasks RCU enabled.
[    0.142796] rcu: RCU calculated value of scheduler-enlistment delay is 100 jiffies.
[    0.142796] rcu: Adjusting geometry for rcu_fanout_leaf=16, nr_cpu_ids=20
[    0.142804] RCU Tasks: Setting shift to 5 and lim to 1 rcu_task_cb_adjust=1 rcu_task_cpu_ids=20.
[    0.142805] RCU Tasks Rude: Setting shift to 5 and lim to 1 rcu_task_cb_adjust=1 rcu_task_cpu_ids=20.
[    0.144781] NR_IRQS: 524544, nr_irqs: 2216, preallocated irqs: 16
[    0.145066] rcu: srcu_init: Setting srcu_struct sizes based on contention.
[    0.145245] clocksource: jiffies: mask: 0xffffffff max_cycles: 0xffffffff, max_idle_ns: 1911260446275000 ns
[    0.145315] kfence: initialized - using 2097152 bytes for 255 objects at 0x(____ptrval____)-0x(____ptrval____)
[    0.145349] Console: colour dummy device 80x25
[    0.145350] printk: legacy console [tty0] enabled
[    0.145383] ACPI: Core revision 20251212
[    0.145712] clocksource: hpet: mask: 0xffffffff max_cycles: 0xffffffff, max_idle_ns: 99544814920 ns
[    0.145811] APIC: Switch to symmetric I/O mode setup
[    0.145812] DMAR: Host address width 39
[    0.145812] DMAR: DRHD base: 0x000000fed90000 flags: 0x0
[    0.145815] DMAR: dmar0: reg_base_addr fed90000 ver 4:0 cap 1c0000c40660462 ecap 29a00f0505e
[    0.145816] DMAR: DRHD base: 0x000000fed91000 flags: 0x1
[    0.145819] DMAR: dmar1: reg_base_addr fed91000 ver 5:0 cap d2008c40660462 ecap f050da
[    0.145820] DMAR: RMRR base: 0x0000007c000000 end: 0x000000807fffff
[    0.145822] DMAR-IR: IOAPIC id 2 under DRHD base  0xfed91000 IOMMU 1
[    0.145823] DMAR-IR: HPET id 0 under DRHD base 0xfed91000
[    0.145823] DMAR-IR: Queued invalidation will be enabled to support x2apic and Intr-remapping.
[    0.147364] DMAR-IR: Enabled IRQ remapping in x2apic mode
[    0.147366] x2apic enabled
[    0.147413] APIC: Switched APIC routing to: cluster x2apic
[    0.152101] ..TIMER: vector=0x30 apic1=0 pin1=2 apic2=-1 pin2=-1
[    0.156775] clocksource: tsc-early: mask: 0xffffffffffffffff max_cycles: 0x3407c077a8d, max_idle_ns: 440795342283 ns
[    0.156780] Calibrating delay loop (skipped), value calculated using timer frequency.. 7219.20 BogoMIPS (lpj=3609600)
[    0.156825] CPU0: Thermal monitoring enabled (TM1)
[    0.156826] x86/cpu: User Mode Instruction Prevention (UMIP) activated
[    0.156928] CET detected: Indirect Branch Tracking enabled
[    0.156928] Last level iTLB entries: 4KB 0, 2MB 0, 4MB 0
[    0.156929] Last level dTLB entries: 4KB 0, 2MB 0, 4MB 0, 1GB 0
[    0.156936] process: using mwait in idle threads
[    0.156937] mitigations: Enabled attack vectors: user_kernel, user_user, guest_host, guest_guest, SMT mitigations: auto
[    0.156940] Speculative Store Bypass: Mitigation: Speculative Store Bypass disabled via prctl
[    0.156941] Spectre V2 : Mitigation: Enhanced / Automatic IBRS
[    0.156941] Register File Data Sampling: Mitigation: Clear Register File
[    0.156942] VMSCAPE: Mitigation: IBPB before exit to userspace
[    0.156942] Spectre V1 : Mitigation: usercopy/swapgs barriers and __user pointer sanitization
[    0.156943] Spectre V2 : Spectre v2 / PBRSB-eIBRS: Retire a single CALL on VMEXIT
[    0.156945] Spectre V2 : Enabling IBPB for BPF
[    0.156946] Spectre V2 : mitigation: Enabling conditional Indirect Branch Prediction Barrier
[    0.156953] x86/fpu: Supporting XSAVE feature 0x001: 'x87 floating point registers'
[    0.156954] x86/fpu: Supporting XSAVE feature 0x002: 'SSE registers'
[    0.156955] x86/fpu: Supporting XSAVE feature 0x004: 'AVX registers'
[    0.156955] x86/fpu: Supporting XSAVE feature 0x200: 'Protection Keys User registers'
[    0.156956] x86/fpu: Supporting XSAVE feature 0x800: 'Control-flow User registers'
[    0.156956] x86/fpu: Supporting XSAVE feature 0x1000: 'Control-flow Kernel registers (KVM only)'
[    0.156957] x86/fpu: xstate_offset[2]:  576, xstate_sizes[2]:  256
[    0.156958] x86/fpu: xstate_offset[9]:  832, xstate_sizes[9]:    8
[    0.156958] x86/fpu: xstate_offset[11]:  840, xstate_sizes[11]:   16
[    0.156959] x86/fpu: xstate_offset[12]:  856, xstate_sizes[12]:   24
[    0.156960] x86/fpu: Enabled xstate features 0x1a07, context size is 880 bytes, using 'compacted' format.
[    0.170050] pid_max: default: 32768 minimum: 301
[    0.170134] landlock: Up and running.
[    0.170135] Yama: becoming mindful.
[    0.170242] LSM support for eBPF active
[    0.170321] Mount-cache hash table entries: 131072 (order: 8, 1048576 bytes, linear)
[    0.170373] Mountpoint-cache hash table entries: 131072 (order: 8, 1048576 bytes, linear)
[    0.170420] VFS: Finished mounting rootfs on nullfs
[    0.170777] smpboot: CPU0: 12th Gen Intel(R) Core(TM) i7-12700K (family: 0x6, model: 0x97, stepping: 0x2)
[    0.170777] Performance Events: XSAVE Architectural LBR, PEBS fmt4+-baseline,  AnyThread deprecated, Alderlake Hybrid events, 32-deep LBR, full-width counters, Intel PMU driver.
[    0.170777] core: cpu_core PMU driver: 
[    0.170777] ... version:                   5
[    0.170777] ... bit width:                 48
[    0.170777] ... generic counters:          8
[    0.170777] ... generic bitmap:            00000000000000ff
[    0.170777] ... fixed-purpose counters:    4
[    0.170777] ... fixed-purpose bitmap:      000000000000000f
[    0.170777] ... value mask:                0000ffffffffffff
[    0.170777] ... max period:                00007fffffffffff
[    0.170777] ... global_ctrl mask:          0001000f000000ff
[    0.170777] signal: max sigframe size: 3632
[    0.170777] Estimated ratio of average max frequency by base frequency (times 1024): 1393
[    0.170777] rcu: Hierarchical SRCU implementation.
[    0.170777] rcu: 	Max phase no-delay instances is 400.
[    0.170777] Timer migration: 2 hierarchy levels; 8 children per group; 2 crossnode level
[    0.170809] smp: Bringing up secondary CPUs ...
[    0.170852] smpboot: x86: Booting SMP configuration:
[    0.170852] .... node  #0, CPUs:        #2  #4  #6  #8 #10 #12 #14 #16 #17 #18 #19
[    0.005532] core: cpu_atom PMU driver: 
[    0.005532] ... version:                   5
[    0.005532] ... bit width:                 48
[    0.005532] ... generic counters:          6
[    0.005532] ... generic bitmap:            000000000000003f
[    0.005532] ... fixed-purpose counters:    3
[    0.005532] ... fixed-purpose bitmap:      0000000000000007
[    0.005532] ... value mask:                0000ffffffffffff
[    0.005532] ... max period:                00007fffffffffff
[    0.005532] ... global_ctrl mask:          000000070000003f
[    0.175852]   #1  #3  #5  #7  #9 #11 #13 #15
[    0.179805] smp: Brought up 1 node, 20 CPUs
[    0.179807] smpboot: Total of 20 processors activated (144384.00 BogoMIPS)
[    0.180925] Memory: 65234300K/66818236K available (22289K kernel code, 2916K rwdata, 17020K rodata, 4792K init, 4344K bss, 1564120K reserved, 0K cma-reserved)
[    0.181948] devtmpfs: initialized
[    0.181948] x86/mm: Memory block size: 2048MB
[    0.182178] ACPI: PM: Registering ACPI NVS region [mem 0x7059f000-0x7079efff] (2097152 bytes)
[    0.182178] posixtimers hash table entries: 16384 (order: 6, 262144 bytes, linear)
[    0.182178] futex hash table entries: 8192 (524288 bytes on 1 NUMA nodes, total 512 KiB, linear).
[    0.182178] xor: automatically using best checksumming function   avx       
[    0.182778] PM: RTC time: 20:13:47, date: 2026-07-30
[    0.183039] NET: Registered PF_NETLINK/PF_ROUTE protocol family
[    0.183280] DMA: preallocated 4096 KiB GFP_KERNEL pool for atomic allocations
[    0.183479] DMA: preallocated 4096 KiB GFP_KERNEL|GFP_DMA pool for atomic allocations
[    0.183731] DMA: preallocated 4096 KiB GFP_KERNEL|GFP_DMA32 pool for atomic allocations
[    0.183734] audit: initializing netlink subsys (disabled)
[    0.183783] audit: type=2000 audit(1785442427.034:1): state=initialized audit_enabled=0 res=1
[    0.183828] thermal_sys: Registered thermal governor 'fair_share'
[    0.183829] thermal_sys: Registered thermal governor 'bang_bang'
[    0.183829] thermal_sys: Registered thermal governor 'step_wise'
[    0.183829] thermal_sys: Registered thermal governor 'user_space'
[    0.183830] thermal_sys: Registered thermal governor 'power_allocator'
[    0.183834] cpuidle: using governor ladder
[    0.183834] cpuidle: using governor menu
[    0.183834] Freeing SMP alternatives memory: 64K
[    0.185884] efi: Freeing EFI boot services memory: 165332K
[    0.185886] ACPI FADT declares the system doesn't support PCIe ASPM, so disable it
[    0.185887] acpiphp: ACPI Hot Plug PCI Controller Driver version: 0.5
[    0.185988] PCI: ECAM [mem 0xc0000000-0xcfffffff] (base 0xc0000000) for domain 0000 [bus 00-ff]
[    0.185998] PCI: Using configuration type 1 for base access
[    0.186016] virt/tdx: TDX not supported by the host platform
[    0.186802] kprobes: kprobe jump-optimization is enabled. All kprobes are optimized if possible.
[    0.186834] HugeTLB: registered 1.00 GiB page size, pre-allocated 0 pages
[    0.186834] HugeTLB: 16380 KiB vmemmap can be freed for a 1.00 GiB page
[    0.186834] HugeTLB: registered 2.00 MiB page size, pre-allocated 0 pages
[    0.186834] HugeTLB: 28 KiB vmemmap can be freed for a 2.00 MiB page
[    0.187211] raid6: skipped pq benchmark and selected avx2x4
[    0.187212] raid6: using avx2x2 recovery algorithm
[    0.187249] ACPI: Added _OSI(Module Device)
[    0.187250] ACPI: Added _OSI(Processor Device)
[    0.187250] ACPI: Added _OSI(Processor Aggregator Device)
[    0.247066] ACPI: 12 ACPI AML tables successfully acquired and loaded
[    0.253804] ACPI: \_SB_: platform _OSC: OS support mask [006e7eff]
[    0.254209] ACPI: \_SB_: platform _OSC: OS control mask [006a7efb]
[    0.255088] ACPI: Dynamic OEM Table Load:
[    0.255093] ACPI: SSDT 0xFFFF8E5C814F6C00 000394 (v02 PmRef  Cpu0Cst  00003001 INTL 20200717)
[    0.255763] ACPI: Dynamic OEM Table Load:
[    0.255767] ACPI: SSDT 0xFFFF8E5C803F0800 0006CB (v02 PmRef  Cpu0Ist  00003000 INTL 20200717)
[    0.256449] ACPI: Dynamic OEM Table Load:
[    0.256452] ACPI: SSDT 0xFFFF8E5C802F6400 0001AB (v02 PmRef  Cpu0Psd  00003000 INTL 20200717)
[    0.257075] ACPI: Dynamic OEM Table Load:
[    0.257077] ACPI: SSDT 0xFFFF8E5C803F1000 0004B5 (v02 PmRef  Cpu0Hwp  00003000 INTL 20200717)
[    0.257942] ACPI: Dynamic OEM Table Load:
[    0.257946] ACPI: SSDT 0xFFFF8E5C815A8000 001BAF (v02 PmRef  ApIst    00003000 INTL 20200717)
[    0.258992] ACPI: Dynamic OEM Table Load:
[    0.258995] ACPI: SSDT 0xFFFF8E5C82C12000 001038 (v02 PmRef  ApHwp    00003000 INTL 20200717)
[    0.259919] ACPI: Dynamic OEM Table Load:
[    0.259922] ACPI: SSDT 0xFFFF8E5C82C16000 001349 (v02 PmRef  ApPsd    00003000 INTL 20200717)
[    0.262470] ACPI: Dynamic OEM Table Load:
[    0.262479] ACPI: SSDT 0xFFFF8E5C815A6000 000FBB (v02 PmRef  ApCst    00003000 INTL 20200717)
[    0.272076] ACPI: Interpreter enabled
[    0.272129] ACPI: PM: (supports S0 S3 S4 S5)
[    0.272130] ACPI: Using IOAPIC for interrupt routing
[    0.273386] PCI: Using host bridge windows from ACPI; if necessary, use "pci=nocrs" and report a bug
[    0.273387] PCI: Ignoring E820 reservations for host bridge windows
[    0.274718] ACPI: Enabled 6 GPEs in block 00 to 7F
[    0.282896] ACPI: \_SB_.PC00.RP03.PXSX.WRST: New power resource
[    0.282916] ACPI: \_SB_.PC00.RP03.PXSX.DRST: New power resource
[    0.293074] ACPI: \_SB_.PC00.XHCI.RHUB.HS14.BTRT: New power resource
[    0.304622] ACPI: \_SB_.PC00.CNVW.WRST: New power resource
[    0.316802] ACPI: \_TZ_.FN00: New power resource
[    0.316853] ACPI: \_TZ_.FN01: New power resource
[    0.316900] ACPI: \_TZ_.FN02: New power resource
[    0.316948] ACPI: \_TZ_.FN03: New power resource
[    0.316995] ACPI: \_TZ_.FN04: New power resource
[    0.317464] ACPI: \PIN_: New power resource
[    0.317741] ACPI: PCI Root Bridge [PC00] (domain 0000 [bus 00-fe])
[    0.317745] acpi PNP0A08:00: _OSC: OS supports [ExtendedConfig ASPM ClockPM Segments MSI EDR HPX-Type3]
[    0.321141] acpi PNP0A08:00: _OSC: OS now controls [PCIeHotplug SHPCHotplug PME AER PCIeCapability LTR DPC]
[    0.321143] acpi PNP0A08:00: FADT indicates ASPM is unsupported, using BIOS configuration
[    0.322387] PCI host bridge to bus 0000:00
[    0.322389] pci_bus 0000:00: root bus resource [io  0x0000-0x0cf7 window]
[    0.322391] pci_bus 0000:00: root bus resource [io  0x0d00-0xffff window]
[    0.322392] pci_bus 0000:00: root bus resource [mem 0x000a0000-0x000bffff window]
[    0.322393] pci_bus 0000:00: root bus resource [mem 0x80800000-0xbfffffff window]
[    0.322394] pci_bus 0000:00: root bus resource [mem 0x4000000000-0x7fffffffff window]
[    0.322395] pci_bus 0000:00: root bus resource [bus 00-fe]
[    0.322428] pci 0000:00:00.0: [8086:4668] type 00 class 0x060000 conventional PCI endpoint
[    0.322539] pci 0000:00:01.0: [8086:460d] type 01 class 0x060400 PCIe Root Port
[    0.322550] pci 0000:00:01.0: PCI bridge to [bus 01]
[    0.322552] pci 0000:00:01.0:   bridge window [io  0x4000-0x4fff]
[    0.322554] pci 0000:00:01.0:   bridge window [mem 0x81000000-0x820fffff]
[    0.322558] pci 0000:00:01.0:   bridge window [mem 0x6000000000-0x6201ffffff 64bit pref]
[    0.322592] pci 0000:00:01.0: PME# supported from D0 D3hot D3cold
[    0.323193] pci 0000:00:02.0: [8086:4680] type 00 class 0x038000 PCIe Root Complex Integrated Endpoint
[    0.323205] pci 0000:00:02.0: BAR 0 [mem 0x6203000000-0x6203ffffff 64bit]
[    0.323207] pci 0000:00:02.0: BAR 2 [mem 0x4000000000-0x400fffffff 64bit pref]
[    0.323208] pci 0000:00:02.0: BAR 4 [io  0x5000-0x503f]
[    0.323217] pci 0000:00:02.0: DMAR: Skip IOMMU disabling for graphics
[    0.323238] pci 0000:00:02.0: VF BAR 0 [mem 0x00000000-0x00ffffff 64bit]
[    0.323240] pci 0000:00:02.0: VF BAR 0 [mem 0x00000000-0x06ffffff 64bit]: contains BAR 0 for 7 VFs
[    0.323242] pci 0000:00:02.0: VF BAR 2 [mem 0x00000000-0x1fffffff 64bit pref]
[    0.323242] pci 0000:00:02.0: VF BAR 2 [mem 0x00000000-0xdfffffff 64bit pref]: contains BAR 2 for 7 VFs
[    0.323396] pci 0000:00:06.0: [8086:464d] type 01 class 0x060400 PCIe Root Port
[    0.323407] pci 0000:00:06.0: PCI bridge to [bus 02]
[    0.323410] pci 0000:00:06.0:   bridge window [mem 0x82f00000-0x82ffffff]
[    0.323451] pci 0000:00:06.0: PME# supported from D0 D3hot D3cold
[    0.324048] pci 0000:00:08.0: [8086:464f] type 00 class 0x088000 conventional PCI endpoint
[    0.324063] pci 0000:00:08.0: BAR 0 [mem 0x620412b000-0x620412bfff 64bit]
[    0.324140] pci 0000:00:0a.0: [8086:467d] type 00 class 0x118000 PCIe Root Complex Integrated Endpoint
[    0.324154] pci 0000:00:0a.0: BAR 0 [mem 0x6204110000-0x6204117fff 64bit]
[    0.324159] pci 0000:00:0a.0: enabling Extended Tags
[    0.324258] pci 0000:00:14.0: [8086:7ae0] type 00 class 0x0c0330 conventional PCI endpoint
[    0.324295] pci 0000:00:14.0: BAR 0 [mem 0x6204100000-0x620410ffff 64bit]
[    0.324337] pci 0000:00:14.0: PME# supported from D3hot D3cold
[    0.325041] pci 0000:00:14.2: [8086:7aa7] type 00 class 0x050000 conventional PCI endpoint
[    0.325086] pci 0000:00:14.2: BAR 0 [mem 0x6204124000-0x6204127fff 64bit]
[    0.325090] pci 0000:00:14.2: BAR 2 [mem 0x620412a000-0x620412afff 64bit]
[    0.325204] pci 0000:00:16.0: [8086:7ae8] type 00 class 0x078000 conventional PCI endpoint
[    0.325253] pci 0000:00:16.0: BAR 0 [mem 0x6204129000-0x6204129fff 64bit]
[    0.325305] pci 0000:00:16.0: PME# supported from D3hot
[    0.325891] pci 0000:00:17.0: [8086:7ae2] type 00 class 0x010601 conventional PCI endpoint
[    0.325927] pci 0000:00:17.0: BAR 0 [mem 0x83000000-0x83001fff]
[    0.325929] pci 0000:00:17.0: BAR 1 [mem 0x83003000-0x830030ff]
[    0.325930] pci 0000:00:17.0: BAR 2 [io  0x5090-0x5097]
[    0.325932] pci 0000:00:17.0: BAR 3 [io  0x5080-0x5083]
[    0.325934] pci 0000:00:17.0: BAR 4 [io  0x5060-0x507f]
[    0.325936] pci 0000:00:17.0: BAR 5 [mem 0x83002000-0x830027ff]
[    0.325969] pci 0000:00:17.0: PME# supported from D3hot
[    0.326303] pci 0000:00:1a.0: [8086:7ac8] type 01 class 0x060400 PCIe Root Port
[    0.326327] pci 0000:00:1a.0: PCI bridge to [bus 03]
[    0.326332] pci 0000:00:1a.0:   bridge window [mem 0x82e00000-0x82efffff]
[    0.326423] pci 0000:00:1a.0: PME# supported from D0 D3hot D3cold
[    0.327100] pci 0000:00:1c.0: [8086:7ab8] type 01 class 0x060400 PCIe Root Port
[    0.327124] pci 0000:00:1c.0: PCI bridge to [bus 04]
[    0.327127] pci 0000:00:1c.0:   bridge window [io  0x3000-0x3fff]
[    0.327130] pci 0000:00:1c.0:   bridge window [mem 0x82100000-0x82afffff]
[    0.327139] pci 0000:00:1c.0:   bridge window [mem 0x6202100000-0x6202afffff 64bit pref]
[    0.327158] pci 0000:00:1c.0: removing 2.5GT/s downstream link speed restriction
[    1.326791] pci 0000:00:1c.0: retraining failed
[    2.328471] pci 0000:00:1c.2: [8086:7aba] type 01 class 0x060400 PCIe Root Port
[    2.328494] pci 0000:00:1c.2: PCI bridge to [bus 05]
[    2.328500] pci 0000:00:1c.2:   bridge window [mem 0x82b00000-0x82cfffff]
[    2.328581] pci 0000:00:1c.2: PME# supported from D0 D3hot D3cold
[    2.329234] pci 0000:00:1d.0: [8086:7ab0] type 01 class 0x060400 PCIe Root Port
[    2.329257] pci 0000:00:1d.0: PCI bridge to [bus 06]
[    2.329263] pci 0000:00:1d.0:   bridge window [mem 0x82d00000-0x82dfffff]
[    2.329344] pci 0000:00:1d.0: PME# supported from D0 D3hot D3cold
[    2.329992] pci 0000:00:1f.0: [8086:7a84] type 00 class 0x060100 conventional PCI endpoint
[    2.330346] pci 0000:00:1f.3: [8086:7ad0] type 00 class 0x040300 conventional PCI endpoint
[    2.330443] pci 0000:00:1f.3: BAR 0 [mem 0x6204120000-0x6204123fff 64bit]
[    2.330454] pci 0000:00:1f.3: BAR 4 [mem 0x6204000000-0x62040fffff 64bit]
[    2.330547] pci 0000:00:1f.3: PME# supported from D3hot D3cold
[    2.330643] pci 0000:00:1f.4: [8086:7aa3] type 00 class 0x0c0500 conventional PCI endpoint
[    2.330691] pci 0000:00:1f.4: BAR 0 [mem 0x6204128000-0x62041280ff 64bit]
[    2.330698] pci 0000:00:1f.4: BAR 4 [io  0xefa0-0xefbf]
[    2.330948] pci 0000:00:1f.5: [8086:7aa4] type 00 class 0x0c8000 conventional PCI endpoint
[    2.330999] pci 0000:00:1f.5: BAR 0 [mem 0xfe010000-0xfe010fff]
[    2.331091] pci 0000:01:00.0: [10de:2482] type 00 class 0x030000 PCIe Legacy Endpoint
[    2.331111] pci 0000:01:00.0: BAR 0 [mem 0x81000000-0x81ffffff]
[    2.331113] pci 0000:01:00.0: BAR 1 [mem 0x6000000000-0x61ffffffff 64bit pref]
[    2.331115] pci 0000:01:00.0: BAR 3 [mem 0x6200000000-0x6201ffffff 64bit pref]
[    2.331116] pci 0000:01:00.0: BAR 5 [io  0x4000-0x407f]
[    2.331117] pci 0000:01:00.0: ROM [mem 0x82000000-0x8207ffff pref]
[    2.331159] pci 0000:01:00.0: PME# supported from D0 D3hot
[    2.331304] pci 0000:01:00.1: [10de:228b] type 00 class 0x040300 PCIe Endpoint
[    2.331323] pci 0000:01:00.1: BAR 0 [mem 0x82080000-0x82083fff]
[    2.331406] pci 0000:00:01.0: PCI bridge to [bus 01]
[    2.331449] pci 0000:02:00.0: [144d:a809] type 00 class 0x010802 PCIe Endpoint
[    2.331478] pci 0000:02:00.0: BAR 0 [mem 0x82f00000-0x82f03fff 64bit]
[    2.331651] pci 0000:00:06.0: PCI bridge to [bus 02]
[    2.331736] pci 0000:03:00.0: [144d:a80c] type 00 class 0x010802 PCIe Endpoint
[    2.331786] pci 0000:03:00.0: BAR 0 [mem 0x82e00000-0x82e03fff 64bit]
[    2.332101] pci 0000:00:1a.0: PCI bridge to [bus 03]
[    2.332149] pci 0000:00:1c.0: PCI bridge to [bus 04]
[    2.332244] pci 0000:05:00.0: [8086:15f3] type 00 class 0x020000 PCIe Endpoint
[    2.332302] pci 0000:05:00.0: BAR 0 [mem 0x82b00000-0x82bfffff]
[    2.332308] pci 0000:05:00.0: BAR 3 [mem 0x82c00000-0x82c03fff]
[    2.332429] pci 0000:05:00.0: PME# supported from D0 D3hot D3cold
[    2.333323] pci 0000:00:1c.2: PCI bridge to [bus 05]
[    2.333409] pci 0000:06:00.0: [144d:a80a] type 00 class 0x010802 PCIe Endpoint
[    2.333462] pci 0000:06:00.0: BAR 0 [mem 0x82d00000-0x82d03fff 64bit]
[    2.333733] pci 0000:06:00.0: 31.504 Gb/s available PCIe bandwidth, limited by 8.0 GT/s PCIe x4 link at 0000:00:1d.0 (capable of 63.012 Gb/s with 16.0 GT/s PCIe x4 link)
[    2.333822] pci 0000:00:1d.0: PCI bridge to [bus 06]
[    2.336943] ACPI: PCI: Interrupt link LNKA configured for IRQ 0
[    2.337048] ACPI: PCI: Interrupt link LNKB configured for IRQ 1
[    2.337151] ACPI: PCI: Interrupt link LNKC configured for IRQ 0
[    2.337253] ACPI: PCI: Interrupt link LNKD configured for IRQ 0
[    2.337354] ACPI: PCI: Interrupt link LNKE configured for IRQ 0
[    2.337456] ACPI: PCI: Interrupt link LNKF configured for IRQ 0
[    2.337557] ACPI: PCI: Interrupt link LNKG configured for IRQ 0
[    2.337659] ACPI: PCI: Interrupt link LNKH configured for IRQ 0
[    2.344800] iommu: Default domain type: Translated
[    2.344800] iommu: DMA domain TLB invalidation policy: lazy mode
[    2.344850] SCSI subsystem initialized
[    2.345781] libata version 3.00 loaded.
[    2.345783] ACPI: bus type USB registered
[    2.345793] usbcore: registered new interface driver usbfs
[    2.345799] usbcore: registered new interface driver hub
[    2.345802] usbcore: registered new device driver usb
[    2.345825] EDAC MC: Ver: 3.0.0
[    2.345895] efivars: Registered efivars operations
[    2.345895] NetLabel: Initializing
[    2.345895] NetLabel:  domain hash size = 128
[    2.345895] NetLabel:  protocols = UNLABELED CIPSOv4 CALIPSO
[    2.345895] NetLabel:  unlabeled traffic allowed by default
[    2.345895] mctp: management component transport protocol core
[    2.345895] NET: Registered PF_MCTP protocol family
[    2.345895] PCI: Using ACPI for IRQ routing
[    2.367604] PCI: pci_cache_line_size set to 64 bytes
[    2.367639] pci 0000:00:1f.5: BAR 0 [mem 0xfe010000-0xfe010fff]: can't claim; no compatible bridge window
[    2.367684] e820: register RAM buffer resource [mem 0x0009e000-0x0009ffff]
[    2.367685] e820: register RAM buffer resource [mem 0x69e76000-0x6bffffff]
[    2.367686] e820: register RAM buffer resource [mem 0x6ac36000-0x6bffffff]
[    2.367687] e820: register RAM buffer resource [mem 0x6ec90000-0x6fffffff]
[    2.367687] e820: register RAM buffer resource [mem 0x75c00000-0x77ffffff]
[    2.367687] e820: register RAM buffer resource [mem 0x107f800000-0x107fffffff]
[    2.367826] pci 0000:01:00.0: vgaarb: setting as boot VGA device
[    2.367826] pci 0000:01:00.0: vgaarb: bridge control possible
[    2.367826] pci 0000:01:00.0: vgaarb: VGA device added: decodes=io+mem,owns=none,locks=none
[    2.367826] vgaarb: loaded
[    2.368845] hpet0: at MMIO 0xfed00000, IRQs 2, 8, 0, 0, 0, 0, 0, 0
[    2.368845] hpet0: 8 comparators, 64-bit 19.200000 MHz counter
[    2.370828] clocksource: Switched to clocksource tsc-early
[    2.370935] VFS: Disk quotas dquot_6.6.0
[    2.370944] VFS: Dquot-cache hash table entries: 512 (order 0, 4096 bytes)
[    2.371180] acpi PNP0C02:00: Reserved [io  0x0a00-0x0a0f]
[    2.371182] acpi PNP0C02:00: Reserved [io  0x0a10-0x0a1f]
[    2.371183] acpi PNP0C02:00: Reserved [io  0x0a20-0x0a2f]
[    2.371189] acpi PNP0C02:01: Skipped [io  0x002e-0x002f]
[    2.371190] acpi PNP0C02:01: Skipped [io  0x004e-0x004f]
[    2.371190] acpi PNP0C02:01: Skipped [io  0x0061]
[    2.371191] acpi PNP0C02:01: Skipped [io  0x0063]
[    2.371192] acpi PNP0C02:01: Skipped [io  0x0065]
[    2.371192] acpi PNP0C02:01: Skipped [io  0x0067]
[    2.371193] acpi PNP0C02:01: Skipped [io  0x0070]
[    2.371194] acpi PNP0C02:01: Skipped [io  0x0080]
[    2.371194] acpi PNP0C02:01: Skipped [io  0x0092]
[    2.371195] acpi PNP0C02:01: Skipped [io  0x00b2-0x00b3]
[    2.371196] acpi PNP0C02:01: Reserved [io  0x0680-0x069f]
[    2.371196] acpi PNP0C02:01: Reserved [io  0x164e-0x164f]
[    2.371277] acpi PNP0C02:02: Reserved [mem 0xfedc0000-0xfedc7fff]
[    2.371278] acpi PNP0C02:02: Reserved [mem 0xfeda0000-0xfeda0fff]
[    2.371279] acpi PNP0C02:02: Reserved [mem 0xfeda1000-0xfeda1fff]
[    2.371280] acpi PNP0C02:02: Reserved [mem 0xc0000000-0xcfffffff]
[    2.371281] acpi PNP0C02:02: Could not reserve [mem 0xfed20000-0xfed7ffff]
[    2.371282] acpi PNP0C02:02: Could not reserve [mem 0xfed90000-0xfed93fff]
[    2.371283] acpi PNP0C02:02: Could not reserve [mem 0xfed45000-0xfed8ffff]
[    2.371284] acpi PNP0C02:02: Could not reserve [mem 0xfee00000-0xfeefffff]
[    2.371557] acpi PNP0C02:03: Could not reserve [mem 0xfe000000-0xfe01ffff]
[    2.371558] acpi PNP0C02:03: Reserved [mem 0xfe04c000-0xfe04ffff]
[    2.371559] acpi PNP0C02:03: Reserved [mem 0xfe050000-0xfe0affff]
[    2.371560] acpi PNP0C02:03: Reserved [mem 0xfe0d0000-0xfe0fffff]
[    2.371561] acpi PNP0C02:03: Reserved [mem 0xfe200000-0xfe7fffff]
[    2.371562] acpi PNP0C02:03: Reserved [mem 0xff000000-0xffffffff]
[    2.371563] acpi PNP0C02:03: Could not reserve [io  0x1800-0x18fe]
[    2.371564] acpi PNP0C02:03: Reserved [mem 0xe0000000-0xe068ffff]
[    2.371564] acpi PNP0C02:03: Reserved [mem 0xe06c0000-0xe06cffff]
[    2.371565] acpi PNP0C02:03: Reserved [mem 0xe06f0000-0xefffffff]
[    2.371747] acpi PNP0C02:04: Reserved [io  0x2000-0x20fe]
[    2.372149] pnp: PnP ACPI init
[    2.374830] pnp: PnP ACPI: found 0 devices
[    2.380140] clocksource: acpi_pm: mask: 0xffffff max_cycles: 0xffffff, max_idle_ns: 2085701024 ns
[    2.380194] NET: Registered PF_INET protocol family
[    2.380331] IP idents hash table entries: 262144 (order: 9, 2097152 bytes, linear)
[    2.392556] tcp_listen_portaddr_hash hash table entries: 32768 (order: 7, 524288 bytes, linear)
[    2.392588] Table-perturb hash table entries: 65536 (order: 6, 262144 bytes, linear)
[    2.392804] TCP established hash table entries: 524288 (order: 10, 4194304 bytes, linear)
[    2.393238] TCP bind hash table entries: 65536 (order: 9, 2097152 bytes, linear)
[    2.393316] TCP: Hash tables configured (established 524288 bind 65536)
[    2.393492] MPTCP token hash table entries: 65536 (order: 9, 1572864 bytes, linear)
[    2.393687] UDP hash table entries: 32768 (order: 9, 2097152 bytes, linear)
[    2.393838] NET: Registered PF_UNIX/PF_LOCAL protocol family
[    2.393844] NET: Registered PF_XDP protocol family
[    2.393857] pci 0000:00:02.0: VF BAR 2 [mem 0x4020000000-0x40ffffffff 64bit pref]: assigned
[    2.393861] pci 0000:00:02.0: VF BAR 0 [mem 0x4010000000-0x4016ffffff 64bit]: assigned
[    2.393863] pci 0000:00:1f.5: BAR 0 [mem 0x80800000-0x80800fff]: assigned
[    2.393879] pci 0000:00:01.0: PCI bridge to [bus 01]
[    2.393881] pci 0000:00:01.0:   bridge window [io  0x4000-0x4fff]
[    2.393883] pci 0000:00:01.0:   bridge window [mem 0x81000000-0x820fffff]
[    2.393884] pci 0000:00:01.0:   bridge window [mem 0x6000000000-0x6201ffffff 64bit pref]
[    2.393887] pci 0000:00:06.0: PCI bridge to [bus 02]
[    2.393889] pci 0000:00:06.0:   bridge window [mem 0x82f00000-0x82ffffff]
[    2.393892] pci 0000:00:1a.0: PCI bridge to [bus 03]
[    2.393901] pci 0000:00:1a.0:   bridge window [mem 0x82e00000-0x82efffff]
[    2.393907] pci 0000:00:1c.0: PCI bridge to [bus 04]
[    2.393908] pci 0000:00:1c.0:   bridge window [io  0x3000-0x3fff]
[    2.393912] pci 0000:00:1c.0:   bridge window [mem 0x82100000-0x82afffff]
[    2.393914] pci 0000:00:1c.0:   bridge window [mem 0x6202100000-0x6202afffff 64bit pref]
[    2.393919] pci 0000:00:1c.2: PCI bridge to [bus 05]
[    2.393922] pci 0000:00:1c.2:   bridge window [mem 0x82b00000-0x82cfffff]
[    2.393928] pci 0000:00:1d.0: PCI bridge to [bus 06]
[    2.393931] pci 0000:00:1d.0:   bridge window [mem 0x82d00000-0x82dfffff]
[    2.393937] pci_bus 0000:00: resource 4 [io  0x0000-0x0cf7 window]
[    2.393939] pci_bus 0000:00: resource 5 [io  0x0d00-0xffff window]
[    2.393940] pci_bus 0000:00: resource 6 [mem 0x000a0000-0x000bffff window]
[    2.393940] pci_bus 0000:00: resource 7 [mem 0x80800000-0xbfffffff window]
[    2.393941] pci_bus 0000:00: resource 8 [mem 0x4000000000-0x7fffffffff window]
[    2.393942] pci_bus 0000:01: resource 0 [io  0x4000-0x4fff]
[    2.393943] pci_bus 0000:01: resource 1 [mem 0x81000000-0x820fffff]
[    2.393944] pci_bus 0000:01: resource 2 [mem 0x6000000000-0x6201ffffff 64bit pref]
[    2.393945] pci_bus 0000:02: resource 1 [mem 0x82f00000-0x82ffffff]
[    2.393946] pci_bus 0000:03: resource 1 [mem 0x82e00000-0x82efffff]
[    2.393947] pci_bus 0000:04: resource 0 [io  0x3000-0x3fff]
[    2.393948] pci_bus 0000:04: resource 1 [mem 0x82100000-0x82afffff]
[    2.393948] pci_bus 0000:04: resource 2 [mem 0x6202100000-0x6202afffff 64bit pref]
[    2.393949] pci_bus 0000:05: resource 1 [mem 0x82b00000-0x82cfffff]
[    2.393950] pci_bus 0000:06: resource 1 [mem 0x82d00000-0x82dfffff]
[    2.394354] pci 0000:01:00.1: extending delay after power-on from D3hot to 20 msec
[    2.394376] pci 0000:01:00.1: D0 power state depends on 0000:01:00.0
[    2.394396] PCI: CLS 64 bytes, default 64
[    2.394427] PCI-DMA: Using software bounce buffering for IO (SWIOTLB)
[    2.394428] software IO TLB: mapped [mem 0x000000005c276000-0x0000000060276000] (64MB)
[    2.394449] clocksource: tsc: mask: 0xffffffffffffffff max_cycles: 0x3407c077a8d, max_idle_ns: 440795342283 ns
[    2.394649] Trying to unpack rootfs image as initramfs...
[    2.395013] clocksource: Switched to clocksource tsc
[    2.395031] platform rtc_cmos: registered fallback platform RTC device
[    2.399227] Initialise system trusted keyrings
[    2.399233] Key type blacklist registered
[    2.399269] workingset: timestamp_bits=36 (anon: 32) max_order=24 bucket_order=0 (anon: 0)
[    2.399410] fuse: init (API version 7.45)
[    2.399450] integrity: Platform Keyring initialized
[    2.399451] integrity: Machine keyring initialized
[    2.402855] Key type asymmetric registered
[    2.402856] Asymmetric key parser 'x509' registered
[    2.402866] Block layer SCSI generic (bsg) driver version 0.4 loaded (major 245)
[    2.402913] io scheduler mq-deadline registered
[    2.402914] io scheduler kyber registered
[    2.402915] Adaptive Deadline I/O Scheduler 3.2.0 by Masahito Suzuki
[    2.402916] io scheduler adios registered
[    2.402922] io scheduler bfq registered
[    2.403806] ledtrig-cpu: registered to indicate activity on CPUs
[    2.403969] pcieport 0000:00:01.0: PME: Signaling with IRQ 120
[    2.404130] pcieport 0000:00:06.0: PME: Signaling with IRQ 121
[    2.404315] pcieport 0000:00:1a.0: PME: Signaling with IRQ 122
[    2.404440] pcieport 0000:00:1c.0: PME: Signaling with IRQ 123
[    2.404456] pcieport 0000:00:1c.0: pciehp: Slot #0 AttnBtn- PwrCtrl- MRL- AttnInd- PwrInd- HotPlug+ Surprise+ Interlock- NoCompl+ IbPresDis- LLActRep+
[    2.404753] pcieport 0000:00:1c.2: PME: Signaling with IRQ 124
[    2.404906] pcieport 0000:00:1d.0: PME: Signaling with IRQ 125
[    2.405077] input: Sleep Button as /devices/platform/PNP0C0E:00/input/input0
[    2.405087] ACPI: button: Sleep Button [SLPB]
[    2.405102] input: Power Button as /devices/platform/PNP0C0C:00/input/input1
[    2.405110] ACPI: button: Power Button [PWRB]
[    2.405120] input: Power Button as /devices/platform/LNXPWRBN:00/input/input2
[    2.405136] ACPI: button: Power Button [PWRF]
[    2.408591] acpi LNXTHERM:00: registered as thermal_zone0
[    2.408592] ACPI: thermal: Thermal Zone [TZ00] (28 C)
[    2.408703] Serial: 8250/16550 driver, 32 ports, IRQ sharing enabled
[    2.409044] serial8250: ttyS0 at I/O 0x3f8 (irq = 4, base_baud = 115200) is a 16550A
[    2.409882] Non-volatile memory driver v1.3
[    2.452257] ahci 0000:00:17.0: AHCI vers 0001.0301, 32 command slots, 6 Gbps, SATA mode
[    2.452260] ahci 0000:00:17.0: 8/8 ports implemented (port mask 0xff)
[    2.452262] ahci 0000:00:17.0: flags: 64bit ncq sntf led clo only pio slum part ems deso sadm sds 
[    2.466016] scsi host0: ahci
[    2.466161] scsi host1: ahci
[    2.466274] scsi host2: ahci
[    2.466346] scsi host3: ahci
[    2.466385] scsi host4: ahci
[    2.466423] scsi host5: ahci
[    2.466462] scsi host6: ahci
[    2.466498] scsi host7: ahci
[    2.466519] ata1: SATA max UDMA/133 abar m2048@0x83002000 port 0x83002100 irq 126 lpm-pol 3
[    2.466520] ata2: SATA max UDMA/133 abar m2048@0x83002000 port 0x83002180 irq 126 lpm-pol 3
[    2.466522] ata3: SATA max UDMA/133 abar m2048@0x83002000 port 0x83002200 irq 126 lpm-pol 3
[    2.466523] ata4: SATA max UDMA/133 abar m2048@0x83002000 port 0x83002280 irq 126 lpm-pol 3
[    2.466524] ata5: SATA max UDMA/133 abar m2048@0x83002000 port 0x83002300 irq 126 lpm-pol 3
[    2.466526] ata6: SATA max UDMA/133 abar m2048@0x83002000 port 0x83002380 irq 126 lpm-pol 3
[    2.466527] ata7: SATA max UDMA/133 abar m2048@0x83002000 port 0x83002400 irq 126 lpm-pol 3
[    2.466528] ata8: SATA max UDMA/133 abar m2048@0x83002000 port 0x83002480 irq 126 lpm-pol 3
[    2.466770] ACPI: bus type drm_connector registered
[    2.467713] xhci_hcd 0000:00:14.0: xHCI Host Controller
[    2.467716] xhci_hcd 0000:00:14.0: new USB bus registered, assigned bus number 1
[    2.468797] xhci_hcd 0000:00:14.0: hcc params 0x20007fc1 hci version 0x120 quirks 0x0000000200009810
[    2.469039] xhci_hcd 0000:00:14.0: xHCI Host Controller
[    2.469041] xhci_hcd 0000:00:14.0: new USB bus registered, assigned bus number 2
[    2.469041] xhci_hcd 0000:00:14.0: Host supports USB 3.2 Enhanced SuperSpeed
[    2.469061] usb usb1: New USB device found, idVendor=1d6b, idProduct=0002, bcdDevice= 7.01
[    2.469062] usb usb1: New USB device strings: Mfr=3, Product=2, SerialNumber=1
[    2.469063] usb usb1: Product: xHCI Host Controller
[    2.469063] usb usb1: Manufacturer: Linux 7.1.5-1-cachyos xhci-hcd
[    2.469064] usb usb1: SerialNumber: 0000:00:14.0
[    2.469136] hub 1-0:1.0: USB hub found
[    2.469158] hub 1-0:1.0: 16 ports detected
[    2.470517] usb usb2: New USB device found, idVendor=1d6b, idProduct=0003, bcdDevice= 7.01
[    2.470518] usb usb2: New USB device strings: Mfr=3, Product=2, SerialNumber=1
[    2.470519] usb usb2: Product: xHCI Host Controller
[    2.470519] usb usb2: Manufacturer: Linux 7.1.5-1-cachyos xhci-hcd
[    2.470520] usb usb2: SerialNumber: 0000:00:14.0
[    2.470554] hub 2-0:1.0: USB hub found
[    2.470573] hub 2-0:1.0: 9 ports detected
[    2.471454] usbcore: registered new interface driver usbserial_generic
[    2.471456] usbserial: USB Serial support registered for generic
[    2.471469] i8042: PNP: No PS/2 controller found.
[    2.471540] rtc_cmos rtc_cmos: RTC can wake from S4
[    2.472415] rtc_cmos rtc_cmos: registered as rtc0
[    2.472596] rtc_cmos rtc_cmos: setting system clock to 2026-07-30T20:13:49 UTC (1785442429)
[    2.472628] rtc_cmos rtc_cmos: alarms up to one month, y3k, 114 bytes nvram, hpet irqs
[    2.473216] intel_pstate: Intel P-state driver initializing
[    2.474945] intel_pstate: HWP enabled
[    2.475247] simple-framebuffer simple-framebuffer.0: [drm] Registered 1 planes with drm panic
[    2.475265] [drm] Initialized simpledrm 1.0.0 for simple-framebuffer.0 on minor 0
[    2.476703] fbcon: Deferring console take-over
[    2.476704] simple-framebuffer simple-framebuffer.0: [drm] fb0: simpledrmdrmfb frame buffer device
[    2.476736] hid: raw HID events driver (C) Jiri Kosina
[    2.476750] usbcore: registered new interface driver usbhid
[    2.476751] usbhid: USB HID core driver
[    2.476816] drop_monitor: Initializing network drop monitor service
[    2.476901] NET: Registered PF_INET6 protocol family
[    2.477134] Segment Routing with IPv6
[    2.477135] RPL Segment Routing with IPv6
[    2.477138] In-situ OAM (IOAM) with IPv6
[    2.477150] NET: Registered PF_PACKET protocol family
[    2.478368] microcode: Current revision: 0x0000003e
[    2.478370] microcode: Updated early from: 0x00000038
[    2.478729] IPI shorthand broadcast: enabled
[    2.480211] Piece-Of-Cake (POC) CPU Selector 2.6.2 by Masahito Suzuki [CTZ: HW (TZCNT), PTSelect: HW (PDEP)]
[    2.480224] sched_clock: Marking stable (2475000866, 4532358)->(2501461240, -21928016)
[    2.480581] registered taskstats version 1
[    2.481002] Loading compiled-in X.509 certificates
[    2.506025] Freeing initrd memory: 117996K
[    2.509799] Loaded X.509 cert 'Build time autogenerated kernel key: be28ced024133ea7b8fa340206cc244d488ccdb2'
[    2.510872] zswap: loaded using pool zstd
[    2.510915] Demotion targets for Node 0: null
[    2.511003] Key type .fscrypt registered
[    2.511004] Key type fscrypt-provisioning registered
[    2.511145] Btrfs loaded, zoned=yes, fsverity=yes
[    2.511160] Key type big_key registered
[    2.511378] integrity: Loading X.509 certificate: UEFI:db
[    2.511390] integrity: Loaded X.509 cert 'Microsoft Corporation UEFI CA 2011: 13adbf4309bd82709c8cd54f316ed522988a1bd4'
[    2.511391] integrity: Loading X.509 certificate: UEFI:db
[    2.511396] integrity: Loaded X.509 cert 'Microsoft Windows Production PCA 2011: a92902398e16c49778cd90f99e4f9ae17c55af53'
[    2.511397] integrity: Loading X.509 certificate: UEFI:db
[    2.511403] integrity: Loaded X.509 cert 'Microsoft Corporation: Windows UEFI CA 2023: aefc5fbbbe055d8f8daa585473499417ab5a5272'
[    2.511403] integrity: Loading X.509 certificate: UEFI:db
[    2.511408] integrity: Loaded X.509 cert 'Microsoft UEFI CA 2023: 81aa6b3244c935bce0d6628af39827421e32497d'
[    2.511409] integrity: Loading X.509 certificate: UEFI:db
[    2.511412] integrity: Loaded X.509 cert 'MSI SHIP DB: ebc30d5be5f35f8041c1c2d9e613eee2'
[    2.512252] PM:   Magic number: 2:552:246
[    2.512301] acpi device:89: hash matches
[    2.512308] acpi device:5c: hash matches
[    2.512374] RAS: Correctable Errors collector initialized.
[    2.512486] clk: Disabling unused clocks
[    2.512487] PM: genpd: Disabling unused power domains
[    2.709653] usb 1-2: new full-speed USB device number 2 using xhci_hcd
[    2.772182] ata8: SATA link down (SStatus 4 SControl 300)
[    2.772235] ata5: SATA link down (SStatus 4 SControl 300)
[    2.772339] ata7: SATA link down (SStatus 4 SControl 300)
[    2.772485] ata2: SATA link down (SStatus 4 SControl 300)
[    2.772633] ata3: SATA link down (SStatus 4 SControl 300)
[    2.772691] ata6: SATA link down (SStatus 4 SControl 300)
[    2.772750] ata1: SATA link up 6.0 Gbps (SStatus 133 SControl 300)
[    2.772801] ata4: SATA link down (SStatus 4 SControl 300)
[    2.773276] ata1.00: ATA-10: WDC WD20EZAZ-00L9GB0, 80.00A80, max UDMA/133
[    2.781327] ata1.00: 3907029168 sectors, multi 16: LBA48 NCQ (depth 32), AA
[    2.781342] ata1.00: Features: HIPM DIPM NCQ-prio
[    2.790321] ata1.00: configured for UDMA/133
[    2.791007] scsi 0:0:0:0: Direct-Access     ATA      WDC WD20EZAZ-00L 0A80 PQ: 0 ANSI: 5
[    2.791648] sd 0:0:0:0: [sda] 3907029168 512-byte logical blocks: (2.00 TB/1.82 TiB)
[    2.791659] sd 0:0:0:0: [sda] 4096-byte physical blocks
[    2.791673] sd 0:0:0:0: [sda] Write Protect is off
[    2.791677] sd 0:0:0:0: [sda] Mode Sense: 00 3a 00 00
[    2.791694] sd 0:0:0:0: [sda] Write cache: enabled, read cache: enabled, doesn't support DPO or FUA
[    2.791727] sd 0:0:0:0: [sda] Preferred minimum I/O size 4096 bytes
[    2.834056] usb 1-2: New USB device found, idVendor=1462, idProduct=7d25, bcdDevice= 0.01
[    2.834069] usb 1-2: New USB device strings: Mfr=1, Product=2, SerialNumber=3
[    2.834074] usb 1-2: Product: MYSTIC LIGHT 
[    2.834077] usb 1-2: Manufacturer: MSI
[    2.834080] usb 1-2: SerialNumber: A02021081203
[    2.837232] input: MSI MYSTIC LIGHT  as /devices/pci0000:00/0000:00:14.0/usb1/1-2/1-2:1.0/0003:1462:7D25.0001/input/input3
[    2.837633] hid-generic 0003:1462:7D25.0001: input,hiddev96,hidraw0: USB HID v1.10 Device [MSI MYSTIC LIGHT ] on usb-0000:00:14.0-2/input0
[    2.867436]  sda: sda1 sda2 sda3
[    2.868064] sd 0:0:0:0: [sda] Attached SCSI disk
[    2.883280] Freeing unused decrypted memory: 2028K
[    2.883854] Freeing unused kernel image (initmem) memory: 4792K
[    2.883870] Write protecting the kernel read-only data: 40960k
[    2.884417] Freeing unused kernel image (text/rodata gap) memory: 236K
[    2.884676] Freeing unused kernel image (rodata/data gap) memory: 1412K
[    2.898956] x86/mm: Checked W+X mappings: passed, no W+X pages found.
[    2.898961] rodata_test: all tests were successful
[    2.898967] Run /init as init process
[    2.898969]   with arguments:
[    2.898970]     /init
[    2.898971]     splash
[    2.898972]   with environment:
[    2.898973]     HOME=/
[    2.898973]     TERM=linux
[    2.944606] usb 2-2: new SuperSpeed USB device number 2 using xhci_hcd
[    2.945522] systemd[1]: Successfully made /usr/ read-only.
[    2.956277] usb 2-2: New USB device found, idVendor=1058, idProduct=0832, bcdDevice=10.65
[    2.956291] usb 2-2: New USB device strings: Mfr=2, Product=3, SerialNumber=1
[    2.956297] usb 2-2: Product: My Passport 0832
[    2.956302] usb 2-2: Manufacturer: Western Digital
[    2.956306] usb 2-2: SerialNumber: 575835314137343243393146
[    3.067660] usb 1-5: new high-speed USB device number 3 using xhci_hcd
[    3.192562] usb 1-5: New USB device found, idVendor=05e3, idProduct=0608, bcdDevice=60.90
[    3.192575] usb 1-5: New USB device strings: Mfr=0, Product=1, SerialNumber=0
[    3.192580] usb 1-5: Product: USB2.0 Hub
[    3.194581] hub 1-5:1.0: USB hub found
[    3.194931] hub 1-5:1.0: 4 ports detected
[    3.279358] systemd[1]: systemd 261.2-1-arch running in system mode (+PAM +AUDIT -SELINUX +APPARMOR -IMA +IPE +SMACK +SECCOMP +GCRYPT +GNUTLS +OPENSSL +ACL +BLKID +CURL +ELFUTILS +FIDO2 +IDN2 +KMOD +LIBCRYPTSETUP +LIBCRYPTSETUP_PLUGINS +LIBFDISK +PCRE2 +PWQUALITY +P11KIT +QRENCODE +TPM2 +BZIP2 +LZ4 +XZ +ZLIB +ZSTD +BPF_FRAMEWORK +BTF +XKBCOMMON +UTMP +LIBARCHIVE)
[    3.279377] systemd[1]: Detected architecture x86-64.
[    3.279382] systemd[1]: Running in initrd.
[    3.280142] systemd[1]: Initializing machine ID from random generator.
[    3.302797] usb 2-7: new SuperSpeed USB device number 3 using xhci_hcd
[    3.315263] usb 2-7: LPM exit latency is zeroed, disabling LPM.
[    3.316004] usb 2-7: New USB device found, idVendor=346d, idProduct=5678, bcdDevice= 2.00
[    3.316014] usb 2-7: New USB device strings: Mfr=1, Product=2, SerialNumber=3
[    3.316019] usb 2-7: Product: Disk 20
[    3.316023] usb 2-7: Manufacturer: USB
[    3.316027] usb 2-7: SerialNumber: FC0866D6728D1
[    3.344972] systemd[1]: Queued start job for default target Initrd Default Target.
[    3.355520] systemd[1]: Expecting device /dev/disk/by-uuid/939fd5b5-aa06-445d-bac9-1c03f3b205c2...
[    3.355667] systemd[1]: Reached target Path Units.
[    3.355713] systemd[1]: Reached target Slice Units.
[    3.355757] systemd[1]: Reached target Swaps.
[    3.355791] systemd[1]: Reached target Timer Units.
[    3.355950] systemd[1]: Listening on Journal Socket (/dev/log).
[    3.356063] systemd[1]: Listening on Journal Sockets.
[    3.356166] systemd[1]: Listening on udev Control Socket.
[    3.356242] systemd[1]: Listening on udev Kernel Socket.
[    3.356272] systemd[1]: Reached target Socket Units.
[    3.356351] systemd[1]: Create List of Static Device Nodes skipped, unmet condition check ConditionFileNotEmpty=/lib/modules/7.1.5-1-cachyos/modules.devname
[    3.360038] systemd[1]: Starting Journal Service...
[    3.361060] systemd[1]: Starting Load Kernel Modules...
[    3.361115] systemd[1]: TPM PCR Barrier (initrd) skipped, unmet condition check ConditionSecurity=measured-os
[    3.361871] systemd[1]: Starting Create Static Device Nodes in /dev...
[    3.362565] systemd[1]: Starting Coldplug All udev Devices...
[    3.363160] systemd[1]: Starting Virtual Console Setup...
[    3.369613] systemd[1]: Finished Create Static Device Nodes in /dev.
[    3.369790] systemd[1]: Reached target Preparation for Local File Systems.
[    3.369797] systemd[1]: Reached target Local File Systems.
[    3.370168] systemd[1]: Starting Rule-based Manager for Device Events and Files...
[    3.370367] systemd[1]: Finished Virtual Console Setup.
[    3.372926] systemd-journald[237]: Collecting audit messages is disabled.
[    3.376096] ACPI: video: Video Device [GFX0] (multi-head: yes  rom: no  post: no)
[    3.376457] input: Video Bus as /devices/pci0000:00/acpi.video_bus.0/input/input4
[    3.384502] systemd[1]: Started Rule-based Manager for Device Events and Files.
[    3.390143] systemd[1]: Started Journal Service.
[    3.423422] nvidia: loading out-of-tree module taints kernel.
[    3.426575] usb 1-12: new full-speed USB device number 4 using xhci_hcd
[    3.472414] usb-storage 2-2:1.0: USB Mass Storage device detected
[    3.472486] scsi host8: usb-storage 2-2:1.0
[    3.472540] usb-storage 2-7:1.0: USB Mass Storage device detected
[    3.472606] scsi host9: usb-storage 2-7:1.0
[    3.472637] usbcore: registered new interface driver usb-storage
[    3.473747] nvidia: unknown parameter 'NVreg_UsePageAttributeTable' ignored
[    3.473913] Key type psk registered
[    3.474112] nvidia-nvlink: Nvlink Core is being initialized, major device number 239

[    3.474652] usbcore: registered new interface driver uas
[    3.477250] nvidia 0000:01:00.0: vgaarb: VGA decodes changed: olddecodes=io+mem,decodes=none:owns=none
[    3.481210] nvme nvme2: pci function 0000:03:00.0
[    3.481210] nvme nvme1: pci function 0000:06:00.0
[    3.481210] nvme nvme0: pci function 0000:02:00.0
[    3.485971] nvme nvme2: D3 entry latency set to 10 seconds
[    3.486901] nvme nvme2: passthrough uses implicit buffer lengths
[    3.488727] nvme nvme2: 16/0/0 default/read/poll queues
[    3.491987] nvme nvme1: D3 entry latency set to 10 seconds
[    3.493237] nvme nvme1: passthrough uses implicit buffer lengths
[    3.494547] nvme nvme0: D3 entry latency set to 8 seconds
[    3.496344] nvme nvme1: 20/0/0 default/read/poll queues
[    3.513408]  nvme1n1: p1 p2
[    3.514343]  nvme2n1: p1 p2
[    3.516664] nvme nvme0: passthrough uses implicit buffer lengths
[    3.523098] nvme nvme0: allocated 64 MiB host memory buffer (16 segments).
[    3.529688] NVRM: loading NVIDIA UNIX Open Kernel Module for x86_64  610.43.03  Release Build  (notroot@)  Mon Jul 27 14:34:21 UTC 2026
[    3.550576] usb 1-12: New USB device found, idVendor=044f, idProduct=b10a, bcdDevice= 5.00
[    3.550587] usb 1-12: New USB device strings: Mfr=1, Product=2, SerialNumber=0
[    3.550592] usb 1-12: Product: T.16000M
[    3.550596] usb 1-12: Manufacturer: Thrustmaster
[    3.553462] input: Thrustmaster T.16000M as /devices/pci0000:00/0000:00:14.0/usb1/1-12/1-12:1.0/0003:044F:B10A.0002/input/input5
[    3.553629] hid-generic 0003:044F:B10A.0002: input,hidraw1: USB HID v1.00 Joystick [Thrustmaster T.16000M] on usb-0000:00:14.0-12/input0
[    3.577014] nvme nvme0: 12/0/0 default/read/poll queues
[    3.605321]  nvme0n1: p1 p2 p3
[    3.612562] usb 1-5.2: new full-speed USB device number 5 using xhci_hcd
[    3.626702] nvidia-modeset: Loading NVIDIA UNIX Open Kernel Mode Setting Driver for x86_64  610.43.03  Release Build  (notroot@)  Mon Jul 27 14:34:18 UTC 2026
[    3.658670] [drm] [nvidia-drm] [GPU ID 0x00000100] Loading driver
[    3.687442] usb 1-5.2: New USB device found, idVendor=0c76, idProduct=161e, bcdDevice= 1.00
[    3.687445] usb 1-5.2: New USB device strings: Mfr=0, Product=1, SerialNumber=0
[    3.687446] usb 1-5.2: Product: USB PnP Audio Device
[    3.691041] input: USB PnP Audio Device as /devices/pci0000:00/0000:00:14.0/usb1/1-5/1-5.2/1-5.2:1.2/0003:0C76:161E.0003/input/input6
[    3.742701] hid-generic 0003:0C76:161E.0003: input,hidraw2: USB HID v1.00 Device [USB PnP Audio Device] on usb-0000:00:14.0-5.2/input2
[    3.799709] usb 1-13: new high-speed USB device number 6 using xhci_hcd
[    3.924067] usb 1-13: New USB device found, idVendor=05e3, idProduct=0608, bcdDevice=60.90
[    3.924076] usb 1-13: New USB device strings: Mfr=0, Product=1, SerialNumber=0
[    3.924080] usb 1-13: Product: USB2.0 Hub
[    3.925528] hub 1-13:1.0: USB hub found
[    3.925804] hub 1-13:1.0: 4 ports detected
[    3.995621] usb 1-5.3: new full-speed USB device number 7 using xhci_hcd
[    4.081767] usb 1-5.3: New USB device found, idVendor=0c45, idProduct=672e, bcdDevice= 1.00
[    4.081769] usb 1-5.3: New USB device strings: Mfr=1, Product=2, SerialNumber=0
[    4.081770] usb 1-5.3: Product: USB DEVICE
[    4.081771] usb 1-5.3: Manufacturer: SONiX
[    4.090029] input: SONiX USB DEVICE as /devices/pci0000:00/0000:00:14.0/usb1/1-5/1-5.3/1-5.3:1.0/0003:0C45:672E.0004/input/input7
[    4.183841] hid-generic 0003:0C45:672E.0004: input,hidraw3: USB HID v1.11 Keyboard [SONiX USB DEVICE] on usb-0000:00:14.0-5.3/input0
[    4.185085] input: SONiX USB DEVICE Keyboard as /devices/pci0000:00/0000:00:14.0/usb1/1-5/1-5.3/1-5.3:1.1/0003:0C45:672E.0005/input/input8
[    4.235740] input: SONiX USB DEVICE Wireless Radio Control as /devices/pci0000:00/0000:00:14.0/usb1/1-5/1-5.3/1-5.3:1.1/0003:0C45:672E.0005/input/input9
[    4.235852] input: SONiX USB DEVICE as /devices/pci0000:00/0000:00:14.0/usb1/1-5/1-5.3/1-5.3:1.1/0003:0C45:672E.0005/input/input10
[    4.236026] hid-generic 0003:0C45:672E.0005: input,hiddev97,hidraw4: USB HID v1.11 Keyboard [SONiX USB DEVICE] on usb-0000:00:14.0-5.3/input1
[    4.298619] usb 1-5.4: new full-speed USB device number 8 using xhci_hcd
[    4.388242] usb 1-5.4: New USB device found, idVendor=046d, idProduct=c53f, bcdDevice=44.01
[    4.388253] usb 1-5.4: New USB device strings: Mfr=1, Product=2, SerialNumber=0
[    4.388258] usb 1-5.4: Product: USB Receiver
[    4.388261] usb 1-5.4: Manufacturer: Logitech
[    4.388367] BTRFS: device fsid 939fd5b5-aa06-445d-bac9-1c03f3b205c2 devid 1 transid 121 /dev/nvme2n1p2 (259:5) scanned by mount (353)
[    4.388679] BTRFS info (device nvme2n1p2): first mount of filesystem 939fd5b5-aa06-445d-bac9-1c03f3b205c2
[    4.388681] BTRFS info (device nvme2n1p2): using crc32c checksum algorithm
[    4.390667] BTRFS info (device nvme2n1p2): enabling ssd optimizations
[    4.390668] BTRFS info (device nvme2n1p2): turning on async discard
[    4.390669] BTRFS info (device nvme2n1p2): enabling free space tree
[    4.398589] input: Logitech USB Receiver as /devices/pci0000:00/0000:00:14.0/usb1/1-5/1-5.4/1-5.4:1.0/0003:046D:C53F.0006/input/input11
[    4.487799] hid-generic 0003:046D:C53F.0006: input,hidraw5: USB HID v1.11 Keyboard [Logitech USB Receiver] on usb-0000:00:14.0-5.4/input0
[    4.490750] input: Logitech USB Receiver Mouse as /devices/pci0000:00/0000:00:14.0/usb1/1-5/1-5.4/1-5.4:1.1/0003:046D:C53F.0007/input/input12
[    4.490817] input: Logitech USB Receiver Consumer Control as /devices/pci0000:00/0000:00:14.0/usb1/1-5/1-5.4/1-5.4:1.1/0003:046D:C53F.0007/input/input13
[    4.534055] scsi 9:0:0:0: Direct-Access     VendorC  ProductCode      3.00 PQ: 0 ANSI: 4
[    4.534616] scsi 8:0:0:0: Direct-Access     WD       My Passport 0832 1065 PQ: 0 ANSI: 6
[    4.535011] scsi 8:0:0:1: Enclosure         WD       SES Device       1065 PQ: 0 ANSI: 6
[    4.535391] sd 9:0:0:0: [sdb] 122880000 512-byte logical blocks: (62.9 GB/58.6 GiB)
[    4.535512] sd 9:0:0:0: [sdb] Write Protect is off
[    4.535513] sd 9:0:0:0: [sdb] Mode Sense: 03 00 00 00
[    4.535633] sd 9:0:0:0: [sdb] No Caching mode page found
[    4.535633] sd 9:0:0:0: [sdb] Assuming drive cache: write through
[    4.537485] sd 8:0:0:0: [sdc] 1953458176 512-byte logical blocks: (1.00 TB/931 GiB)
[    4.537827] sd 8:0:0:0: [sdc] Write Protect is off
[    4.537829] sd 8:0:0:0: [sdc] Mode Sense: 53 00 10 08
[    4.538148] sd 8:0:0:0: [sdc] No Caching mode page found
[    4.538152] sd 8:0:0:0: [sdc] Assuming drive cache: write through
[    4.541635] input: Logitech USB Receiver System Control as /devices/pci0000:00/0000:00:14.0/usb1/1-5/1-5.4/1-5.4:1.1/0003:046D:C53F.0007/input/input14
[    4.541689] hid-generic 0003:046D:C53F.0007: input,hiddev98,hidraw6: USB HID v1.11 Mouse [Logitech USB Receiver] on usb-0000:00:14.0-5.4/input1
[    4.543928] hid-generic 0003:046D:C53F.0008: hiddev99,hidraw7: USB HID v1.11 Device [Logitech USB Receiver] on usb-0000:00:14.0-5.4/input2
[    4.555794]  sdc: sdc1
[    4.555832] sd 8:0:0:0: [sdc] Attached SCSI disk
[    4.556151]  sdb: sdb1 sdb2
[    4.556232] sd 9:0:0:0: [sdb] Attached SCSI removable disk
[    4.560860] scsi 8:0:0:1: Failed to get diagnostic page 0x1
[    4.560861] scsi 8:0:0:1: Failed to bind enclosure -19
[    4.560868] ses 8:0:0:1: Attached Enclosure device
[    4.647695] logitech-djreceiver 0003:046D:C53F.0006: hidraw5: USB HID v1.11 Keyboard [Logitech USB Receiver] on usb-0000:00:14.0-5.4/input0
[    4.750818] logitech-djreceiver 0003:046D:C53F.0007: hiddev98,hidraw6: USB HID v1.11 Mouse [Logitech USB Receiver] on usb-0000:00:14.0-5.4/input1
[    4.801892] logitech-djreceiver 0003:046D:C53F.0008: hiddev99,hidraw7: USB HID v1.11 Device [Logitech USB Receiver] on usb-0000:00:14.0-5.4/input2
[    4.854286] logitech-djreceiver 0003:046D:C53F.0008: device of type eQUAD Lightspeed 1.1 (0x0d) connected on slot 1
[    4.854602] input: Logitech Wireless Mouse PID:4074 Keyboard as /devices/pci0000:00/0000:00:14.0/usb1/1-5/1-5.4/1-5.4:1.2/0003:046D:C53F.0008/0003:046D:4074.0009/input/input16
[    4.903665] input: Logitech Wireless Mouse PID:4074 Mouse as /devices/pci0000:00/0000:00:14.0/usb1/1-5/1-5.4/1-5.4:1.2/0003:046D:C53F.0008/0003:046D:4074.0009/input/input17
[    4.903798] hid-generic 0003:046D:4074.0009: input,hidraw8: USB HID v1.11 Keyboard [Logitech Wireless Mouse PID:4074] on usb-0000:00:14.0-5.4/input2:1
[    4.969424] input: Logitech G305 as /devices/pci0000:00/0000:00:14.0/usb1/1-5/1-5.4/1-5.4:1.2/0003:046D:C53F.0008/0003:046D:4074.0009/input/input21
[    5.002693] logitech-hidpp-device 0003:046D:4074.0009: input,hidraw8: USB HID v1.11 Keyboard [Logitech G305] on usb-0000:00:14.0-5.4/input2:1
[    5.149562] [drm] Initialized nvidia-drm 0.0.0 for 0000:01:00.0 on minor 1
[    5.161963] nvidia 0000:01:00.0: vgaarb: deactivate vga console
[    5.212683] fbcon: nvidia-drmdrmfb (fb0) is primary device
[    5.212685] fbcon: Deferring console take-over
[    5.212686] nvidia 0000:01:00.0: [drm] fb0: nvidia-drmdrmfb frame buffer device
[    5.554254] systemd-journald[237]: Received SIGTERM from PID 1 (systemd).
[    6.328812] systemd[1]: systemd 261.2-1-arch running in system mode (+PAM +AUDIT -SELINUX +APPARMOR -IMA +IPE +SMACK +SECCOMP +GCRYPT +GNUTLS +OPENSSL +ACL +BLKID +CURL +ELFUTILS +FIDO2 +IDN2 +KMOD +LIBCRYPTSETUP +LIBCRYPTSETUP_PLUGINS +LIBFDISK +PCRE2 +PWQUALITY +P11KIT +QRENCODE +TPM2 +BZIP2 +LZ4 +XZ +ZLIB +ZSTD +BPF_FRAMEWORK +BTF +XKBCOMMON +UTMP +LIBARCHIVE)
[    6.328832] systemd[1]: Detected architecture x86-64.
[    6.345999] systemd[1]: Hostname set to <<hostname-redacted>>.
[    6.422931] systemd[1]: bpf-restrict-fs: LSM BPF program attached
[    6.456424] zram: Added device: zram0
[    6.616932] systemd[1]: initrd-switch-root.service: Deactivated successfully.
[    6.616994] systemd[1]: Stopped Switch Root.
[    6.617409] systemd[1]: systemd-journald.service: Scheduled restart job, restart counter is at 1.
[    6.617628] systemd[1]: Created slice Slice /system/dirmngr.
[    6.617788] systemd[1]: Created slice Slice /system/getty.
[    6.617928] systemd[1]: Created slice Slice /system/gpg-agent.
[    6.618065] systemd[1]: Created slice Slice /system/gpg-agent-browser.
[    6.618198] systemd[1]: Created slice Slice /system/gpg-agent-extra.
[    6.618330] systemd[1]: Created slice Slice /system/gpg-agent-ssh.
[    6.618470] systemd[1]: Created slice Slice /system/keyboxd.
[    6.618605] systemd[1]: Created slice Slice /system/modprobe.
[    6.618922] systemd[1]: Created slice Slice /system/systemd-fsck.
[    6.619080] systemd[1]: Created slice Slice /system/systemd-zram-setup.
[    6.619165] systemd[1]: Created slice User and Session Slice.
[    6.619178] systemd[1]: Dispatch Password Requests to Console Directory Watch skipped, unmet condition check ConditionPathExists=!/run/plymouth/pid
[    6.619198] systemd[1]: Started Forward Password Requests to Wall Directory Watch.
[    6.619271] systemd[1]: Set up automount Arbitrary Executable File Formats File System Automount Point.
[    6.619281] systemd[1]: Expecting device /dev/disk/by-uuid/3EF6-1827...
[    6.619288] systemd[1]: Expecting device /dev/disk/by-uuid/939fd5b5-aa06-445d-bac9-1c03f3b205c2...
[    6.619296] systemd[1]: Expecting device /dev/zram0...
[    6.619305] systemd[1]: Reached target Login Prompts.
[    6.619314] systemd[1]: Reached target Image Downloads.
[    6.619325] systemd[1]: Stopped target Switch Root.
[    6.619334] systemd[1]: Stopped target Initrd File Systems.
[    6.619342] systemd[1]: Stopped target Initrd Root File System.
[    6.619350] systemd[1]: Reached target Local Integrity Protected Volumes.
[    6.619367] systemd[1]: Reached target Remote File Systems.
[    6.619374] systemd[1]: Reached target Slice Units.
[    6.619391] systemd[1]: Reached target Local Verity Protected Volumes.
[    6.619425] systemd[1]: Listening on Device-mapper event daemon FIFOs.
[    6.619462] systemd[1]: Listening on LVM2 poll daemon socket.
[    6.619856] systemd[1]: Listening on Query the User Interactively for a Password.
[    6.620303] systemd[1]: Listening on Process Core Dump Socket.
[    6.620595] systemd[1]: Listening on Credential Encryption/Decryption.
[    6.620999] systemd[1]: Listening on Factory Reset Management.
[    6.621026] systemd[1]: Listening on Hostname Service Socket.
[    6.621446] systemd[1]: Listening on Console Output Muting Service Socket.
[    6.621477] systemd[1]: TPM PCR Measurements skipped, unmet condition check ConditionSecurity=measured-os
[    6.621487] systemd[1]: Make TPM PCR Policy skipped, unmet condition check ConditionSecurity=measured-uki
[    6.621795] systemd[1]: Listening on Disk Repartitioning Service Socket.
[    6.621829] systemd[1]: Listening on Resolve Monitor Varlink Socket.
[    6.621852] systemd[1]: Listening on Resolve Service Varlink Socket.
[    6.622297] systemd[1]: Listening on Simple Block Device Backed Storage Provider.
[    6.622996] systemd[1]: Listening on Simple File System Backed Storage Provider.
[    6.623102] systemd[1]: Listening on udev Control Socket.
[    6.623181] systemd[1]: Listening on udev Varlink Socket.
[    6.623258] systemd[1]: Listening on User Database Manager Socket.
[    6.624321] systemd[1]: Mounting Huge Pages File System...
[    6.624903] systemd[1]: Mounting POSIX Message Queue File System...
[    6.625565] systemd[1]: Mounting Kernel Debug File System...
[    6.626143] systemd[1]: Mounting Kernel Trace File System...
[    6.639864] systemd[1]: Starting Create List of Static Device Nodes...
[    6.641426] systemd[1]: Starting Monitoring of LVM2 mirrors, snapshots etc. using dmeventd or progress polling...
[    6.641524] systemd[1]: Load Kernel Module configfs skipped, unmet condition check ConditionKernelModuleLoaded=!configfs
[    6.643425] systemd[1]: Mounting Kernel Configuration File System...
[    6.643516] systemd[1]: Load Kernel Module drm skipped, unmet condition check ConditionKernelModuleLoaded=!drm
[    6.643610] systemd[1]: Load Kernel Module fuse skipped, unmet condition check ConditionKernelModuleLoaded=!fuse
[    6.645077] systemd[1]: Mounting FUSE Control File System...
[    6.645185] systemd[1]: plymouth-switch-root.service: Deactivated successfully.
[    6.645241] systemd[1]: Stopped Plymouth switch root service.
[    6.645508] systemd[1]: Clear Stale Hibernate Storage Info skipped, unmet condition check ConditionPathExists=/sys/firmware/efi/efivars/HibernateLocation-8cf2644b-4b0b-428f-9387-6d876050dc67
[    6.648457] systemd[1]: Starting Journal Service...
[    6.649382] systemd[1]: Starting Load Kernel Modules...
[    6.649410] systemd[1]: TPM PCR Machine ID Measurement skipped, unmet condition check ConditionSecurity=measured-os
[    6.649436] systemd[1]: TPM PCR OS Separator skipped, unmet condition check ConditionSecurity=measured-os
[    6.650007] systemd[1]: Starting Remount Root and Kernel File Systems...
[    6.650065] systemd[1]: Early TPM SRK Setup skipped, unmet condition check ConditionSecurity=measured-os
[    6.650086] systemd[1]: TPM PCR NvPCR Initialization Separator skipped, unmet condition check ConditionPathExists=/etc/initrd-release
[    6.650101] systemd[1]: Reached target Local Encrypted Volumes.
[    6.650127] systemd[1]: TPM NvPCR Product ID Measurement skipped, unmet condition check ConditionSecurity=measured-os
[    6.651086] systemd[1]: Starting Load udev Rules from Credentials...
[    6.652845] systemd[1]: Starting Coldplug All udev Devices...
[    6.659906] systemd[1]: Mounted Huge Pages File System.
[    6.660123] systemd[1]: Mounted POSIX Message Queue File System.
[    6.660267] systemd[1]: Mounted Kernel Debug File System.
[    6.660404] systemd[1]: Mounted Kernel Trace File System.
[    6.660894] systemd[1]: Finished Create List of Static Device Nodes.
[    6.661150] systemd[1]: Mounted Kernel Configuration File System.
[    6.661304] systemd[1]: Mounted FUSE Control File System.
[    6.663236] systemd[1]: Starting Create Static Device Nodes in /dev gracefully...
[    6.672760] BTRFS info (device nvme2n1p2 state M): use zstd compression, level 1
[    6.673168] systemd[1]: Finished Load udev Rules from Credentials.
[    6.676261] systemd[1]: Finished Remount Root and Kernel File Systems.
[    6.676552] systemd[1]: Rebuild Hardware Database skipped, no trigger condition checks were met.
[    6.676784] Asymmetric key parser 'pkcs8' registered
[    6.677589] systemd[1]: Starting Load/Save OS Random Seed...
[    6.677621] systemd[1]: TPM SRK Setup skipped, unmet condition check ConditionSecurity=measured-os
[    6.677819] systemd[1]: Finished Load Kernel Modules.
[    6.679249] systemd[1]: Starting Apply Kernel Variables...
[    6.679553] systemd-journald[457]: Collecting audit messages is disabled.
[    6.685311] device-mapper: uevent: version 1.0.3
[    6.685395] device-mapper: ioctl: 4.50.0-ioctl (2025-04-28) initialised: <email-address-redacted>
[    6.687598] systemd[1]: Starting User Database Manager...
[    6.687794] systemd[1]: Started Journal Service.
[    6.915829] zram0: detected capacity change from 0 to 131090432
[    6.922382] EDAC ie31200: No ECC support
[    6.923410] EDAC ie31200: No ECC support
[    6.929570] acpi-tad ACPI000E:00: registered as rtc1
[    6.972705] mousedev: PS/2 mouse device common for all mice
[    6.976179] mc: Linux media interface: v0.10
[    6.976382] pps_core: LinuxPPS API ver. 1 registered
[    6.976384] pps_core: Software ver. 5.3.6 - Copyright 2005-2007 Rodolfo Giometti <<email-address-redacted>>
[    6.976978] input: PC Speaker as /devices/platform/pcspkr/input/input22
[    6.982937] PTP clock support registered
[    6.983568] mei_me 0000:00:16.0: enabling device (0000 -> 0002)
[    6.987467] i801_smbus 0000:00:1f.4: SPD Write Disable is set
[    6.987490] i801_smbus 0000:00:1f.4: SMBus using PCI interrupt
[    6.988252] spi-nor spi0.0: supply vcc not found, using dummy regulator
[    6.989231] intel_pmc_core INT33A1:00:  initialized
[    6.990126] Intel(R) 2.5G Ethernet Linux Driver
[    6.990128] Copyright(c) 2018 Intel Corporation.
[    6.990158] igc 0000:05:00.0: enabling device (0000 -> 0002)
[    6.990260] pcieport 0000:00:1c.2: PTM enabled (root), 4ns granularity
[    6.990266] igc 0000:05:00.0: PTM enabled, 4ns granularity
[    6.992489] i2c i2c-6: Successfully instantiated SPD at 0x51
[    6.993043] i2c i2c-6: Successfully instantiated SPD at 0x53
[    6.993301] Creating 1 MTD partitions on "0000:00:1f.5":
[    6.993303] 0x000000000000-0x000002000000 : "BIOS"
[    7.005484] RAPL PMU: API unit is 2^-32 Joules, 2 fixed counters, 655360 ms ovfl timer
[    7.005486] RAPL PMU: hw unit of domain pp0-core 2^-14 Joules
[    7.005487] RAPL PMU: hw unit of domain package 2^-14 Joules
[    7.009038] ee1004 6-0051: 512 byte EE1004-compliant SPD EEPROM, read-only
[    7.010780] ee1004 6-0053: 512 byte EE1004-compliant SPD EEPROM, read-only
[    7.036829] igc 0000:05:00.0 (unnamed net_device) (uninitialized): PHC added
[    7.061757] igc 0000:05:00.0: 4.000 Gb/s available PCIe bandwidth (5.0 GT/s PCIe x1 link)
[    7.061760] igc 0000:05:00.0 eth0: MAC: <mac-address-redacted>
[    7.322966] Adding 65545212k swap on /dev/zram0.  Priority:100 extents:1 across:65545212k SSDsc
[    7.351168] igc 0000:05:00.0 enp5s0: renamed from eth0
[    7.394245] i915 0000:00:02.0: enabling device (0006 -> 0007)
[    7.394398] i915 0000:00:02.0: [drm] Found alderlake_s (device ID 4680) integrated display version 12.00 stepping C0
[    7.395279] i915 0000:00:02.0: [drm] Using Transparent Hugepages
[    7.397425] i915 0000:00:02.0: [drm] Finished loading DMC firmware i915/adls_dmc_ver2_01.bin (v2.1)
[    7.402104] i915 0000:00:02.0: [drm] GT0: GuC firmware i915/tgl_guc_70.bin version 70.49.4
[    7.402108] i915 0000:00:02.0: [drm] GT0: HuC firmware i915/tgl_huc.bin version 7.9.3
[    7.403556] snd_hda_intel 0000:00:1f.3: enabling device (0000 -> 0002)
[    7.403748] snd_hda_intel 0000:01:00.1: enabling device (0000 -> 0002)
[    7.403779] snd_hda_intel 0000:01:00.1: Disabling MSI
[    7.403783] snd_hda_intel 0000:01:00.1: Handle vga_switcheroo audio client
[    7.404583] usb 1-5.2: Warning! Unlikely big volume step count (=496), linear volume or wrong cval->res?
[    7.404585] usb 1-5.2: [50] FU [Mic Capture Volume] ch = 1, val = 0/7936/16
[    7.404661] usbcore: registered new interface driver snd-usb-audio
[    7.415540] i915 0000:00:02.0: [drm] GT0: HuC: authenticated for all workloads
[    7.415543] i915 0000:00:02.0: [drm] GT0: GUC: submission disabled
[    7.415543] i915 0000:00:02.0: [drm] GT0: GUC: SLPC disabled
[    7.416284] mei_pxp 0000:00:16.0-fbf6fcf1-96cf-4e2e-a6a6-1bab8cbe36b1: bound 0000:00:02.0 (ops i915_pxp_tee_component_ops [i915])
[    7.416444] i915 0000:00:02.0: [drm] Protected Xe Path (PXP) protected content support initialized
[    7.417019] i915 0000:00:02.0: [drm] Registered 4 planes with drm panic
[    7.417022] [drm] Initialized i915 1.6.0 for 0000:00:02.0 on minor 0
[    7.426027] intel_tcc_cooling: Programmable TCC Offset detected
[    7.434603] intel_rapl_msr: PL4 support detected (updated).
[    7.434613] intel_rapl_common: Found RAPL domain package
[    7.434615] intel_rapl_common: Found RAPL domain core
[    7.434615] intel_rapl_common: Found RAPL domain uncore
[    7.438077] input: HDA NVidia HDMI/DP,pcm=3 as /devices/pci0000:00/0000:00:01.0/0000:01:00.1/sound/card1/input23
[    7.438105] input: HDA NVidia HDMI/DP,pcm=7 as /devices/pci0000:00/0000:00:01.0/0000:01:00.1/sound/card1/input24
[    7.438127] input: HDA NVidia HDMI/DP,pcm=8 as /devices/pci0000:00/0000:00:01.0/0000:01:00.1/sound/card1/input25
[    7.438143] input: HDA NVidia HDMI/DP,pcm=9 as /devices/pci0000:00/0000:00:01.0/0000:01:00.1/sound/card1/input26
[    7.441555] i915 0000:00:02.0: [drm] Cannot find any crtc or sizes
[    7.465870] snd_hda_intel 0000:00:1f.3: bound 0000:00:02.0 (ops intel_audio_component_bind_ops [i915])
[    7.490609] i915 0000:00:02.0: [drm] Cannot find any crtc or sizes
[    7.514877] i915 0000:00:02.0: [drm] Cannot find any crtc or sizes
[    7.697260] systemd-journald[457]: Received client request to flush runtime journal.
[    7.760809] snd_hda_codec_alc662 hdaudioC2D0: autoconfig for ALC897: line_outs=4 (0x14/0x15/0x16/0x17/0x0) type:line
[    7.760813] snd_hda_codec_alc662 hdaudioC2D0:    speaker_outs=0 (0x0/0x0/0x0/0x0/0x0)
[    7.760814] snd_hda_codec_alc662 hdaudioC2D0:    hp_outs=1 (0x1b/0x0/0x0/0x0/0x0)
[    7.760815] snd_hda_codec_alc662 hdaudioC2D0:    mono: mono_out=0x0
[    7.760815] snd_hda_codec_alc662 hdaudioC2D0:    inputs:
[    7.760816] snd_hda_codec_alc662 hdaudioC2D0:      Rear Mic=0x18
[    7.760816] snd_hda_codec_alc662 hdaudioC2D0:      Front Mic=0x19
[    7.760817] snd_hda_codec_alc662 hdaudioC2D0:      Line=0x1a
[    7.802237] input: HDA Intel PCH Rear Mic as /devices/pci0000:00/0000:00:1f.3/sound/card2/input27
[    7.802303] input: HDA Intel PCH Front Mic as /devices/pci0000:00/0000:00:1f.3/sound/card2/input28
[    7.802364] input: HDA Intel PCH Line as /devices/pci0000:00/0000:00:1f.3/sound/card2/input29
[    7.802419] input: HDA Intel PCH Line Out Front as /devices/pci0000:00/0000:00:1f.3/sound/card2/input30
[    7.802471] input: HDA Intel PCH Line Out Surround as /devices/pci0000:00/0000:00:1f.3/sound/card2/input31
[    7.802510] input: HDA Intel PCH Line Out CLFE as /devices/pci0000:00/0000:00:1f.3/sound/card2/input32
[    7.802590] input: HDA Intel PCH Line Out Side as /devices/pci0000:00/0000:00:1f.3/sound/card2/input33
[    7.802661] input: HDA Intel PCH Front Headphone as /devices/pci0000:00/0000:00:1f.3/sound/card2/input34
[    7.802723] input: HDA Intel PCH HDMI/DP,pcm=3 as /devices/pci0000:00/0000:00:1f.3/sound/card2/input35
[    7.802786] input: HDA Intel PCH HDMI/DP,pcm=7 as /devices/pci0000:00/0000:00:1f.3/sound/card2/input36
[    7.802852] input: HDA Intel PCH HDMI/DP,pcm=8 as /devices/pci0000:00/0000:00:1f.3/sound/card2/input37
[    7.802912] input: HDA Intel PCH HDMI/DP,pcm=9 as /devices/pci0000:00/0000:00:1f.3/sound/card2/input38
[   10.964093] igc 0000:05:00.0 enp5s0: NIC Link is Up 1000 Mbps Full Duplex, Flow Control: RX/TX
[   13.176072] [UFW BLOCK] IN=enp5s0 OUT= MAC= SRC=fe80:0000:0000:0000:bf50:874c:8d92:c521 DST=ff02:0000:0000:0000:0000:0000:0001:0003 LEN=79 TC=0 HOPLIMIT=255 FLOWLBL=274570 PROTO=UDP SPT=5355 DPT=5355 LEN=39 
[   13.503736] [UFW BLOCK] IN=enp5s0 OUT= MAC= SRC=fe80:0000:0000:0000:bf50:874c:8d92:c521 DST=ff02:0000:0000:0000:0000:0000:0001:0003 LEN=79 TC=0 HOPLIMIT=255 FLOWLBL=274570 PROTO=UDP SPT=5355 DPT=5355 LEN=39 
[   13.753837] [UFW BLOCK] IN=enp5s0 OUT= MAC= SRC=fe80:0000:0000:0000:bf50:874c:8d92:c521 DST=ff02:0000:0000:0000:0000:0000:0001:0003 LEN=79 TC=0 HOPLIMIT=255 FLOWLBL=274570 PROTO=UDP SPT=5355 DPT=5355 LEN=39 
[   18.039553] platform INT3515:01: deferred probe pending: Serial bus multi instantiate pseudo device driver: Error creating i2c-client, idx 0
[   21.692434] logitech-hidpp-device 0003:046D:4074.0009: HID++ 4.2 device connected.
[   29.757891] [UFW BLOCK] IN=enp5s0 OUT= MAC= SRC=<ipv4-redacted> DST=<ipv4-redacted> LEN=59 TOS=0x00 PREC=0x00 TTL=255 ID=50647 PROTO=UDP SPT=5355 DPT=5355 LEN=39 
[   30.008606] [UFW BLOCK] IN=enp5s0 OUT= MAC= SRC=<ipv4-redacted> DST=<ipv4-redacted> LEN=59 TOS=0x00 PREC=0x00 TTL=255 ID=50865 PROTO=UDP SPT=5355 DPT=5355 LEN=39 
[   30.259088] [UFW BLOCK] IN=enp5s0 OUT= MAC= SRC=<ipv4-redacted> DST=<ipv4-redacted> LEN=59 TOS=0x00 PREC=0x00 TTL=255 ID=51016 PROTO=UDP SPT=5355 DPT=5355 LEN=39 
[   30.371630] [UFW BLOCK] IN=enp5s0 OUT= MAC=<mac-address-redacted>:<mac-address-redacted>:08:00 SRC=<ipv4-redacted> DST=<ipv4-redacted> LEN=60 TOS=0x00 PREC=0x00 TTL=64 ID=36419 DF PROTO=TCP SPT=48652 DPT=22000 WINDOW=64240 RES=0x00 SYN URGP=0 
[   31.224829] [UFW BLOCK] IN=enp5s0 OUT= MAC=<mac-address-redacted>:<mac-address-redacted>:08:00 SRC=<ipv4-redacted> DST=<ipv4-redacted> LEN=60 TOS=0x00 PREC=0x00 TTL=64 ID=40684 DF PROTO=TCP SPT=22000 DPT=22000 WINDOW=64240 RES=0x00 SYN URGP=0 
[   52.887391] [UFW BLOCK] IN=enp5s0 OUT= MAC=<mac-address-redacted>:<mac-address-redacted>:08:00 SRC=<ipv4-redacted> DST=<ipv4-redacted> LEN=28 TOS=0x00 PREC=0xC0 TTL=1 ID=62906 DF PROTO=2 
[   55.543330] [UFW BLOCK] IN=enp5s0 OUT= MAC=<mac-address-redacted>:<mac-address-redacted>:08:00 SRC=<ipv4-redacted> DST=<ipv4-redacted> LEN=32 TOS=0x00 PREC=0xC0 TTL=1 ID=0 DF PROTO=2 
[   94.255649] [UFW BLOCK] IN=enp5s0 OUT= MAC=<mac-address-redacted>:<mac-address-redacted>:08:00 SRC=<ipv4-redacted> DST=<ipv4-redacted> LEN=60 TOS=0x00 PREC=0x00 TTL=64 ID=8669 DF PROTO=TCP SPT=22000 DPT=22000 WINDOW=64240 RES=0x00 SYN URGP=0 
[   95.274000] [UFW BLOCK] IN=enp5s0 OUT= MAC=<mac-address-redacted>:<mac-address-redacted>:08:00 SRC=<ipv4-redacted> DST=<ipv4-redacted> LEN=60 TOS=0x00 PREC=0x00 TTL=64 ID=8670 DF PROTO=TCP SPT=22000 DPT=22000 WINDOW=64240 RES=0x00 SYN URGP=0 
[   97.357144] [UFW BLOCK] IN=enp5s0 OUT= MAC=<mac-address-redacted>:<mac-address-redacted>:08:00 SRC=<ipv4-redacted> DST=<ipv4-redacted> LEN=60 TOS=0x00 PREC=0x00 TTL=64 ID=8671 DF PROTO=TCP SPT=22000 DPT=22000 WINDOW=64240 RES=0x00 SYN URGP=0 
[   97.589773] [UFW BLOCK] IN=enp5s0 OUT= MAC=<mac-address-redacted>:<mac-address-redacted>:08:00 SRC=<ipv4-redacted> DST=<ipv4-redacted> LEN=60 TOS=0x00 PREC=0x00 TTL=64 ID=14460 DF PROTO=TCP SPT=59970 DPT=22000 WINDOW=64240 RES=0x00 SYN URGP=0 
[   98.607181] [UFW BLOCK] IN=enp5s0 OUT= MAC=<mac-address-redacted>:<mac-address-redacted>:08:00 SRC=<ipv4-redacted> DST=<ipv4-redacted> LEN=60 TOS=0x00 PREC=0x00 TTL=64 ID=14461 DF PROTO=TCP SPT=59970 DPT=22000 WINDOW=64240 RES=0x00 SYN URGP=0 
[  100.766938] [UFW BLOCK] IN=enp5s0 OUT= MAC=<mac-address-redacted>:<mac-address-redacted>:08:00 SRC=<ipv4-redacted> DST=<ipv4-redacted> LEN=60 TOS=0x00 PREC=0x00 TTL=64 ID=14462 DF PROTO=TCP SPT=59970 DPT=22000 WINDOW=64240 RES=0x00 SYN URGP=0 
[  112.906305] [UFW BLOCK] IN=enp5s0 OUT= MAC=<mac-address-redacted>:<mac-address-redacted>:08:00 SRC=<ipv4-redacted> DST=<ipv4-redacted> LEN=28 TOS=0x00 PREC=0xC0 TTL=1 ID=12368 DF PROTO=2 
[  164.460454] [UFW BLOCK] IN=enp5s0 OUT= MAC=<mac-address-redacted>:<mac-address-redacted>:08:00 SRC=<ipv4-redacted> DST=<ipv4-redacted> LEN=60 TOS=0x00 PREC=0x00 TTL=64 ID=7679 DF PROTO=TCP SPT=22000 DPT=22000 WINDOW=64240 RES=0x00 SYN URGP=0 
[  165.483137] [UFW BLOCK] IN=enp5s0 OUT= MAC=<mac-address-redacted>:<mac-address-redacted>:08:00 SRC=<ipv4-redacted> DST=<ipv4-redacted> LEN=60 TOS=0x00 PREC=0x00 TTL=64 ID=7680 DF PROTO=TCP SPT=22000 DPT=22000 WINDOW=64240 RES=0x00 SYN URGP=0 
[  170.949515] [UFW BLOCK] IN=enp5s0 OUT= MAC=<mac-address-redacted>:<mac-address-redacted>:08:00 SRC=<ipv4-redacted> DST=<ipv4-redacted> LEN=60 TOS=0x00 PREC=0x00 TTL=64 ID=397 DF PROTO=TCP SPT=47324 DPT=22000 WINDOW=64240 RES=0x00 SYN URGP=0 
[  232.940591] [UFW BLOCK] IN=enp5s0 OUT= MAC=<mac-address-redacted>:<mac-address-redacted>:08:00 SRC=<ipv4-redacted> DST=<ipv4-redacted> LEN=28 TOS=0x00 PREC=0xC0 TTL=1 ID=24866 DF PROTO=2 
[  234.475369] [UFW BLOCK] IN=enp5s0 OUT= MAC=<mac-address-redacted>:<mac-address-redacted>:08:00 SRC=<ipv4-redacted> DST=<ipv4-redacted> LEN=60 TOS=0x00 PREC=0x00 TTL=64 ID=50881 DF PROTO=TCP SPT=22000 DPT=22000 WINDOW=64240 RES=0x00 SYN URGP=0 
[  235.479279] [UFW BLOCK] IN=enp5s0 OUT= MAC=<mac-address-redacted>:<mac-address-redacted>:08:00 SRC=<ipv4-redacted> DST=<ipv4-redacted> LEN=60 TOS=0x00 PREC=0x00 TTL=64 ID=50882 DF PROTO=TCP SPT=22000 DPT=22000 WINDOW=64240 RES=0x00 SYN URGP=0 
[  293.075307] [UFW BLOCK] IN=enp5s0 OUT= MAC=<mac-address-redacted>:<mac-address-redacted>:08:00 SRC=<ipv4-redacted> DST=<ipv4-redacted> LEN=28 TOS=0x00 PREC=0xC0 TTL=1 ID=28951 DF PROTO=2 
[  298.302778] [UFW BLOCK] IN=enp5s0 OUT= MAC=<mac-address-redacted>:<mac-address-redacted>:08:00 SRC=<ipv4-redacted> DST=<ipv4-redacted> LEN=32 TOS=0x00 PREC=0xC0 TTL=1 ID=0 DF PROTO=2 
[  304.529401] [UFW BLOCK] IN=enp5s0 OUT= MAC=<mac-address-redacted>:<mac-address-redacted>:08:00 SRC=<ipv4-redacted> DST=<ipv4-redacted> LEN=60 TOS=0x00 PREC=0x00 TTL=64 ID=28680 DF PROTO=TCP SPT=22000 DPT=22000 WINDOW=64240 RES=0x00 SYN URGP=0 
[  311.102221] [UFW BLOCK] IN=enp5s0 OUT= MAC=<mac-address-redacted>:<mac-address-redacted>:08:00 SRC=<ipv4-redacted> DST=<ipv4-redacted> LEN=60 TOS=0x00 PREC=0x00 TTL=64 ID=52359 DF PROTO=TCP SPT=53408 DPT=22000 WINDOW=64240 RES=0x00 SYN URGP=0 
[  353.043668] [UFW BLOCK] IN=enp5s0 OUT= MAC=<mac-address-redacted>:<mac-address-redacted>:08:00 SRC=<ipv4-redacted> DST=<ipv4-redacted> LEN=28 TOS=0x00 PREC=0xC0 TTL=1 ID=33316 DF PROTO=2 
[  357.180414] [UFW BLOCK] IN=enp5s0 OUT= MAC=<mac-address-redacted>:<mac-address-redacted>:08:00 SRC=<ipv4-redacted> DST=<ipv4-redacted> LEN=32 TOS=0x00 PREC=0xC0 TTL=1 ID=0 DF PROTO=2 
[  374.920960] [UFW BLOCK] IN=enp5s0 OUT= MAC=<mac-address-redacted>:<mac-address-redacted>:08:00 SRC=<ipv4-redacted> DST=<ipv4-redacted> LEN=60 TOS=0x00 PREC=0x00 TTL=64 ID=19195 DF PROTO=TCP SPT=22000 DPT=22000 WINDOW=64240 RES=0x00 SYN URGP=0 
[  413.083733] [UFW BLOCK] IN=enp5s0 OUT= MAC=<mac-address-redacted>:<mac-address-redacted>:08:00 SRC=<ipv4-redacted> DST=<ipv4-redacted> LEN=28 TOS=0x00 PREC=0xC0 TTL=1 ID=46278 DF PROTO=2 
[  416.295001] [UFW BLOCK] IN=enp5s0 OUT= MAC=<mac-address-redacted>:<mac-address-redacted>:08:00 SRC=<ipv4-redacted> DST=<ipv4-redacted> LEN=1813 TOS=0x00 PREC=0x00 TTL=64 ID=45004 PROTO=UDP SPT=42727 DPT=1716 LEN=1793 
[  445.107591] [UFW BLOCK] IN=enp5s0 OUT= MAC=<mac-address-redacted>:<mac-address-redacted>:08:00 SRC=<ipv4-redacted> DST=<ipv4-redacted> LEN=60 TOS=0x00 PREC=0x00 TTL=64 ID=64544 DF PROTO=TCP SPT=22000 DPT=22000 WINDOW=64240 RES=0x00 SYN URGP=0 
[  451.686122] [UFW BLOCK] IN=enp5s0 OUT= MAC=<mac-address-redacted>:<mac-address-redacted>:08:00 SRC=<ipv4-redacted> DST=<ipv4-redacted> LEN=60 TOS=0x00 PREC=0x00 TTL=64 ID=52209 DF PROTO=TCP SPT=52068 DPT=22000 WINDOW=64240 RES=0x00 SYN URGP=0 
[  473.126373] [UFW BLOCK] IN=enp5s0 OUT= MAC=<mac-address-redacted>:<mac-address-redacted>:08:00 SRC=<ipv4-redacted> DST=<ipv4-redacted> LEN=28 TOS=0x00 PREC=0xC0 TTL=1 ID=47014 DF PROTO=2 
[  515.411984] [UFW BLOCK] IN=enp5s0 OUT= MAC=<mac-address-redacted>:<mac-address-redacted>:08:00 SRC=<ipv4-redacted> DST=<ipv4-redacted> LEN=60 TOS=0x00 PREC=0x00 TTL=64 ID=63966 DF PROTO=TCP SPT=22000 DPT=22000 WINDOW=64240 RES=0x00 SYN URGP=0 
[  516.426835] [UFW BLOCK] IN=enp5s0 OUT= MAC=<mac-address-redacted>:<mac-address-redacted>:08:00 SRC=<ipv4-redacted> DST=<ipv4-redacted> LEN=60 TOS=0x00 PREC=0x00 TTL=64 ID=63967 DF PROTO=TCP SPT=22000 DPT=22000 WINDOW=64240 RES=0x00 SYN URGP=0 
[  533.315922] [UFW BLOCK] IN=enp5s0 OUT= MAC=<mac-address-redacted>:<mac-address-redacted>:08:00 SRC=<ipv4-redacted> DST=<ipv4-redacted> LEN=28 TOS=0x00 PREC=0xC0 TTL=1 ID=52974 DF PROTO=2 
[  585.777148] [UFW BLOCK] IN=enp5s0 OUT= MAC=<mac-address-redacted>:<mac-address-redacted>:08:00 SRC=<ipv4-redacted> DST=<ipv4-redacted> LEN=60 TOS=0x00 PREC=0x00 TTL=64 ID=63201 DF PROTO=TCP SPT=22000 DPT=22000 WINDOW=64240 RES=0x00 SYN URGP=0 
[  586.801123] [UFW BLOCK] IN=enp5s0 OUT= MAC=<mac-address-redacted>:<mac-address-redacted>:08:00 SRC=<ipv4-redacted> DST=<ipv4-redacted> LEN=60 TOS=0x00 PREC=0x00 TTL=64 ID=63202 DF PROTO=TCP SPT=22000 DPT=22000 WINDOW=64240 RES=0x00 SYN URGP=0 
[  590.134294] [UFW BLOCK] IN=enp5s0 OUT= MAC=<mac-address-redacted>:<mac-address-redacted>:08:00 SRC=<ipv4-redacted> DST=<ipv4-redacted> LEN=60 TOS=0x00 PREC=0x00 TTL=64 ID=65340 DF PROTO=TCP SPT=33430 DPT=22000 WINDOW=64240 RES=0x00 SYN URGP=0 
[  653.199554] [UFW BLOCK] IN=enp5s0 OUT= MAC=<mac-address-redacted>:<mac-address-redacted>:08:00 SRC=<ipv4-redacted> DST=<ipv4-redacted> LEN=28 TOS=0x00 PREC=0xC0 TTL=1 ID=6900 DF PROTO=2 
[  655.799735] [UFW BLOCK] IN=enp5s0 OUT= MAC=<mac-address-redacted>:<mac-address-redacted>:08:00 SRC=<ipv4-redacted> DST=<ipv4-redacted> LEN=60 TOS=0x00 PREC=0x00 TTL=64 ID=22299 DF PROTO=TCP SPT=22000 DPT=22000 WINDOW=64240 RES=0x00 SYN URGP=0 
[  656.822006] [UFW BLOCK] IN=enp5s0 OUT= MAC=<mac-address-redacted>:<mac-address-redacted>:08:00 SRC=<ipv4-redacted> DST=<ipv4-redacted> LEN=60 TOS=0x00 PREC=0x00 TTL=64 ID=22300 DF PROTO=TCP SPT=22000 DPT=22000 WINDOW=64240 RES=0x00 SYN URGP=0 
[  713.213190] [UFW BLOCK] IN=enp5s0 OUT= MAC=<mac-address-redacted>:<mac-address-redacted>:08:00 SRC=<ipv4-redacted> DST=<ipv4-redacted> LEN=28 TOS=0x00 PREC=0xC0 TTL=1 ID=17477 DF PROTO=2 
[  720.686607] [UFW BLOCK] IN=enp5s0 OUT= MAC=<mac-address-redacted>:<mac-address-redacted>:08:00 SRC=<ipv4-redacted> DST=<ipv4-redacted> LEN=32 TOS=0x00 PREC=0xC0 TTL=1 ID=0 DF PROTO=2 
[  773.227885] [UFW BLOCK] IN=enp5s0 OUT= MAC=<mac-address-redacted>:<mac-address-redacted>:08:00 SRC=<ipv4-redacted> DST=<ipv4-redacted> LEN=28 TOS=0x00 PREC=0xC0 TTL=1 ID=26669 DF PROTO=2 
[  780.844842] [UFW BLOCK] IN=enp5s0 OUT= MAC=<mac-address-redacted>:<mac-address-redacted>:08:00 SRC=<ipv4-redacted> DST=<ipv4-redacted> LEN=32 TOS=0x00 PREC=0xC0 TTL=1 ID=0 DF PROTO=2 
[  833.249275] [UFW BLOCK] IN=enp5s0 OUT= MAC=<mac-address-redacted>:<mac-address-redacted>:08:00 SRC=<ipv4-redacted> DST=<ipv4-redacted> LEN=28 TOS=0x00 PREC=0xC0 TTL=1 ID=30513 DF PROTO=2 
[  841.429728] [UFW BLOCK] IN=enp5s0 OUT= MAC=<mac-address-redacted>:<mac-address-redacted>:08:00 SRC=<ipv4-redacted> DST=<ipv4-redacted> LEN=32 TOS=0x00 PREC=0xC0 TTL=1 ID=0 DF PROTO=2 
[  893.264743] [UFW BLOCK] IN=enp5s0 OUT= MAC=<mac-address-redacted>:<mac-address-redacted>:08:00 SRC=<ipv4-redacted> DST=<ipv4-redacted> LEN=28 TOS=0x00 PREC=0xC0 TTL=1 ID=41568 DF PROTO=2 
[  902.441390] [UFW BLOCK] IN=enp5s0 OUT= MAC=<mac-address-redacted>:<mac-address-redacted>:08:00 SRC=<ipv4-redacted> DST=<ipv4-redacted> LEN=32 TOS=0x00 PREC=0xC0 TTL=1 ID=0 DF PROTO=2 
[  953.278714] [UFW BLOCK] IN=enp5s0 OUT= MAC=<mac-address-redacted>:<mac-address-redacted>:08:00 SRC=<ipv4-redacted> DST=<ipv4-redacted> LEN=28 TOS=0x00 PREC=0xC0 TTL=1 ID=49729 DF PROTO=2 
[  957.266564] [UFW BLOCK] IN=enp5s0 OUT= MAC=<mac-address-redacted>:<mac-address-redacted>:08:00 SRC=<ipv4-redacted> DST=<ipv4-redacted> LEN=32 TOS=0x00 PREC=0xC0 TTL=1 ID=0 DF PROTO=2 
[  988.377790] [UFW BLOCK] IN=enp5s0 OUT= MAC=<mac-address-redacted>:<mac-address-redacted>:08:00 SRC=<ipv4-redacted> DST=<ipv4-redacted> LEN=1813 TOS=0x00 PREC=0x00 TTL=64 ID=45926 PROTO=UDP SPT=50273 DPT=1716 LEN=1793 
[ 1013.303102] [UFW BLOCK] IN=enp5s0 OUT= MAC=<mac-address-redacted>:<mac-address-redacted>:08:00 SRC=<ipv4-redacted> DST=<ipv4-redacted> LEN=28 TOS=0x00 PREC=0xC0 TTL=1 ID=52600 DF PROTO=2 
[ 1021.051526] [UFW BLOCK] IN=enp5s0 OUT= MAC=<mac-address-redacted>:<mac-address-redacted>:08:00 SRC=<ipv4-redacted> DST=<ipv4-redacted> LEN=32 TOS=0x00 PREC=0xC0 TTL=1 ID=0 DF PROTO=2 
[ 1073.313808] [UFW BLOCK] IN=enp5s0 OUT= MAC=<mac-address-redacted>:<mac-address-redacted>:08:00 SRC=<ipv4-redacted> DST=<ipv4-redacted> LEN=28 TOS=0x00 PREC=0xC0 TTL=1 ID=60530 DF PROTO=2 
[ 1077.370201] [UFW BLOCK] IN=enp5s0 OUT= MAC=<mac-address-redacted>:<mac-address-redacted>:08:00 SRC=<ipv4-redacted> DST=<ipv4-redacted> LEN=32 TOS=0x00 PREC=0xC0 TTL=1 ID=0 DF PROTO=2 
[ 1133.328684] [UFW BLOCK] IN=enp5s0 OUT= MAC=<mac-address-redacted>:<mac-address-redacted>:08:00 SRC=<ipv4-redacted> DST=<ipv4-redacted> LEN=28 TOS=0x00 PREC=0xC0 TTL=1 ID=8358 DF PROTO=2 
[ 1134.728746] [UFW BLOCK] IN=enp5s0 OUT= MAC=<mac-address-redacted>:<mac-address-redacted>:08:00 SRC=<ipv4-redacted> DST=<ipv4-redacted> LEN=32 TOS=0x00 PREC=0xC0 TTL=1 ID=0 DF PROTO=2 
[ 1193.346952] [UFW BLOCK] IN=enp5s0 OUT= MAC=<mac-address-redacted>:<mac-address-redacted>:08:00 SRC=<ipv4-redacted> DST=<ipv4-redacted> LEN=28 TOS=0x00 PREC=0xC0 TTL=1 ID=15431 DF PROTO=2 
[ 1200.887106] [UFW BLOCK] IN=enp5s0 OUT= MAC=<mac-address-redacted>:<mac-address-redacted>:08:00 SRC=<ipv4-redacted> DST=<ipv4-redacted> LEN=32 TOS=0x00 PREC=0xC0 TTL=1 ID=0 DF PROTO=2 
[ 1253.362514] [UFW BLOCK] IN=enp5s0 OUT= MAC=<mac-address-redacted>:<mac-address-redacted>:08:00 SRC=<ipv4-redacted> DST=<ipv4-redacted> LEN=28 TOS=0x00 PREC=0xC0 TTL=1 ID=27729 DF PROTO=2 
[ 1257.845800] [UFW BLOCK] IN=enp5s0 OUT= MAC=<mac-address-redacted>:<mac-address-redacted>:08:00 SRC=<ipv4-redacted> DST=<ipv4-redacted> LEN=32 TOS=0x00 PREC=0xC0 TTL=1 ID=0 DF PROTO=2 
[ 1313.378453] [UFW BLOCK] IN=enp5s0 OUT= MAC=<mac-address-redacted>:<mac-address-redacted>:08:00 SRC=<ipv4-redacted> DST=<ipv4-redacted> LEN=28 TOS=0x00 PREC=0xC0 TTL=1 ID=41586 DF PROTO=2 
[ 1316.297923] [UFW BLOCK] IN=enp5s0 OUT= MAC=<mac-address-redacted>:<mac-address-redacted>:08:00 SRC=<ipv4-redacted> DST=<ipv4-redacted> LEN=32 TOS=0x00 PREC=0xC0 TTL=1 ID=0 DF PROTO=2 
[ 1373.402729] [UFW BLOCK] IN=enp5s0 OUT= MAC=<mac-address-redacted>:<mac-address-redacted>:08:00 SRC=<ipv4-redacted> DST=<ipv4-redacted> LEN=28 TOS=0x00 PREC=0xC0 TTL=1 ID=47872 DF PROTO=2 
[ 1373.736657] [UFW BLOCK] IN=enp5s0 OUT= MAC=<mac-address-redacted>:<mac-address-redacted>:08:00 SRC=<ipv4-redacted> DST=<ipv4-redacted> LEN=32 TOS=0x00 PREC=0xC0 TTL=1 ID=0 DF PROTO=2 
[ 1433.420629] [UFW BLOCK] IN=enp5s0 OUT= MAC=<mac-address-redacted>:<mac-address-redacted>:08:00 SRC=<ipv4-redacted> DST=<ipv4-redacted> LEN=28 TOS=0x00 PREC=0xC0 TTL=1 ID=50024 DF PROTO=2 
[ 1437.681847] [UFW BLOCK] IN=enp5s0 OUT= MAC=<mac-address-redacted>:<mac-address-redacted>:08:00 SRC=<ipv4-redacted> DST=<ipv4-redacted> LEN=32 TOS=0x00 PREC=0xC0 TTL=1 ID=0 DF PROTO=2 
[ 1489.952759] [UFW BLOCK] IN=enp5s0 OUT= MAC=<mac-address-redacted>:<mac-address-redacted>:08:00 SRC=<ipv4-redacted> DST=<ipv4-redacted> LEN=44 TOS=0x00 PREC=0x00 TTL=51 ID=0 PROTO=TCP SPT=55264 DPT=5900 WINDOW=65535 RES=0x00 SYN URGP=0 
[ 1493.434617] [UFW BLOCK] IN=enp5s0 OUT= MAC=<mac-address-redacted>:<mac-address-redacted>:08:00 SRC=<ipv4-redacted> DST=<ipv4-redacted> LEN=28 TOS=0x00 PREC=0xC0 TTL=1 ID=50183 DF PROTO=2 
[ 1497.627240] [UFW BLOCK] IN=enp5s0 OUT= MAC=<mac-address-redacted>:<mac-address-redacted>:08:00 SRC=<ipv4-redacted> DST=<ipv4-redacted> LEN=32 TOS=0x00 PREC=0xC0 TTL=1 ID=0 DF PROTO=2 
[ 1510.592147] [UFW BLOCK] IN=enp5s0 OUT= MAC=<mac-address-redacted>:<mac-address-redacted>:08:00 SRC=<ipv4-redacted> DST=<ipv4-redacted> LEN=1813 TOS=0x00 PREC=0x00 TTL=64 ID=36521 PROTO=UDP SPT=51700 DPT=1716 LEN=1793 
[ 1553.456257] [UFW BLOCK] IN=enp5s0 OUT= MAC=<mac-address-redacted>:<mac-address-redacted>:08:00 SRC=<ipv4-redacted> DST=<ipv4-redacted> LEN=28 TOS=0x00 PREC=0xC0 TTL=1 ID=60700 DF PROTO=2 
[ 1554.132794] [UFW BLOCK] IN=enp5s0 OUT= MAC=<mac-address-redacted>:<mac-address-redacted>:08:00 SRC=<ipv4-redacted> DST=<ipv4-redacted> LEN=32 TOS=0x00 PREC=0xC0 TTL=1 ID=0 DF PROTO=2 
[ 1613.468843] [UFW BLOCK] IN=enp5s0 OUT= MAC=<mac-address-redacted>:<mac-address-redacted>:08:00 SRC=<ipv4-redacted> DST=<ipv4-redacted> LEN=28 TOS=0x00 PREC=0xC0 TTL=1 ID=3563 DF PROTO=2 
[ 1615.598141] [UFW BLOCK] IN=enp5s0 OUT= MAC=<mac-address-redacted>:<mac-address-redacted>:08:00 SRC=<ipv4-redacted> DST=<ipv4-redacted> LEN=32 TOS=0x00 PREC=0xC0 TTL=1 ID=0 DF PROTO=2 
[ 1673.489108] [UFW BLOCK] IN=enp5s0 OUT= MAC=<mac-address-redacted>:<mac-address-redacted>:08:00 SRC=<ipv4-redacted> DST=<ipv4-redacted> LEN=28 TOS=0x00 PREC=0xC0 TTL=1 ID=9652 DF PROTO=2 
[ 1676.610365] [UFW BLOCK] IN=enp5s0 OUT= MAC=<mac-address-redacted>:<mac-address-redacted>:08:00 SRC=<ipv4-redacted> DST=<ipv4-redacted> LEN=32 TOS=0x00 PREC=0xC0 TTL=1 ID=0 DF PROTO=2 
[ 1733.502626] [UFW BLOCK] IN=enp5s0 OUT= MAC=<mac-address-redacted>:<mac-address-redacted>:08:00 SRC=<ipv4-redacted> DST=<ipv4-redacted> LEN=28 TOS=0x00 PREC=0xC0 TTL=1 ID=18746 DF PROTO=2 
[ 1739.329226] [UFW BLOCK] IN=enp5s0 OUT= MAC=<mac-address-redacted>:<mac-address-redacted>:08:00 SRC=<ipv4-redacted> DST=<ipv4-redacted> LEN=32 TOS=0x00 PREC=0xC0 TTL=1 ID=0 DF PROTO=2 
[ 1793.521619] [UFW BLOCK] IN=enp5s0 OUT= MAC=<mac-address-redacted>:<mac-address-redacted>:08:00 SRC=<ipv4-redacted> DST=<ipv4-redacted> LEN=28 TOS=0x00 PREC=0xC0 TTL=1 ID=25608 DF PROTO=2 
[ 1803.115197] [UFW BLOCK] IN=enp5s0 OUT= MAC=<mac-address-redacted>:<mac-address-redacted>:08:00 SRC=<ipv4-redacted> DST=<ipv4-redacted> LEN=32 TOS=0x00 PREC=0xC0 TTL=1 ID=0 DF PROTO=2 
[ 1853.533954] [UFW BLOCK] IN=enp5s0 OUT= MAC=<mac-address-redacted>:<mac-address-redacted>:08:00 SRC=<ipv4-redacted> DST=<ipv4-redacted> LEN=28 TOS=0x00 PREC=0xC0 TTL=1 ID=36539 DF PROTO=2 
[ 1859.647980] [UFW BLOCK] IN=enp5s0 OUT= MAC=<mac-address-redacted>:<mac-address-redacted>:08:00 SRC=<ipv4-redacted> DST=<ipv4-redacted> LEN=32 TOS=0x00 PREC=0xC0 TTL=1 ID=0 DF PROTO=2 
[ 1913.550980] [UFW BLOCK] IN=enp5s0 OUT= MAC=<mac-address-redacted>:<mac-address-redacted>:08:00 SRC=<ipv4-redacted> DST=<ipv4-redacted> LEN=28 TOS=0x00 PREC=0xC0 TTL=1 ID=37553 DF PROTO=2 
[ 1918.264226] tun: Universal TUN/TAP device driver, 1.6
[ 1919.112838] amn0: entered promiscuous mode
[ 1919.662905] [UFW BLOCK] IN=enp5s0 OUT= MAC= SRC=fe80:0000:0000:0000:bf50:874c:8d92:c521 DST=ff02:0000:0000:0000:0000:0000:0001:0003 LEN=79 TC=0 HOPLIMIT=255 FLOWLBL=274570 PROTO=UDP SPT=5355 DPT=5355 LEN=39 
[ 1919.663141] [UFW BLOCK] IN=enp5s0 OUT= MAC= SRC=<ipv4-redacted> DST=<ipv4-redacted> LEN=59 TOS=0x00 PREC=0x00 TTL=255 ID=31933 PROTO=UDP SPT=5355 DPT=5355 LEN=39 
[ 1919.775043] [UFW BLOCK] IN=enp5s0 OUT= MAC= SRC=fe80:0000:0000:0000:bf50:874c:8d92:c521 DST=ff02:0000:0000:0000:0000:0000:0001:0003 LEN=79 TC=0 HOPLIMIT=255 FLOWLBL=274570 PROTO=UDP SPT=5355 DPT=5355 LEN=39 
[ 1919.775140] [UFW BLOCK] IN=enp5s0 OUT= MAC= SRC=<ipv4-redacted> DST=<ipv4-redacted> LEN=59 TOS=0x00 PREC=0x00 TTL=255 ID=31997 PROTO=UDP SPT=5355 DPT=5355 LEN=39 
[ 1920.025217] [UFW BLOCK] IN=enp5s0 OUT= MAC= SRC=<ipv4-redacted> DST=<ipv4-redacted> LEN=59 TOS=0x00 PREC=0x00 TTL=255 ID=32191 PROTO=UDP SPT=5355 DPT=5355 LEN=39 
[ 1920.025374] [UFW BLOCK] IN=enp5s0 OUT= MAC= SRC=fe80:0000:0000:0000:bf50:874c:8d92:c521 DST=ff02:0000:0000:0000:0000:0000:0001:0003 LEN=79 TC=0 HOPLIMIT=255 FLOWLBL=274570 PROTO=UDP SPT=5355 DPT=5355 LEN=39 
[ 1921.087249] [UFW BLOCK] IN=enp5s0 OUT= MAC=<mac-address-redacted>:<mac-address-redacted>:08:00 SRC=<ipv4-redacted> DST=<ipv4-redacted> LEN=32 TOS=0x00 PREC=0xC0 TTL=1 ID=0 DF PROTO=2 
[ 1925.994584] [UFW BLOCK] IN=enp5s0 OUT= MAC=<mac-address-redacted>:<mac-address-redacted>:08:00 SRC=<ipv4-redacted> DST=<ipv4-redacted> LEN=1813 TOS=0x00 PREC=0x00 TTL=64 ID=58389 PROTO=UDP SPT=36873 DPT=1716 LEN=1793 
[ 1972.543901] [UFW BLOCK] IN=enp5s0 OUT= MAC=<mac-address-redacted>:<mac-address-redacted>:08:00 SRC=<ipv4-redacted> DST=<ipv4-redacted> LEN=91 TOS=0x08 PREC=0x60 TTL=52 ID=64906 DF PROTO=TCP SPT=443 DPT=33614 WINDOW=57 RES=0x00 ACK PSH URGP=0 
[ 1973.563725] [UFW BLOCK] IN=enp5s0 OUT= MAC=<mac-address-redacted>:<mac-address-redacted>:08:00 SRC=<ipv4-redacted> DST=<ipv4-redacted> LEN=28 TOS=0x00 PREC=0xC0 TTL=1 ID=48506 DF PROTO=2 
[ 1974.524922] [UFW BLOCK] IN=enp5s0 OUT= MAC= SRC=fe80:0000:0000:0000:bf50:874c:8d92:c521 DST=ff02:0000:0000:0000:0000:0000:0001:0003 LEN=79 TC=0 HOPLIMIT=255 FLOWLBL=274570 PROTO=UDP SPT=5355 DPT=5355 LEN=39 
[ 1974.525239] [UFW BLOCK] IN=enp5s0 OUT= MAC= SRC=<ipv4-redacted> DST=<ipv4-redacted> LEN=59 TOS=0x00 PREC=0x00 TTL=255 ID=245 PROTO=UDP SPT=5355 DPT=5355 LEN=39 
[ 1974.774910] [UFW BLOCK] IN=enp5s0 OUT= MAC= SRC=fe80:0000:0000:0000:bf50:874c:8d92:c521 DST=ff02:0000:0000:0000:0000:0000:0001:0003 LEN=79 TC=0 HOPLIMIT=255 FLOWLBL=274570 PROTO=UDP SPT=5355 DPT=5355 LEN=39 
[ 1974.775014] [UFW BLOCK] IN=enp5s0 OUT= MAC= SRC=<ipv4-redacted> DST=<ipv4-redacted> LEN=59 TOS=0x00 PREC=0x00 TTL=255 ID=256 PROTO=UDP SPT=5355 DPT=5355 LEN=39 
[ 1975.025023] [UFW BLOCK] IN=enp5s0 OUT= MAC= SRC=<ipv4-redacted> DST=<ipv4-redacted> LEN=59 TOS=0x00 PREC=0x00 TTL=255 ID=470 PROTO=UDP SPT=5355 DPT=5355 LEN=39 
[ 1975.025208] [UFW BLOCK] IN=enp5s0 OUT= MAC= SRC=fe80:0000:0000:0000:bf50:874c:8d92:c521 DST=ff02:0000:0000:0000:0000:0000:0001:0003 LEN=79 TC=0 HOPLIMIT=255 FLOWLBL=274570 PROTO=UDP SPT=5355 DPT=5355 LEN=39 
[ 1980.047336] [UFW BLOCK] IN=enp5s0 OUT= MAC=<mac-address-redacted>:<mac-address-redacted>:08:00 SRC=<ipv4-redacted> DST=<ipv4-redacted> LEN=52 TOS=0x04 PREC=0x00 TTL=53 ID=13273 DF PROTO=TCP SPT=443 DPT=58850 WINDOW=281 RES=0x00 ACK URGP=0 
[ 1980.047369] [UFW BLOCK] IN=enp5s0 OUT= MAC=<mac-address-redacted>:<mac-address-redacted>:08:00 SRC=<ipv4-redacted> DST=<ipv4-redacted> LEN=76 TOS=0x04 PREC=0x00 TTL=53 ID=13274 DF PROTO=TCP SPT=443 DPT=58850 WINDOW=281 RES=0x00 ACK PSH URGP=0 
[ 2001.589167] amn0: entered promiscuous mode
[ 2002.222945] [UFW BLOCK] IN=enp5s0 OUT= MAC= SRC=<ipv4-redacted> DST=<ipv4-redacted> LEN=59 TOS=0x00 PREC=0x00 TTL=255 ID=20313 PROTO=UDP SPT=5355 DPT=5355 LEN=39 
[ 2002.223008] [UFW BLOCK] IN=enp5s0 OUT= MAC= SRC=fe80:0000:0000:0000:bf50:874c:8d92:c521 DST=ff02:0000:0000:0000:0000:0000:0001:0003 LEN=79 TC=0 HOPLIMIT=255 FLOWLBL=274570 PROTO=UDP SPT=5355 DPT=5355 LEN=39 
[ 2002.525142] [UFW BLOCK] IN=enp5s0 OUT= MAC= SRC=fe80:0000:0000:0000:bf50:874c:8d92:c521 DST=ff02:0000:0000:0000:0000:0000:0001:0003 LEN=79 TC=0 HOPLIMIT=255 FLOWLBL=274570 PROTO=UDP SPT=5355 DPT=5355 LEN=39 
[ 2002.774871] [UFW BLOCK] IN=enp5s0 OUT= MAC= SRC=fe80:0000:0000:0000:bf50:874c:8d92:c521 DST=ff02:0000:0000:0000:0000:0000:0001:0003 LEN=79 TC=0 HOPLIMIT=255 FLOWLBL=274570 PROTO=UDP SPT=5355 DPT=5355 LEN=39 
[ 2014.524823] [UFW BLOCK] IN=enp5s0 OUT= MAC= SRC=<ipv4-redacted> DST=<ipv4-redacted> LEN=59 TOS=0x00 PREC=0x00 TTL=255 ID=25363 PROTO=UDP SPT=5355 DPT=5355 LEN=39 
[ 2014.525074] [UFW BLOCK] IN=enp5s0 OUT= MAC= SRC=fe80:0000:0000:0000:bf50:874c:8d92:c521 DST=ff02:0000:0000:0000:0000:0000:0001:0003 LEN=79 TC=0 HOPLIMIT=255 FLOWLBL=274570 PROTO=UDP SPT=5355 DPT=5355 LEN=39 
[ 2014.774845] [UFW BLOCK] IN=enp5s0 OUT= MAC= SRC=fe80:0000:0000:0000:bf50:874c:8d92:c521 DST=ff02:0000:0000:0000:0000:0000:0001:0003 LEN=79 TC=0 HOPLIMIT=255 FLOWLBL=274570 PROTO=UDP SPT=5355 DPT=5355 LEN=39 
[ 2015.024994] [UFW BLOCK] IN=enp5s0 OUT= MAC= SRC=fe80:0000:0000:0000:bf50:874c:8d92:c521 DST=ff02:0000:0000:0000:0000:0000:0001:0003 LEN=79 TC=0 HOPLIMIT=255 FLOWLBL=274570 PROTO=UDP SPT=5355 DPT=5355 LEN=39 
[ 2018.084167] amn0: entered promiscuous mode
[ 2018.775143] [UFW BLOCK] IN=enp5s0 OUT= MAC= SRC=fe80:0000:0000:0000:bf50:874c:8d92:c521 DST=ff02:0000:0000:0000:0000:0000:0001:0003 LEN=79 TC=0 HOPLIMIT=255 FLOWLBL=274570 PROTO=UDP SPT=5355 DPT=5355 LEN=39 
[ 2019.024882] [UFW BLOCK] IN=enp5s0 OUT= MAC= SRC=fe80:0000:0000:0000:bf50:874c:8d92:c521 DST=ff02:0000:0000:0000:0000:0000:0001:0003 LEN=79 TC=0 HOPLIMIT=255 FLOWLBL=274570 PROTO=UDP SPT=5355 DPT=5355 LEN=39 
[ 2033.592627] [UFW BLOCK] IN=enp5s0 OUT= MAC=<mac-address-redacted>:<mac-address-redacted>:08:00 SRC=<ipv4-redacted> DST=<ipv4-redacted> LEN=28 TOS=0x00 PREC=0xC0 TTL=1 ID=56522 DF PROTO=2 
[ 2093.609754] [UFW BLOCK] IN=enp5s0 OUT= MAC=<mac-address-redacted>:<mac-address-redacted>:08:00 SRC=<ipv4-redacted> DST=<ipv4-redacted> LEN=28 TOS=0x00 PREC=0xC0 TTL=1 ID=5204 DF PROTO=2 
[ 2100.498170] [UFW BLOCK] IN=enp5s0 OUT= MAC=<mac-address-redacted>:<mac-address-redacted>:08:00 SRC=<ipv4-redacted> DST=<ipv4-redacted> LEN=32 TOS=0x00 PREC=0xC0 TTL=1 ID=0 DF PROTO=2 
[ 2107.194730] [UFW BLOCK] IN=enp5s0 OUT= MAC=<mac-address-redacted>:<mac-address-redacted>:08:00 SRC=<ipv4-redacted> DST=<ipv4-redacted> LEN=91 TOS=0x08 PREC=0x60 TTL=52 ID=19725 DF PROTO=TCP SPT=443 DPT=60388 WINDOW=56 RES=0x00 ACK PSH URGP=0 
[ 2137.401673] [UFW BLOCK] IN=enp5s0 OUT= MAC=<mac-address-redacted>:<mac-address-redacted>:08:00 SRC=<ipv4-redacted> DST=<ipv4-redacted> LEN=91 TOS=0x08 PREC=0x60 TTL=52 ID=19726 DF PROTO=TCP SPT=443 DPT=60388 WINDOW=56 RES=0x00 ACK PSH URGP=0 
[ 2153.627718] [UFW BLOCK] IN=enp5s0 OUT= MAC=<mac-address-redacted>:<mac-address-redacted>:08:00 SRC=<ipv4-redacted> DST=<ipv4-redacted> LEN=28 TOS=0x00 PREC=0xC0 TTL=1 ID=20119 DF PROTO=2 
[ 2159.803945] [UFW BLOCK] IN=enp5s0 OUT= MAC=<mac-address-redacted>:<mac-address-redacted>:08:00 SRC=<ipv4-redacted> DST=<ipv4-redacted> LEN=32 TOS=0x00 PREC=0xC0 TTL=1 ID=0 DF PROTO=2 
[ 2207.741106] [UFW BLOCK] IN=enp5s0 OUT= MAC= SRC=fe80:0000:0000:0000:bf50:874c:8d92:c521 DST=ff02:0000:0000:0000:0000:0000:0001:0003 LEN=79 TC=0 HOPLIMIT=255 FLOWLBL=274570 PROTO=UDP SPT=5355 DPT=5355 LEN=39 
[ 2208.024140] [UFW BLOCK] IN=enp5s0 OUT= MAC= SRC=<ipv4-redacted> DST=<ipv4-redacted> LEN=59 TOS=0x00 PREC=0x00 TTL=255 ID=61791 PROTO=UDP SPT=5355 DPT=5355 LEN=39 
[ 2208.024470] [UFW BLOCK] IN=enp5s0 OUT= MAC= SRC=fe80:0000:0000:0000:bf50:874c:8d92:c521 DST=ff02:0000:0000:0000:0000:0000:0001:0003 LEN=79 TC=0 HOPLIMIT=255 FLOWLBL=274570 PROTO=UDP SPT=5355 DPT=5355 LEN=39 
[ 2208.274110] [UFW BLOCK] IN=enp5s0 OUT= MAC= SRC=<ipv4-redacted> DST=<ipv4-redacted> LEN=59 TOS=0x00 PREC=0x00 TTL=255 ID=61997 PROTO=UDP SPT=5355 DPT=5355 LEN=39 
[ 2208.274237] [UFW BLOCK] IN=enp5s0 OUT= MAC= SRC=fe80:0000:0000:0000:bf50:874c:8d92:c521 DST=ff02:0000:0000:0000:0000:0000:0001:0003 LEN=79 TC=0 HOPLIMIT=255 FLOWLBL=274570 PROTO=UDP SPT=5355 DPT=5355 LEN=39 
[ 2213.635280] [UFW BLOCK] IN=enp5s0 OUT= MAC=<mac-address-redacted>:<mac-address-redacted>:08:00 SRC=<ipv4-redacted> DST=<ipv4-redacted> LEN=28 TOS=0x00 PREC=0xC0 TTL=1 ID=31632 DF PROTO=2 
[ 2219.651260] amn0: entered promiscuous mode
[ 2220.121773] [UFW BLOCK] IN=enp5s0 OUT= MAC= SRC=fe80:0000:0000:0000:bf50:874c:8d92:c521 DST=ff02:0000:0000:0000:0000:0000:0001:0003 LEN=79 TC=0 HOPLIMIT=255 FLOWLBL=274570 PROTO=UDP SPT=5355 DPT=5355 LEN=39 
[ 2220.274386] [UFW BLOCK] IN=enp5s0 OUT= MAC= SRC=fe80:0000:0000:0000:bf50:874c:8d92:c521 DST=ff02:0000:0000:0000:0000:0000:0001:0003 LEN=79 TC=0 HOPLIMIT=255 FLOWLBL=274570 PROTO=UDP SPT=5355 DPT=5355 LEN=39 
[ 2220.524357] [UFW BLOCK] IN=enp5s0 OUT= MAC= SRC=fe80:0000:0000:0000:bf50:874c:8d92:c521 DST=ff02:0000:0000:0000:0000:0000:0001:0003 LEN=79 TC=0 HOPLIMIT=255 FLOWLBL=274570 PROTO=UDP SPT=5355 DPT=5355 LEN=39 
[ 2254.961021] [UFW BLOCK] IN=enp5s0 OUT= MAC=<mac-address-redacted>:<mac-address-redacted>:08:00 SRC=<ipv4-redacted> DST=<ipv4-redacted> LEN=125 TOS=0x08 PREC=0x60 TTL=118 ID=63792 PROTO=TCP SPT=443 DPT=36572 WINDOW=1041 RES=0x00 ACK PSH URGP=0 
[ 2255.239189] [UFW BLOCK] IN=enp5s0 OUT= MAC=<mac-address-redacted>:<mac-address-redacted>:08:00 SRC=<ipv4-redacted> DST=<ipv4-redacted> LEN=125 TOS=0x08 PREC=0x60 TTL=118 ID=63793 PROTO=TCP SPT=443 DPT=36572 WINDOW=1041 RES=0x00 ACK PSH URGP=0 
[ 2273.655870] [UFW BLOCK] IN=enp5s0 OUT= MAC=<mac-address-redacted>:<mac-address-redacted>:08:00 SRC=<ipv4-redacted> DST=<ipv4-redacted> LEN=28 TOS=0x00 PREC=0xC0 TTL=1 ID=42990 DF PROTO=2 
[ 2294.145536] [UFW BLOCK] IN=enp5s0 OUT= MAC=<mac-address-redacted>:<mac-address-redacted>:08:00 SRC=<ipv4-redacted> DST=<ipv4-redacted> LEN=525 TOS=0x00 PREC=0x00 TTL=64 ID=47691 DF PROTO=UDP SPT=49030 DPT=46110 LEN=505 
[ 2332.468942] [UFW BLOCK] IN=enp5s0 OUT= MAC=<mac-address-redacted>:<mac-address-redacted>:08:00 SRC=<ipv4-redacted> DST=<ipv4-redacted> LEN=91 TOS=0x00 PREC=0x00 TTL=53 ID=13601 DF PROTO=TCP SPT=443 DPT=36948 WINDOW=54 RES=0x00 ACK PSH URGP=0 
[ 2333.671625] [UFW BLOCK] IN=enp5s0 OUT= MAC=<mac-address-redacted>:<mac-address-redacted>:08:00 SRC=<ipv4-redacted> DST=<ipv4-redacted> LEN=28 TOS=0x00 PREC=0xC0 TTL=1 ID=47840 DF PROTO=2 
[ 2352.457788] [UFW BLOCK] IN=enp5s0 OUT= MAC=<mac-address-redacted>:<mac-address-redacted>:86:dd SRC=2001:0002:7847:1251:feee:ed78:4712:5180 DST=fe80:0000:0000:0000:bf50:874c:8d92:c521 LEN=96 TC=0 HOPLIMIT=64 FLOWLBL=892068 PROTO=TCP SPT=5083 DPT=36266 WINDOW=581 RES=0x00 ACK PSH URGP=0 
[ 2354.490842] [UFW BLOCK] IN=enp5s0 OUT= MAC=<mac-address-redacted>:<mac-address-redacted>:08:00 SRC=<ipv4-redacted> DST=<ipv4-redacted> LEN=1813 TOS=0x00 PREC=0x00 TTL=64 ID=53155 PROTO=UDP SPT=37084 DPT=1716 LEN=1793 
[ 2374.273043] [UFW BLOCK] IN=enp5s0 OUT= MAC=<mac-address-redacted>:<mac-address-redacted>:08:00 SRC=<ipv4-redacted> DST=<ipv4-redacted> LEN=125 TOS=0x00 PREC=0x80 TTL=118 ID=10787 PROTO=TCP SPT=443 DPT=42970 WINDOW=1042 RES=0x00 ACK PSH URGP=0 
[ 2393.686457] [UFW BLOCK] IN=enp5s0 OUT= MAC=<mac-address-redacted>:<mac-address-redacted>:08:00 SRC=<ipv4-redacted> DST=<ipv4-redacted> LEN=28 TOS=0x00 PREC=0xC0 TTL=1 ID=61632 DF PROTO=2 
[ 2414.155512] [UFW BLOCK] IN=enp5s0 OUT= MAC=<mac-address-redacted>:<mac-address-redacted>:08:00 SRC=<ipv4-redacted> DST=<ipv4-redacted> LEN=525 TOS=0x00 PREC=0x00 TTL=64 ID=65146 DF PROTO=UDP SPT=52782 DPT=51413 LEN=505 
[ 2453.702837] [UFW BLOCK] IN=enp5s0 OUT= MAC=<mac-address-redacted>:<mac-address-redacted>:08:00 SRC=<ipv4-redacted> DST=<ipv4-redacted> LEN=28 TOS=0x00 PREC=0xC0 TTL=1 ID=5193 DF PROTO=2 
[ 2460.420263] [UFW BLOCK] IN=enp5s0 OUT= MAC=<mac-address-redacted>:<mac-address-redacted>:86:dd SRC=2001:0002:7847:1251:feee:ed78:4712:5180 DST=fe80:0000:0000:0000:bf50:874c:8d92:c521 LEN=96 TC=0 HOPLIMIT=64 FLOWLBL=589455 PROTO=TCP SPT=443 DPT=51754 WINDOW=938 RES=0x00 ACK PSH URGP=0 
[ 2461.452922] [UFW BLOCK] IN=enp5s0 OUT= MAC=<mac-address-redacted>:<mac-address-redacted>:08:00 SRC=<ipv4-redacted> DST=<ipv4-redacted> LEN=32 TOS=0x00 PREC=0xC0 TTL=1 ID=0 DF PROTO=2 
[ 2463.573952] [UFW BLOCK] IN=enp5s0 OUT= MAC=<mac-address-redacted>:<mac-address-redacted>:86:dd SRC=2001:0002:7847:1251:feee:ed78:4712:5180 DST=fe80:0000:0000:0000:bf50:874c:8d92:c521 LEN=96 TC=0 HOPLIMIT=64 FLOWLBL=320204 PROTO=TCP SPT=443 DPT=51754 WINDOW=938 RES=0x00 ACK PSH FIN URGP=0 
[ 2467.058038] [UFW BLOCK] IN=enp5s0 OUT= MAC=<mac-address-redacted>:<mac-address-redacted>:86:dd SRC=2001:0002:7847:1251:feee:ed78:4712:5180 DST=fe80:0000:0000:0000:bf50:874c:8d92:c521 LEN=96 TC=0 HOPLIMIT=64 FLOWLBL=656414 PROTO=TCP SPT=443 DPT=51754 WINDOW=938 RES=0x00 ACK PSH FIN URGP=0 
[ 2487.026580] [UFW BLOCK] IN=enp5s0 OUT= MAC=<mac-address-redacted>:<mac-address-redacted>:86:dd SRC=2001:0002:7847:1251:feee:ed78:4712:5180 DST=fe80:0000:0000:0000:bf50:874c:8d92:c521 LEN=96 TC=0 HOPLIMIT=64 FLOWLBL=221293 PROTO=TCP SPT=443 DPT=51754 WINDOW=938 RES=0x00 ACK PSH FIN URGP=0 
[ 2513.719656] [UFW BLOCK] IN=enp5s0 OUT= MAC=<mac-address-redacted>:<mac-address-redacted>:08:00 SRC=<ipv4-redacted> DST=<ipv4-redacted> LEN=28 TOS=0x00 PREC=0xC0 TTL=1 ID=10510 DF PROTO=2 
[ 2518.749471] [UFW BLOCK] IN=enp5s0 OUT= MAC=<mac-address-redacted>:<mac-address-redacted>:08:00 SRC=<ipv4-redacted> DST=<ipv4-redacted> LEN=61 TOS=0x00 PREC=0x00 TTL=1 ID=12947 PROTO=UDP SPT=55275 DPT=5355 LEN=41 
[ 2518.857112] [UFW BLOCK] IN=enp5s0 OUT= MAC=<mac-address-redacted>:<mac-address-redacted>:08:00 SRC=<ipv4-redacted> DST=<ipv4-redacted> LEN=61 TOS=0x00 PREC=0x00 TTL=1 ID=12948 PROTO=UDP SPT=55275 DPT=5355 LEN=41 
[ 2534.167651] [UFW BLOCK] IN=enp5s0 OUT= MAC=<mac-address-redacted>:<mac-address-redacted>:08:00 SRC=<ipv4-redacted> DST=<ipv4-redacted> LEN=525 TOS=0x00 PREC=0x00 TTL=64 ID=20360 DF PROTO=UDP SPT=53141 DPT=53848 LEN=505 
[ 2570.229272] [UFW BLOCK] IN=enp5s0 OUT= MAC=<mac-address-redacted>:<mac-address-redacted>:08:00 SRC=<ipv4-redacted> DST=<ipv4-redacted> LEN=44 TOS=0x00 PREC=0x00 TTL=244 ID=27949 PROTO=TCP SPT=42555 DPT=3389 WINDOW=1024 RES=0x00 SYN URGP=0 
[ 2573.734461] [UFW BLOCK] IN=enp5s0 OUT= MAC=<mac-address-redacted>:<mac-address-redacted>:08:00 SRC=<ipv4-redacted> DST=<ipv4-redacted> LEN=28 TOS=0x00 PREC=0xC0 TTL=1 ID=21623 DF PROTO=2 
[ 2633.758505] [UFW BLOCK] IN=enp5s0 OUT= MAC=<mac-address-redacted>:<mac-address-redacted>:08:00 SRC=<ipv4-redacted> DST=<ipv4-redacted> LEN=28 TOS=0x00 PREC=0xC0 TTL=1 ID=34703 DF PROTO=2 
[ 2640.649888] [UFW BLOCK] IN=enp5s0 OUT= MAC=<mac-address-redacted>:<mac-address-redacted>:08:00 SRC=<ipv4-redacted> DST=<ipv4-redacted> LEN=32 TOS=0x00 PREC=0xC0 TTL=1 ID=0 DF PROTO=2 
[ 2653.154395] [UFW BLOCK] IN=enp5s0 OUT= MAC=<mac-address-redacted>:<mac-address-redacted>:08:00 SRC=<ipv4-redacted> DST=<ipv4-redacted> LEN=525 TOS=0x00 PREC=0x00 TTL=64 ID=38317 DF PROTO=UDP SPT=46776 DPT=47476 LEN=505 
[ 2654.178959] [UFW BLOCK] IN=enp5s0 OUT= MAC=<mac-address-redacted>:<mac-address-redacted>:08:00 SRC=<ipv4-redacted> DST=<ipv4-redacted> LEN=525 TOS=0x00 PREC=0x00 TTL=64 ID=38485 DF PROTO=UDP SPT=52521 DPT=47476 LEN=505 
[ 2693.771904] [UFW BLOCK] IN=enp5s0 OUT= MAC=<mac-address-redacted>:<mac-address-redacted>:08:00 SRC=<ipv4-redacted> DST=<ipv4-redacted> LEN=28 TOS=0x00 PREC=0xC0 TTL=1 ID=36137 DF PROTO=2 
[ 2698.888976] [UFW BLOCK] IN=enp5s0 OUT= MAC=<mac-address-redacted>:<mac-address-redacted>:08:00 SRC=<ipv4-redacted> DST=<ipv4-redacted> LEN=32 TOS=0x00 PREC=0xC0 TTL=1 ID=0 DF PROTO=2 
[ 2753.794213] [UFW BLOCK] IN=enp5s0 OUT= MAC=<mac-address-redacted>:<mac-address-redacted>:08:00 SRC=<ipv4-redacted> DST=<ipv4-redacted> LEN=28 TOS=0x00 PREC=0xC0 TTL=1 ID=42048 DF PROTO=2 
[ 2763.101337] [UFW BLOCK] IN=enp5s0 OUT= MAC=<mac-address-redacted>:<mac-address-redacted>:08:00 SRC=<ipv4-redacted> DST=<ipv4-redacted> LEN=32 TOS=0x00 PREC=0xC0 TTL=1 ID=0 DF PROTO=2 
[ 2773.168851] [UFW BLOCK] IN=enp5s0 OUT= MAC=<mac-address-redacted>:<mac-address-redacted>:08:00 SRC=<ipv4-redacted> DST=<ipv4-redacted> LEN=525 TOS=0x00 PREC=0x00 TTL=64 ID=64846 DF PROTO=UDP SPT=51099 DPT=39389 LEN=505 
[ 2774.190803] [UFW BLOCK] IN=enp5s0 OUT= MAC=<mac-address-redacted>:<mac-address-redacted>:08:00 SRC=<ipv4-redacted> DST=<ipv4-redacted> LEN=525 TOS=0x00 PREC=0x00 TTL=64 ID=64875 DF PROTO=UDP SPT=55961 DPT=39389 LEN=505 
[ 2813.816199] [UFW BLOCK] IN=enp5s0 OUT= MAC=<mac-address-redacted>:<mac-address-redacted>:08:00 SRC=<ipv4-redacted> DST=<ipv4-redacted> LEN=28 TOS=0x00 PREC=0xC0 TTL=1 ID=46349 DF PROTO=2 
[ 2819.512278] [UFW BLOCK] IN=enp5s0 OUT= MAC=<mac-address-redacted>:<mac-address-redacted>:08:00 SRC=<ipv4-redacted> DST=<ipv4-redacted> LEN=44 TOS=0x08 PREC=0x20 TTL=230 ID=40605 PROTO=TCP SPT=45268 DPT=3389 WINDOW=1024 RES=0x00 SYN URGP=0 
[ 2873.834860] [UFW BLOCK] IN=enp5s0 OUT= MAC=<mac-address-redacted>:<mac-address-redacted>:08:00 SRC=<ipv4-redacted> DST=<ipv4-redacted> LEN=28 TOS=0x00 PREC=0xC0 TTL=1 ID=55250 DF PROTO=2 
[ 2874.886141] [UFW BLOCK] IN=enp5s0 OUT= MAC=<mac-address-redacted>:<mac-address-redacted>:08:00 SRC=<ipv4-redacted> DST=<ipv4-redacted> LEN=32 TOS=0x00 PREC=0xC0 TTL=1 ID=0 DF PROTO=2 
[ 2893.180383] [UFW BLOCK] IN=enp5s0 OUT= MAC=<mac-address-redacted>:<mac-address-redacted>:08:00 SRC=<ipv4-redacted> DST=<ipv4-redacted> LEN=525 TOS=0x00 PREC=0x00 TTL=64 ID=8773 DF PROTO=UDP SPT=36427 DPT=48787 LEN=505 
[ 2894.202387] [UFW BLOCK] IN=enp5s0 OUT= MAC=<mac-address-redacted>:<mac-address-redacted>:08:00 SRC=<ipv4-redacted> DST=<ipv4-redacted> LEN=525 TOS=0x00 PREC=0x00 TTL=64 ID=8818 DF PROTO=UDP SPT=43137 DPT=48787 LEN=505 
[ 2933.848751] [UFW BLOCK] IN=enp5s0 OUT= MAC=<mac-address-redacted>:<mac-address-redacted>:08:00 SRC=<ipv4-redacted> DST=<ipv4-redacted> LEN=28 TOS=0x00 PREC=0xC0 TTL=1 ID=57741 DF PROTO=2 
[ 2934.485276] [UFW BLOCK] IN=enp5s0 OUT= MAC=<mac-address-redacted>:<mac-address-redacted>:08:00 SRC=<ipv4-redacted> DST=<ipv4-redacted> LEN=32 TOS=0x00 PREC=0xC0 TTL=1 ID=0 DF PROTO=2 
[ 2993.865373] [UFW BLOCK] IN=enp5s0 OUT= MAC=<mac-address-redacted>:<mac-address-redacted>:08:00 SRC=<ipv4-redacted> DST=<ipv4-redacted> LEN=28 TOS=0x00 PREC=0xC0 TTL=1 ID=4540 DF PROTO=2 
[ 2994.617507] [UFW BLOCK] IN=enp5s0 OUT= MAC=<mac-address-redacted>:<mac-address-redacted>:08:00 SRC=<ipv4-redacted> DST=<ipv4-redacted> LEN=32 TOS=0x00 PREC=0xC0 TTL=1 ID=0 DF PROTO=2 
[ 3013.189562] [UFW BLOCK] IN=enp5s0 OUT= MAC=<mac-address-redacted>:<mac-address-redacted>:08:00 SRC=<ipv4-redacted> DST=<ipv4-redacted> LEN=525 TOS=0x00 PREC=0x00 TTL=64 ID=26649 DF PROTO=UDP SPT=43971 DPT=53800 LEN=505 
[ 3014.213360] [UFW BLOCK] IN=enp5s0 OUT= MAC=<mac-address-redacted>:<mac-address-redacted>:08:00 SRC=<ipv4-redacted> DST=<ipv4-redacted> LEN=525 TOS=0x00 PREC=0x00 TTL=64 ID=26835 DF PROTO=UDP SPT=48136 DPT=53800 LEN=505 
[ 3053.880727] [UFW BLOCK] IN=enp5s0 OUT= MAC=<mac-address-redacted>:<mac-address-redacted>:08:00 SRC=<ipv4-redacted> DST=<ipv4-redacted> LEN=28 TOS=0x00 PREC=0xC0 TTL=1 ID=17345 DF PROTO=2 
[ 3058.563246] [UFW BLOCK] IN=enp5s0 OUT= MAC=<mac-address-redacted>:<mac-address-redacted>:08:00 SRC=<ipv4-redacted> DST=<ipv4-redacted> LEN=32 TOS=0x00 PREC=0xC0 TTL=1 ID=0 DF PROTO=2 
[ 3113.899948] [UFW BLOCK] IN=enp5s0 OUT= MAC=<mac-address-redacted>:<mac-address-redacted>:08:00 SRC=<ipv4-redacted> DST=<ipv4-redacted> LEN=28 TOS=0x00 PREC=0xC0 TTL=1 ID=26321 DF PROTO=2 
[ 3114.162090] [UFW BLOCK] IN=enp5s0 OUT= MAC=<mac-address-redacted>:<mac-address-redacted>:08:00 SRC=<ipv4-redacted> DST=<ipv4-redacted> LEN=32 TOS=0x00 PREC=0xC0 TTL=1 ID=0 DF PROTO=2 
[ 3133.202040] [UFW BLOCK] IN=enp5s0 OUT= MAC=<mac-address-redacted>:<mac-address-redacted>:08:00 SRC=<ipv4-redacted> DST=<ipv4-redacted> LEN=525 TOS=0x00 PREC=0x00 TTL=64 ID=31823 DF PROTO=UDP SPT=51421 DPT=40153 LEN=505 
[ 3134.225991] [UFW BLOCK] IN=enp5s0 OUT= MAC=<mac-address-redacted>:<mac-address-redacted>:08:00 SRC=<ipv4-redacted> DST=<ipv4-redacted> LEN=525 TOS=0x00 PREC=0x00 TTL=64 ID=31862 DF PROTO=UDP SPT=36615 DPT=40153 LEN=505 
[ 3173.916828] [UFW BLOCK] IN=enp5s0 OUT= MAC=<mac-address-redacted>:<mac-address-redacted>:08:00 SRC=<ipv4-redacted> DST=<ipv4-redacted> LEN=28 TOS=0x00 PREC=0xC0 TTL=1 ID=35529 DF PROTO=2 
[ 3175.894397] [UFW BLOCK] IN=enp5s0 OUT= MAC=<mac-address-redacted>:<mac-address-redacted>:08:00 SRC=<ipv4-redacted> DST=<ipv4-redacted> LEN=32 TOS=0x00 PREC=0xC0 TTL=1 ID=0 DF PROTO=2 
[ 3218.818341] [UFW BLOCK] IN=enp5s0 OUT= MAC=<mac-address-redacted>:<mac-address-redacted>:08:00 SRC=<ipv4-redacted> DST=<ipv4-redacted> LEN=44 TOS=0x00 PREC=0x60 TTL=245 ID=4695 PROTO=TCP SPT=53053 DPT=3389 WINDOW=1024 RES=0x00 SYN URGP=0 
[ 3233.933252] [UFW BLOCK] IN=enp5s0 OUT= MAC=<mac-address-redacted>:<mac-address-redacted>:08:00 SRC=<ipv4-redacted> DST=<ipv4-redacted> LEN=28 TOS=0x00 PREC=0xC0 TTL=1 ID=46916 DF PROTO=2 
[ 3235.466809] [UFW BLOCK] IN=enp5s0 OUT= MAC=<mac-address-redacted>:<mac-address-redacted>:08:00 SRC=<ipv4-redacted> DST=<ipv4-redacted> LEN=32 TOS=0x00 PREC=0xC0 TTL=1 ID=0 DF PROTO=2 
[ 3254.237556] [UFW BLOCK] IN=enp5s0 OUT= MAC=<mac-address-redacted>:<mac-address-redacted>:08:00 SRC=<ipv4-redacted> DST=<ipv4-redacted> LEN=525 TOS=0x00 PREC=0x00 TTL=64 ID=41418 DF PROTO=UDP SPT=44612 DPT=54545 LEN=505 
[ 3293.952287] [UFW BLOCK] IN=enp5s0 OUT= MAC=<mac-address-redacted>:<mac-address-redacted>:08:00 SRC=<ipv4-redacted> DST=<ipv4-redacted> LEN=28 TOS=0x00 PREC=0xC0 TTL=1 ID=61501 DF PROTO=2 
[ 3301.545655] [UFW BLOCK] IN=enp5s0 OUT= MAC=<mac-address-redacted>:<mac-address-redacted>:08:00 SRC=<ipv4-redacted> DST=<ipv4-redacted> LEN=32 TOS=0x00 PREC=0xC0 TTL=1 ID=0 DF PROTO=2 
[ 3353.974197] [UFW BLOCK] IN=enp5s0 OUT= MAC=<mac-address-redacted>:<mac-address-redacted>:08:00 SRC=<ipv4-redacted> DST=<ipv4-redacted> LEN=28 TOS=0x00 PREC=0xC0 TTL=1 ID=3950 DF PROTO=2 
[ 3355.091582] [UFW BLOCK] IN=enp5s0 OUT= MAC=<mac-address-redacted>:<mac-address-redacted>:08:00 SRC=<ipv4-redacted> DST=<ipv4-redacted> LEN=32 TOS=0x00 PREC=0xC0 TTL=1 ID=0 DF PROTO=2 
[ 3373.225383] [UFW BLOCK] IN=enp5s0 OUT= MAC=<mac-address-redacted>:<mac-address-redacted>:08:00 SRC=<ipv4-redacted> DST=<ipv4-redacted> LEN=525 TOS=0x00 PREC=0x00 TTL=64 ID=4133 DF PROTO=UDP SPT=42002 DPT=45166 LEN=505 
[ 3374.147122] [UFW BLOCK] IN=enp5s0 OUT= MAC=<mac-address-redacted>:<mac-address-redacted>:08:00 SRC=<ipv4-redacted> DST=<ipv4-redacted> LEN=525 TOS=0x00 PREC=0x00 TTL=64 ID=4235 DF PROTO=UDP SPT=56832 DPT=45166 LEN=505 
[ 3395.832069] [UFW BLOCK] IN=enp5s0 OUT= MAC=<mac-address-redacted>:<mac-address-redacted>:08:00 SRC=<ipv4-redacted> DST=<ipv4-redacted> LEN=1813 TOS=0x00 PREC=0x00 TTL=64 ID=2276 PROTO=UDP SPT=55214 DPT=1716 LEN=1793 
[ 3413.984648] [UFW BLOCK] IN=enp5s0 OUT= MAC=<mac-address-redacted>:<mac-address-redacted>:08:00 SRC=<ipv4-redacted> DST=<ipv4-redacted> LEN=28 TOS=0x00 PREC=0xC0 TTL=1 ID=10341 DF PROTO=2 
[ 3474.000692] [UFW BLOCK] IN=enp5s0 OUT= MAC=<mac-address-redacted>:<mac-address-redacted>:08:00 SRC=<ipv4-redacted> DST=<ipv4-redacted> LEN=28 TOS=0x00 PREC=0xC0 TTL=1 ID=11887 DF PROTO=2 
[ 3480.956040] [UFW BLOCK] IN=enp5s0 OUT= MAC=<mac-address-redacted>:<mac-address-redacted>:08:00 SRC=<ipv4-redacted> DST=<ipv4-redacted> LEN=32 TOS=0x00 PREC=0xC0 TTL=1 ID=0 DF PROTO=2 
[ 3493.237152] [UFW BLOCK] IN=enp5s0 OUT= MAC=<mac-address-redacted>:<mac-address-redacted>:08:00 SRC=<ipv4-redacted> DST=<ipv4-redacted> LEN=525 TOS=0x00 PREC=0x00 TTL=64 ID=29079 DF PROTO=UDP SPT=33142 DPT=59749 LEN=505 
[ 3494.158694] [UFW BLOCK] IN=enp5s0 OUT= MAC=<mac-address-redacted>:<mac-address-redacted>:08:00 SRC=<ipv4-redacted> DST=<ipv4-redacted> LEN=525 TOS=0x00 PREC=0x00 TTL=64 ID=29193 DF PROTO=UDP SPT=48089 DPT=59749 LEN=505 
[ 3534.024258] [UFW BLOCK] IN=enp5s0 OUT= MAC=<mac-address-redacted>:<mac-address-redacted>:08:00 SRC=<ipv4-redacted> DST=<ipv4-redacted> LEN=28 TOS=0x00 PREC=0xC0 TTL=1 ID=14927 DF PROTO=2 
[ 3535.995023] [UFW BLOCK] IN=enp5s0 OUT= MAC=<mac-address-redacted>:<mac-address-redacted>:08:00 SRC=<ipv4-redacted> DST=<ipv4-redacted> LEN=32 TOS=0x00 PREC=0xC0 TTL=1 ID=0 DF PROTO=2 
[ 3594.035434] [UFW BLOCK] IN=enp5s0 OUT= MAC=<mac-address-redacted>:<mac-address-redacted>:08:00 SRC=<ipv4-redacted> DST=<ipv4-redacted> LEN=28 TOS=0x00 PREC=0xC0 TTL=1 ID=19880 DF PROTO=2 
[ 3597.860733] [UFW BLOCK] IN=enp5s0 OUT= MAC=<mac-address-redacted>:<mac-address-redacted>:08:00 SRC=<ipv4-redacted> DST=<ipv4-redacted> LEN=32 TOS=0x00 PREC=0xC0 TTL=1 ID=0 DF PROTO=2 
[ 3613.147530] [UFW BLOCK] IN=enp5s0 OUT= MAC=<mac-address-redacted>:<mac-address-redacted>:08:00 SRC=<ipv4-redacted> DST=<ipv4-redacted> LEN=525 TOS=0x00 PREC=0x00 TTL=64 ID=51986 DF PROTO=UDP SPT=43979 DPT=45799 LEN=505 
[ 3614.170684] [UFW BLOCK] IN=enp5s0 OUT= MAC=<mac-address-redacted>:<mac-address-redacted>:08:00 SRC=<ipv4-redacted> DST=<ipv4-redacted> LEN=525 TOS=0x00 PREC=0x00 TTL=64 ID=52061 DF PROTO=UDP SPT=34615 DPT=45799 LEN=505 
[ 3654.051672] [UFW BLOCK] IN=enp5s0 OUT= MAC=<mac-address-redacted>:<mac-address-redacted>:08:00 SRC=<ipv4-redacted> DST=<ipv4-redacted> LEN=28 TOS=0x00 PREC=0xC0 TTL=1 ID=26034 DF PROTO=2 
[ 3658.019607] [UFW BLOCK] IN=enp5s0 OUT= MAC=<mac-address-redacted>:<mac-address-redacted>:08:00 SRC=<ipv4-redacted> DST=<ipv4-redacted> LEN=32 TOS=0x00 PREC=0xC0 TTL=1 ID=0 DF PROTO=2 
[ 3714.067066] [UFW BLOCK] IN=enp5s0 OUT= MAC=<mac-address-redacted>:<mac-address-redacted>:08:00 SRC=<ipv4-redacted> DST=<ipv4-redacted> LEN=28 TOS=0x00 PREC=0xC0 TTL=1 ID=31176 DF PROTO=2 
[ 3716.258598] [UFW BLOCK] IN=enp5s0 OUT= MAC=<mac-address-redacted>:<mac-address-redacted>:08:00 SRC=<ipv4-redacted> DST=<ipv4-redacted> LEN=32 TOS=0x00 PREC=0xC0 TTL=1 ID=0 DF PROTO=2 
[ 3733.157950] [UFW BLOCK] IN=enp5s0 OUT= MAC=<mac-address-redacted>:<mac-address-redacted>:08:00 SRC=<ipv4-redacted> DST=<ipv4-redacted> LEN=525 TOS=0x00 PREC=0x00 TTL=64 ID=4578 DF PROTO=UDP SPT=60549 DPT=33812 LEN=505 
[ 3734.182095] [UFW BLOCK] IN=enp5s0 OUT= MAC=<mac-address-redacted>:<mac-address-redacted>:08:00 SRC=<ipv4-redacted> DST=<ipv4-redacted> LEN=525 TOS=0x00 PREC=0x00 TTL=64 ID=4800 DF PROTO=UDP SPT=33132 DPT=33812 LEN=505 
[ 3774.085478] [UFW BLOCK] IN=enp5s0 OUT= MAC=<mac-address-redacted>:<mac-address-redacted>:08:00 SRC=<ipv4-redacted> DST=<ipv4-redacted> LEN=28 TOS=0x00 PREC=0xC0 TTL=1 ID=41182 DF PROTO=2 
[ 3780.257646] [UFW BLOCK] IN=enp5s0 OUT= MAC=<mac-address-redacted>:<mac-address-redacted>:08:00 SRC=<ipv4-redacted> DST=<ipv4-redacted> LEN=32 TOS=0x00 PREC=0xC0 TTL=1 ID=0 DF PROTO=2 
[ 3834.096151] [UFW BLOCK] IN=enp5s0 OUT= MAC=<mac-address-redacted>:<mac-address-redacted>:08:00 SRC=<ipv4-redacted> DST=<ipv4-redacted> LEN=28 TOS=0x00 PREC=0xC0 TTL=1 ID=50685 DF PROTO=2 
[ 3844.043901] [UFW BLOCK] IN=enp5s0 OUT= MAC=<mac-address-redacted>:<mac-address-redacted>:08:00 SRC=<ipv4-redacted> DST=<ipv4-redacted> LEN=32 TOS=0x00 PREC=0xC0 TTL=1 ID=0 DF PROTO=2 
[ 3853.169899] [UFW BLOCK] IN=enp5s0 OUT= MAC=<mac-address-redacted>:<mac-address-redacted>:08:00 SRC=<ipv4-redacted> DST=<ipv4-redacted> LEN=525 TOS=0x00 PREC=0x00 TTL=64 ID=11556 DF PROTO=UDP SPT=52824 DPT=43872 LEN=505 
[ 3854.193818] [UFW BLOCK] IN=enp5s0 OUT= MAC=<mac-address-redacted>:<mac-address-redacted>:08:00 SRC=<ipv4-redacted> DST=<ipv4-redacted> LEN=525 TOS=0x00 PREC=0x00 TTL=64 ID=11588 DF PROTO=UDP SPT=41472 DPT=43872 LEN=505 
[ 3894.107804] [UFW BLOCK] IN=enp5s0 OUT= MAC=<mac-address-redacted>:<mac-address-redacted>:08:00 SRC=<ipv4-redacted> DST=<ipv4-redacted> LEN=28 TOS=0x00 PREC=0xC0 TTL=1 ID=50975 DF PROTO=2 
[ 3903.563330] [UFW BLOCK] IN=enp5s0 OUT= MAC=<mac-address-redacted>:<mac-address-redacted>:08:00 SRC=<ipv4-redacted> DST=<ipv4-redacted> LEN=32 TOS=0x00 PREC=0xC0 TTL=1 ID=0 DF PROTO=2 
[ 3954.121235] [UFW BLOCK] IN=enp5s0 OUT= MAC=<mac-address-redacted>:<mac-address-redacted>:08:00 SRC=<ipv4-redacted> DST=<ipv4-redacted> LEN=28 TOS=0x00 PREC=0xC0 TTL=1 ID=62840 DF PROTO=2 
[ 3955.696151] [UFW BLOCK] IN=enp5s0 OUT= MAC=<mac-address-redacted>:<mac-address-redacted>:08:00 SRC=<ipv4-redacted> DST=<ipv4-redacted> LEN=32 TOS=0x00 PREC=0xC0 TTL=1 ID=0 DF PROTO=2 
[ 3973.181421] [UFW BLOCK] IN=enp5s0 OUT= MAC=<mac-address-redacted>:<mac-address-redacted>:08:00 SRC=<ipv4-redacted> DST=<ipv4-redacted> LEN=525 TOS=0x00 PREC=0x00 TTL=64 ID=18542 DF PROTO=UDP SPT=48018 DPT=42250 LEN=505 
[ 3974.205509] [UFW BLOCK] IN=enp5s0 OUT= MAC=<mac-address-redacted>:<mac-address-redacted>:08:00 SRC=<ipv4-redacted> DST=<ipv4-redacted> LEN=525 TOS=0x00 PREC=0x00 TTL=64 ID=18566 DF PROTO=UDP SPT=39973 DPT=42250 LEN=505 
[ 4014.159907] [UFW BLOCK] IN=enp5s0 OUT= MAC=<mac-address-redacted>:<mac-address-redacted>:08:00 SRC=<ipv4-redacted> DST=<ipv4-redacted> LEN=28 TOS=0x00 PREC=0xC0 TTL=1 ID=1697 DF PROTO=2 
[ 4014.522180] [UFW BLOCK] IN=enp5s0 OUT= MAC=<mac-address-redacted>:<mac-address-redacted>:08:00 SRC=<ipv4-redacted> DST=<ipv4-redacted> LEN=32 TOS=0x00 PREC=0xC0 TTL=1 ID=0 DF PROTO=2 
[ 4063.891113] [UFW BLOCK] IN=enp5s0 OUT= MAC=<mac-address-redacted>:<mac-address-redacted>:08:00 SRC=<ipv4-redacted> DST=<ipv4-redacted> LEN=1813 TOS=0x00 PREC=0x00 TTL=64 ID=42120 PROTO=UDP SPT=51951 DPT=1716 LEN=1793 
[ 4074.180299] [UFW BLOCK] IN=enp5s0 OUT= MAC=<mac-address-redacted>:<mac-address-redacted>:08:00 SRC=<ipv4-redacted> DST=<ipv4-redacted> LEN=28 TOS=0x00 PREC=0xC0 TTL=1 ID=10709 DF PROTO=2 
[ 4078.921552] [UFW BLOCK] IN=enp5s0 OUT= MAC=<mac-address-redacted>:<mac-address-redacted>:08:00 SRC=<ipv4-redacted> DST=<ipv4-redacted> LEN=32 TOS=0x00 PREC=0xC0 TTL=1 ID=0 DF PROTO=2 
[ 4094.217260] [UFW BLOCK] IN=enp5s0 OUT= MAC=<mac-address-redacted>:<mac-address-redacted>:08:00 SRC=<ipv4-redacted> DST=<ipv4-redacted> LEN=525 TOS=0x00 PREC=0x00 TTL=64 ID=38383 DF PROTO=UDP SPT=49845 DPT=52029 LEN=505 
[ 4134.192283] [UFW BLOCK] IN=enp5s0 OUT= MAC=<mac-address-redacted>:<mac-address-redacted>:08:00 SRC=<ipv4-redacted> DST=<ipv4-redacted> LEN=28 TOS=0x00 PREC=0xC0 TTL=1 ID=15802 DF PROTO=2 
[ 4142.067482] [UFW BLOCK] IN=enp5s0 OUT= MAC=<mac-address-redacted>:<mac-address-redacted>:08:00 SRC=<ipv4-redacted> DST=<ipv4-redacted> LEN=32 TOS=0x00 PREC=0xC0 TTL=1 ID=0 DF PROTO=2 
[ 4194.205634] [UFW BLOCK] IN=enp5s0 OUT= MAC=<mac-address-redacted>:<mac-address-redacted>:08:00 SRC=<ipv4-redacted> DST=<ipv4-redacted> LEN=28 TOS=0x00 PREC=0xC0 TTL=1 ID=30668 DF PROTO=2 
[ 4194.866878] [UFW BLOCK] IN=enp5s0 OUT= MAC=<mac-address-redacted>:<mac-address-redacted>:08:00 SRC=<ipv4-redacted> DST=<ipv4-redacted> LEN=32 TOS=0x00 PREC=0xC0 TTL=1 ID=0 DF PROTO=2 
[ 4213.204980] [UFW BLOCK] IN=enp5s0 OUT= MAC=<mac-address-redacted>:<mac-address-redacted>:08:00 SRC=<ipv4-redacted> DST=<ipv4-redacted> LEN=525 TOS=0x00 PREC=0x00 TTL=64 ID=60447 DF PROTO=UDP SPT=46648 DPT=38961 LEN=505 
[ 4214.229020] [UFW BLOCK] IN=enp5s0 OUT= MAC=<mac-address-redacted>:<mac-address-redacted>:08:00 SRC=<ipv4-redacted> DST=<ipv4-redacted> LEN=525 TOS=0x00 PREC=0x00 TTL=64 ID=60618 DF PROTO=UDP SPT=51429 DPT=38961 LEN=505 
[ 4254.227624] [UFW BLOCK] IN=enp5s0 OUT= MAC=<mac-address-redacted>:<mac-address-redacted>:08:00 SRC=<ipv4-redacted> DST=<ipv4-redacted> LEN=28 TOS=0x00 PREC=0xC0 TTL=1 ID=44899 DF PROTO=2 
[ 4263.665997] [UFW BLOCK] IN=enp5s0 OUT= MAC=<mac-address-redacted>:<mac-address-redacted>:08:00 SRC=<ipv4-redacted> DST=<ipv4-redacted> LEN=32 TOS=0x00 PREC=0xC0 TTL=1 ID=0 DF PROTO=2 
[ 4314.245623] [UFW BLOCK] IN=enp5s0 OUT= MAC=<mac-address-redacted>:<mac-address-redacted>:08:00 SRC=<ipv4-redacted> DST=<ipv4-redacted> LEN=28 TOS=0x00 PREC=0xC0 TTL=1 ID=47906 DF PROTO=2 
[ 4318.491936] [UFW BLOCK] IN=enp5s0 OUT= MAC=<mac-address-redacted>:<mac-address-redacted>:08:00 SRC=<ipv4-redacted> DST=<ipv4-redacted> LEN=32 TOS=0x00 PREC=0xC0 TTL=1 ID=0 DF PROTO=2 
[ 4333.217504] [UFW BLOCK] IN=enp5s0 OUT= MAC=<mac-address-redacted>:<mac-address-redacted>:08:00 SRC=<ipv4-redacted> DST=<ipv4-redacted> LEN=525 TOS=0x00 PREC=0x00 TTL=64 ID=22233 DF PROTO=UDP SPT=50989 DPT=53401 LEN=505 
[ 4334.141096] [UFW BLOCK] IN=enp5s0 OUT= MAC=<mac-address-redacted>:<mac-address-redacted>:08:00 SRC=<ipv4-redacted> DST=<ipv4-redacted> LEN=525 TOS=0x00 PREC=0x00 TTL=64 ID=22357 DF PROTO=UDP SPT=44258 DPT=53401 LEN=505 
[ 4374.255998] [UFW BLOCK] IN=enp5s0 OUT= MAC=<mac-address-redacted>:<mac-address-redacted>:08:00 SRC=<ipv4-redacted> DST=<ipv4-redacted> LEN=28 TOS=0x00 PREC=0xC0 TTL=1 ID=52203 DF PROTO=2 
[ 4379.931299] [UFW BLOCK] IN=enp5s0 OUT= MAC=<mac-address-redacted>:<mac-address-redacted>:08:00 SRC=<ipv4-redacted> DST=<ipv4-redacted> LEN=32 TOS=0x00 PREC=0xC0 TTL=1 ID=0 DF PROTO=2 
[ 4434.269911] [UFW BLOCK] IN=enp5s0 OUT= MAC=<mac-address-redacted>:<mac-address-redacted>:08:00 SRC=<ipv4-redacted> DST=<ipv4-redacted> LEN=28 TOS=0x00 PREC=0xC0 TTL=1 ID=54656 DF PROTO=2 
[ 4443.290283] [UFW BLOCK] IN=enp5s0 OUT= MAC=<mac-address-redacted>:<mac-address-redacted>:08:00 SRC=<ipv4-redacted> DST=<ipv4-redacted> LEN=32 TOS=0x00 PREC=0xC0 TTL=1 ID=0 DF PROTO=2 
[ 4453.227738] [UFW BLOCK] IN=enp5s0 OUT= MAC=<mac-address-redacted>:<mac-address-redacted>:08:00 SRC=<ipv4-redacted> DST=<ipv4-redacted> LEN=525 TOS=0x00 PREC=0x00 TTL=64 ID=47416 DF PROTO=UDP SPT=57585 DPT=58583 LEN=505 
[ 4454.149798] [UFW BLOCK] IN=enp5s0 OUT= MAC=<mac-address-redacted>:<mac-address-redacted>:08:00 SRC=<ipv4-redacted> DST=<ipv4-redacted> LEN=525 TOS=0x00 PREC=0x00 TTL=64 ID=47520 DF PROTO=UDP SPT=37900 DPT=58583 LEN=505 
[ 4494.287706] [UFW BLOCK] IN=enp5s0 OUT= MAC=<mac-address-redacted>:<mac-address-redacted>:08:00 SRC=<ipv4-redacted> DST=<ipv4-redacted> LEN=28 TOS=0x00 PREC=0xC0 TTL=1 ID=61951 DF PROTO=2 
[ 4498.329523] [UFW BLOCK] IN=enp5s0 OUT= MAC=<mac-address-redacted>:<mac-address-redacted>:08:00 SRC=<ipv4-redacted> DST=<ipv4-redacted> LEN=32 TOS=0x00 PREC=0xC0 TTL=1 ID=0 DF PROTO=2 
[ 4554.301568] [UFW BLOCK] IN=enp5s0 OUT= MAC=<mac-address-redacted>:<mac-address-redacted>:08:00 SRC=<ipv4-redacted> DST=<ipv4-redacted> LEN=28 TOS=0x00 PREC=0xC0 TTL=1 ID=11165 DF PROTO=2 
[ 4559.768746] [UFW BLOCK] IN=enp5s0 OUT= MAC=<mac-address-redacted>:<mac-address-redacted>:08:00 SRC=<ipv4-redacted> DST=<ipv4-redacted> LEN=32 TOS=0x00 PREC=0xC0 TTL=1 ID=0 DF PROTO=2 
[ 4573.137537] [UFW BLOCK] IN=enp5s0 OUT= MAC=<mac-address-redacted>:<mac-address-redacted>:08:00 SRC=<ipv4-redacted> DST=<ipv4-redacted> LEN=525 TOS=0x00 PREC=0x00 TTL=64 ID=62854 DF PROTO=UDP SPT=51420 DPT=34640 LEN=505 
[ 4574.161376] [UFW BLOCK] IN=enp5s0 OUT= MAC=<mac-address-redacted>:<mac-address-redacted>:08:00 SRC=<ipv4-redacted> DST=<ipv4-redacted> LEN=525 TOS=0x00 PREC=0x00 TTL=64 ID=62887 DF PROTO=UDP SPT=45816 DPT=34640 LEN=505 
[ 4614.323895] [UFW BLOCK] IN=enp5s0 OUT= MAC=<mac-address-redacted>:<mac-address-redacted>:08:00 SRC=<ipv4-redacted> DST=<ipv4-redacted> LEN=28 TOS=0x00 PREC=0xC0 TTL=1 ID=18476 DF PROTO=2 
[ 4621.421275] [UFW BLOCK] IN=enp5s0 OUT= MAC=<mac-address-redacted>:<mac-address-redacted>:08:00 SRC=<ipv4-redacted> DST=<ipv4-redacted> LEN=32 TOS=0x00 PREC=0xC0 TTL=1 ID=0 DF PROTO=2 
[ 4674.337010] [UFW BLOCK] IN=enp5s0 OUT= MAC=<mac-address-redacted>:<mac-address-redacted>:08:00 SRC=<ipv4-redacted> DST=<ipv4-redacted> LEN=28 TOS=0x00 PREC=0xC0 TTL=1 ID=20907 DF PROTO=2 
[ 4677.100339] [UFW BLOCK] IN=enp5s0 OUT= MAC=<mac-address-redacted>:<mac-address-redacted>:08:00 SRC=<ipv4-redacted> DST=<ipv4-redacted> LEN=32 TOS=0x00 PREC=0xC0 TTL=1 ID=0 DF PROTO=2 
[ 4693.149185] [UFW BLOCK] IN=enp5s0 OUT= MAC=<mac-address-redacted>:<mac-address-redacted>:08:00 SRC=<ipv4-redacted> DST=<ipv4-redacted> LEN=525 TOS=0x00 PREC=0x00 TTL=64 ID=8521 DF PROTO=UDP SPT=48516 DPT=35424 LEN=505 
[ 4694.173811] [UFW BLOCK] IN=enp5s0 OUT= MAC=<mac-address-redacted>:<mac-address-redacted>:08:00 SRC=<ipv4-redacted> DST=<ipv4-redacted> LEN=525 TOS=0x00 PREC=0x00 TTL=64 ID=8537 DF PROTO=UDP SPT=43542 DPT=35424 LEN=505 
[ 4734.358075] [UFW BLOCK] IN=enp5s0 OUT= MAC=<mac-address-redacted>:<mac-address-redacted>:08:00 SRC=<ipv4-redacted> DST=<ipv4-redacted> LEN=28 TOS=0x00 PREC=0xC0 TTL=1 ID=25175 DF PROTO=2 
[ 4736.833045] [UFW BLOCK] IN=enp5s0 OUT= MAC=<mac-address-redacted>:<mac-address-redacted>:08:00 SRC=<ipv4-redacted> DST=<ipv4-redacted> LEN=32 TOS=0x00 PREC=0xC0 TTL=1 ID=0 DF PROTO=2 
[ 4794.381067] [UFW BLOCK] IN=enp5s0 OUT= MAC=<mac-address-redacted>:<mac-address-redacted>:08:00 SRC=<ipv4-redacted> DST=<ipv4-redacted> LEN=28 TOS=0x00 PREC=0xC0 TTL=1 ID=28645 DF PROTO=2 
[ 4798.272111] [UFW BLOCK] IN=enp5s0 OUT= MAC=<mac-address-redacted>:<mac-address-redacted>:08:00 SRC=<ipv4-redacted> DST=<ipv4-redacted> LEN=32 TOS=0x00 PREC=0xC0 TTL=1 ID=0 DF PROTO=2 
[ 4813.179519] [UFW BLOCK] IN=enp5s0 OUT= MAC=<mac-address-redacted>:<mac-address-redacted>:08:00 SRC=<ipv4-redacted> DST=<ipv4-redacted> LEN=525 TOS=0x00 PREC=0x00 TTL=64 ID=35342 DF PROTO=UDP SPT=45365 DPT=38255 LEN=505 
[ 4814.185381] [UFW BLOCK] IN=enp5s0 OUT= MAC=<mac-address-redacted>:<mac-address-redacted>:08:00 SRC=<ipv4-redacted> DST=<ipv4-redacted> LEN=525 TOS=0x00 PREC=0x00 TTL=64 ID=35343 DF PROTO=UDP SPT=56318 DPT=38255 LEN=505 
[ 4854.389475] [UFW BLOCK] IN=enp5s0 OUT= MAC=<mac-address-redacted>:<mac-address-redacted>:08:00 SRC=<ipv4-redacted> DST=<ipv4-redacted> LEN=28 TOS=0x00 PREC=0xC0 TTL=1 ID=38110 DF PROTO=2 
[ 4859.287742] [UFW BLOCK] IN=enp5s0 OUT= MAC=<mac-address-redacted>:<mac-address-redacted>:08:00 SRC=<ipv4-redacted> DST=<ipv4-redacted> LEN=32 TOS=0x00 PREC=0xC0 TTL=1 ID=0 DF PROTO=2 
[ 4914.410301] [UFW BLOCK] IN=enp5s0 OUT= MAC=<mac-address-redacted>:<mac-address-redacted>:08:00 SRC=<ipv4-redacted> DST=<ipv4-redacted> LEN=28 TOS=0x00 PREC=0xC0 TTL=1 ID=38572 DF PROTO=2 
[ 4915.310293] [UFW BLOCK] IN=enp5s0 OUT= MAC=<mac-address-redacted>:<mac-address-redacted>:08:00 SRC=<ipv4-redacted> DST=<ipv4-redacted> LEN=32 TOS=0x00 PREC=0xC0 TTL=1 ID=0 DF PROTO=2 
[ 4933.172543] [UFW BLOCK] IN=enp5s0 OUT= MAC=<mac-address-redacted>:<mac-address-redacted>:08:00 SRC=<ipv4-redacted> DST=<ipv4-redacted> LEN=525 TOS=0x00 PREC=0x00 TTL=64 ID=42597 DF PROTO=UDP SPT=55085 DPT=35394 LEN=505 
[ 4934.197131] [UFW BLOCK] IN=enp5s0 OUT= MAC=<mac-address-redacted>:<mac-address-redacted>:08:00 SRC=<ipv4-redacted> DST=<ipv4-redacted> LEN=525 TOS=0x00 PREC=0x00 TTL=64 ID=42623 DF PROTO=UDP SPT=33006 DPT=35394 LEN=505 
[ 4974.424849] [UFW BLOCK] IN=enp5s0 OUT= MAC=<mac-address-redacted>:<mac-address-redacted>:08:00 SRC=<ipv4-redacted> DST=<ipv4-redacted> LEN=28 TOS=0x00 PREC=0xC0 TTL=1 ID=40286 DF PROTO=2 
[ 4978.322628] [UFW BLOCK] IN=enp5s0 OUT= MAC=<mac-address-redacted>:<mac-address-redacted>:08:00 SRC=<ipv4-redacted> DST=<ipv4-redacted> LEN=32 TOS=0x00 PREC=0xC0 TTL=1 ID=0 DF PROTO=2 
[ 5034.448318] [UFW BLOCK] IN=enp5s0 OUT= MAC=<mac-address-redacted>:<mac-address-redacted>:08:00 SRC=<ipv4-redacted> DST=<ipv4-redacted> LEN=28 TOS=0x00 PREC=0xC0 TTL=1 ID=46853 DF PROTO=2 
[ 5042.961757] [UFW BLOCK] IN=enp5s0 OUT= MAC=<mac-address-redacted>:<mac-address-redacted>:08:00 SRC=<ipv4-redacted> DST=<ipv4-redacted> LEN=32 TOS=0x00 PREC=0xC0 TTL=1 ID=0 DF PROTO=2 
[ 5053.184389] [UFW BLOCK] IN=enp5s0 OUT= MAC=<mac-address-redacted>:<mac-address-redacted>:08:00 SRC=<ipv4-redacted> DST=<ipv4-redacted> LEN=525 TOS=0x00 PREC=0x00 TTL=64 ID=64274 DF PROTO=UDP SPT=55136 DPT=40600 LEN=505 
[ 5054.208307] [UFW BLOCK] IN=enp5s0 OUT= MAC=<mac-address-redacted>:<mac-address-redacted>:08:00 SRC=<ipv4-redacted> DST=<ipv4-redacted> LEN=525 TOS=0x00 PREC=0x00 TTL=64 ID=64449 DF PROTO=UDP SPT=56728 DPT=40600 LEN=505 
[ 5094.465825] [UFW BLOCK] IN=enp5s0 OUT= MAC=<mac-address-redacted>:<mac-address-redacted>:08:00 SRC=<ipv4-redacted> DST=<ipv4-redacted> LEN=28 TOS=0x00 PREC=0xC0 TTL=1 ID=48646 DF PROTO=2 
[ 5101.840843] [UFW BLOCK] IN=enp5s0 OUT= MAC=<mac-address-redacted>:<mac-address-redacted>:08:00 SRC=<ipv4-redacted> DST=<ipv4-redacted> LEN=32 TOS=0x00 PREC=0xC0 TTL=1 ID=0 DF PROTO=2 
[ 5154.478255] [UFW BLOCK] IN=enp5s0 OUT= MAC=<mac-address-redacted>:<mac-address-redacted>:08:00 SRC=<ipv4-redacted> DST=<ipv4-redacted> LEN=28 TOS=0x00 PREC=0xC0 TTL=1 ID=58920 DF PROTO=2 
[ 5162.426591] [UFW BLOCK] IN=enp5s0 OUT= MAC=<mac-address-redacted>:<mac-address-redacted>:08:00 SRC=<ipv4-redacted> DST=<ipv4-redacted> LEN=32 TOS=0x00 PREC=0xC0 TTL=1 ID=0 DF PROTO=2 
[ 5173.196521] [UFW BLOCK] IN=enp5s0 OUT= MAC=<mac-address-redacted>:<mac-address-redacted>:08:00 SRC=<ipv4-redacted> DST=<ipv4-redacted> LEN=525 TOS=0x00 PREC=0x00 TTL=64 ID=4884 DF PROTO=UDP SPT=41481 DPT=47696 LEN=505 
[ 5174.219904] [UFW BLOCK] IN=enp5s0 OUT= MAC=<mac-address-redacted>:<mac-address-redacted>:08:00 SRC=<ipv4-redacted> DST=<ipv4-redacted> LEN=525 TOS=0x00 PREC=0x00 TTL=64 ID=4954 DF PROTO=UDP SPT=43484 DPT=47696 LEN=505 
[ 5214.492272] [UFW BLOCK] IN=enp5s0 OUT= MAC=<mac-address-redacted>:<mac-address-redacted>:08:00 SRC=<ipv4-redacted> DST=<ipv4-redacted> LEN=28 TOS=0x00 PREC=0xC0 TTL=1 ID=62613 DF PROTO=2 
[ 5215.359134] [UFW BLOCK] IN=enp5s0 OUT= MAC=<mac-address-redacted>:<mac-address-redacted>:08:00 SRC=<ipv4-redacted> DST=<ipv4-redacted> LEN=32 TOS=0x00 PREC=0xC0 TTL=1 ID=0 DF PROTO=2 
[ 5274.506706] [UFW BLOCK] IN=enp5s0 OUT= MAC=<mac-address-redacted>:<mac-address-redacted>:08:00 SRC=<ipv4-redacted> DST=<ipv4-redacted> LEN=28 TOS=0x00 PREC=0xC0 TTL=1 ID=4044 DF PROTO=2 
[ 5283.811473] [UFW BLOCK] IN=enp5s0 OUT= MAC=<mac-address-redacted>:<mac-address-redacted>:08:00 SRC=<ipv4-redacted> DST=<ipv4-redacted> LEN=32 TOS=0x00 PREC=0xC0 TTL=1 ID=0 DF PROTO=2 
[ 5293.207590] [UFW BLOCK] IN=enp5s0 OUT= MAC=<mac-address-redacted>:<mac-address-redacted>:08:00 SRC=<ipv4-redacted> DST=<ipv4-redacted> LEN=525 TOS=0x00 PREC=0x00 TTL=64 ID=8180 DF PROTO=UDP SPT=36737 DPT=39407 LEN=505 
[ 5294.231547] [UFW BLOCK] IN=enp5s0 OUT= MAC=<mac-address-redacted>:<mac-address-redacted>:08:00 SRC=<ipv4-redacted> DST=<ipv4-redacted> LEN=525 TOS=0x00 PREC=0x00 TTL=64 ID=8280 DF PROTO=UDP SPT=37489 DPT=39407 LEN=505 
[ 5334.524143] [UFW BLOCK] IN=enp5s0 OUT= MAC=<mac-address-redacted>:<mac-address-redacted>:08:00 SRC=<ipv4-redacted> DST=<ipv4-redacted> LEN=28 TOS=0x00 PREC=0xC0 TTL=1 ID=4456 DF PROTO=2 
[ 5339.493964] [UFW BLOCK] IN=enp5s0 OUT= MAC=<mac-address-redacted>:<mac-address-redacted>:08:00 SRC=<ipv4-redacted> DST=<ipv4-redacted> LEN=32 TOS=0x00 PREC=0xC0 TTL=1 ID=0 DF PROTO=2 
[ 5394.543623] [UFW BLOCK] IN=enp5s0 OUT= MAC=<mac-address-redacted>:<mac-address-redacted>:08:00 SRC=<ipv4-redacted> DST=<ipv4-redacted> LEN=28 TOS=0x00 PREC=0xC0 TTL=1 ID=15929 DF PROTO=2 
[ 5398.796277] [UFW BLOCK] IN=enp5s0 OUT= MAC=<mac-address-redacted>:<mac-address-redacted>:08:00 SRC=<ipv4-redacted> DST=<ipv4-redacted> LEN=32 TOS=0x00 PREC=0xC0 TTL=1 ID=0 DF PROTO=2 
[ 5404.350314] [UFW BLOCK] IN=enp5s0 OUT= MAC=<mac-address-redacted>:<mac-address-redacted>:08:00 SRC=<ipv4-redacted> DST=<ipv4-redacted> LEN=44 TOS=0x00 PREC=0x00 TTL=244 ID=218 PROTO=TCP SPT=46274 DPT=3389 WINDOW=1024 RES=0x00 SYN URGP=0 
[ 5414.140979] [UFW BLOCK] IN=enp5s0 OUT= MAC=<mac-address-redacted>:<mac-address-redacted>:08:00 SRC=<ipv4-redacted> DST=<ipv4-redacted> LEN=525 TOS=0x00 PREC=0x00 TTL=64 ID=30112 DF PROTO=UDP SPT=57807 DPT=42944 LEN=505 
[ 5454.553638] [UFW BLOCK] IN=enp5s0 OUT= MAC=<mac-address-redacted>:<mac-address-redacted>:08:00 SRC=<ipv4-redacted> DST=<ipv4-redacted> LEN=28 TOS=0x00 PREC=0xC0 TTL=1 ID=27074 DF PROTO=2 
[ 5455.435362] [UFW BLOCK] IN=enp5s0 OUT= MAC=<mac-address-redacted>:<mac-address-redacted>:08:00 SRC=<ipv4-redacted> DST=<ipv4-redacted> LEN=32 TOS=0x00 PREC=0xC0 TTL=1 ID=0 DF PROTO=2 
[ 5508.338125] [UFW BLOCK] IN=enp5s0 OUT= MAC=<mac-address-redacted>:<mac-address-redacted>:08:00 SRC=<ipv4-redacted> DST=<ipv4-redacted> LEN=1813 TOS=0x00 PREC=0x00 TTL=64 ID=47319 PROTO=UDP SPT=49167 DPT=1716 LEN=1793 
[ 5514.568645] [UFW BLOCK] IN=enp5s0 OUT= MAC=<mac-address-redacted>:<mac-address-redacted>:08:00 SRC=<ipv4-redacted> DST=<ipv4-redacted> LEN=28 TOS=0x00 PREC=0xC0 TTL=1 ID=41390 DF PROTO=2 
[ 5520.611207] [UFW BLOCK] IN=enp5s0 OUT= MAC=<mac-address-redacted>:<mac-address-redacted>:08:00 SRC=<ipv4-redacted> DST=<ipv4-redacted> LEN=32 TOS=0x00 PREC=0xC0 TTL=1 ID=0 DF PROTO=2 
[ 5534.152472] [UFW BLOCK] IN=enp5s0 OUT= MAC=<mac-address-redacted>:<mac-address-redacted>:08:00 SRC=<ipv4-redacted> DST=<ipv4-redacted> LEN=525 TOS=0x00 PREC=0x00 TTL=64 ID=33812 DF PROTO=UDP SPT=60602 DPT=44154 LEN=505 
[ 5570.788236] [UFW BLOCK] IN=enp5s0 OUT= MAC=<mac-address-redacted>:<mac-address-redacted>:08:00 SRC=<ipv4-redacted> DST=<ipv4-redacted> LEN=60 TOS=0x00 PREC=0x00 TTL=111 ID=16885 DF PROTO=TCP SPT=29064 DPT=3389 WINDOW=62727 RES=0x00 SYN URGP=0 
[ 5573.879481] [UFW BLOCK] IN=enp5s0 OUT= MAC=<mac-address-redacted>:<mac-address-redacted>:08:00 SRC=<ipv4-redacted> DST=<ipv4-redacted> LEN=60 TOS=0x00 PREC=0x00 TTL=111 ID=16887 DF PROTO=TCP SPT=29064 DPT=3389 WINDOW=62727 RES=0x00 SYN URGP=0 
[ 5634.599288] [UFW BLOCK] IN=enp5s0 OUT= MAC=<mac-address-redacted>:<mac-address-redacted>:08:00 SRC=<ipv4-redacted> DST=<ipv4-redacted> LEN=28 TOS=0x00 PREC=0xC0 TTL=1 ID=56528 DF PROTO=2 
[ 5639.219324] [UFW BLOCK] IN=enp5s0 OUT= MAC=<mac-address-redacted>:<mac-address-redacted>:08:00 SRC=<ipv4-redacted> DST=<ipv4-redacted> LEN=32 TOS=0x00 PREC=0xC0 TTL=1 ID=0 DF PROTO=2 
[ 5653.140511] [UFW BLOCK] IN=enp5s0 OUT= MAC=<mac-address-redacted>:<mac-address-redacted>:08:00 SRC=<ipv4-redacted> DST=<ipv4-redacted> LEN=525 TOS=0x00 PREC=0x00 TTL=64 ID=35607 DF PROTO=UDP SPT=46231 DPT=39038 LEN=505 
[ 5654.166630] [UFW BLOCK] IN=enp5s0 OUT= MAC=<mac-address-redacted>:<mac-address-redacted>:08:00 SRC=<ipv4-redacted> DST=<ipv4-redacted> LEN=525 TOS=0x00 PREC=0x00 TTL=64 ID=35731 DF PROTO=UDP SPT=37699 DPT=39038 LEN=505 
[ 5694.609786] [UFW BLOCK] IN=enp5s0 OUT= MAC=<mac-address-redacted>:<mac-address-redacted>:08:00 SRC=<ipv4-redacted> DST=<ipv4-redacted> LEN=28 TOS=0x00 PREC=0xC0 TTL=1 ID=60244 DF PROTO=2 
[ 5703.858328] [UFW BLOCK] IN=enp5s0 OUT= MAC=<mac-address-redacted>:<mac-address-redacted>:08:00 SRC=<ipv4-redacted> DST=<ipv4-redacted> LEN=32 TOS=0x00 PREC=0xC0 TTL=1 ID=0 DF PROTO=2 
[ 5717.559378] [UFW BLOCK] IN=enp5s0 OUT= MAC=<mac-address-redacted>:<mac-address-redacted>:08:00 SRC=<ipv4-redacted> DST=<ipv4-redacted> LEN=1813 TOS=0x00 PREC=0x00 TTL=64 ID=17539 PROTO=UDP SPT=54921 DPT=1716 LEN=1793 
[ 5754.624318] [UFW BLOCK] IN=enp5s0 OUT= MAC=<mac-address-redacted>:<mac-address-redacted>:08:00 SRC=<ipv4-redacted> DST=<ipv4-redacted> LEN=28 TOS=0x00 PREC=0xC0 TTL=1 ID=61457 DF PROTO=2 
[ 5759.964139] [UFW BLOCK] IN=enp5s0 OUT= MAC=<mac-address-redacted>:<mac-address-redacted>:08:00 SRC=<ipv4-redacted> DST=<ipv4-redacted> LEN=32 TOS=0x00 PREC=0xC0 TTL=1 ID=0 DF PROTO=2 
[ 5774.176060] [UFW BLOCK] IN=enp5s0 OUT= MAC=<mac-address-redacted>:<mac-address-redacted>:08:00 SRC=<ipv4-redacted> DST=<ipv4-redacted> LEN=525 TOS=0x00 PREC=0x00 TTL=64 ID=61384 DF PROTO=UDP SPT=54836 DPT=53284 LEN=505 
[ 5814.642519] [UFW BLOCK] IN=enp5s0 OUT= MAC=<mac-address-redacted>:<mac-address-redacted>:08:00 SRC=<ipv4-redacted> DST=<ipv4-redacted> LEN=28 TOS=0x00 PREC=0xC0 TTL=1 ID=10422 DF PROTO=2 
[ 5815.269938] [UFW BLOCK] IN=enp5s0 OUT= MAC=<mac-address-redacted>:<mac-address-redacted>:08:00 SRC=<ipv4-redacted> DST=<ipv4-redacted> LEN=32 TOS=0x00 PREC=0xC0 TTL=1 ID=0 DF PROTO=2 
[ 5874.658707] [UFW BLOCK] IN=enp5s0 OUT= MAC=<mac-address-redacted>:<mac-address-redacted>:08:00 SRC=<ipv4-redacted> DST=<ipv4-redacted> LEN=28 TOS=0x00 PREC=0xC0 TTL=1 ID=11255 DF PROTO=2 
[ 5881.988786] [UFW BLOCK] IN=enp5s0 OUT= MAC=<mac-address-redacted>:<mac-address-redacted>:08:00 SRC=<ipv4-redacted> DST=<ipv4-redacted> LEN=32 TOS=0x00 PREC=0xC0 TTL=1 ID=0 DF PROTO=2 
[ 5893.164065] [UFW BLOCK] IN=enp5s0 OUT= MAC=<mac-address-redacted>:<mac-address-redacted>:08:00 SRC=<ipv4-redacted> DST=<ipv4-redacted> LEN=525 TOS=0x00 PREC=0x00 TTL=64 ID=20099 DF PROTO=UDP SPT=51780 DPT=40391 LEN=505 
[ 5894.085176] [UFW BLOCK] IN=enp5s0 OUT= MAC=<mac-address-redacted>:<mac-address-redacted>:08:00 SRC=<ipv4-redacted> DST=<ipv4-redacted> LEN=525 TOS=0x00 PREC=0x00 TTL=64 ID=20257 DF PROTO=UDP SPT=57862 DPT=40391 LEN=505 
[ 5934.667852] [UFW BLOCK] IN=enp5s0 OUT= MAC=<mac-address-redacted>:<mac-address-redacted>:08:00 SRC=<ipv4-redacted> DST=<ipv4-redacted> LEN=28 TOS=0x00 PREC=0xC0 TTL=1 ID=11896 DF PROTO=2 
[ 5939.587758] [UFW BLOCK] IN=enp5s0 OUT= MAC=<mac-address-redacted>:<mac-address-redacted>:08:00 SRC=<ipv4-redacted> DST=<ipv4-redacted> LEN=32 TOS=0x00 PREC=0xC0 TTL=1 ID=0 DF PROTO=2 
[ 5994.683024] [UFW BLOCK] IN=enp5s0 OUT= MAC=<mac-address-redacted>:<mac-address-redacted>:08:00 SRC=<ipv4-redacted> DST=<ipv4-redacted> LEN=28 TOS=0x00 PREC=0xC0 TTL=1 ID=25267 DF PROTO=2 
[ 5998.896568] [UFW BLOCK] IN=enp5s0 OUT= MAC=<mac-address-redacted>:<mac-address-redacted>:08:00 SRC=<ipv4-redacted> DST=<ipv4-redacted> LEN=32 TOS=0x00 PREC=0xC0 TTL=1 ID=0 DF PROTO=2 
[ 6013.072928] [UFW BLOCK] IN=enp5s0 OUT= MAC=<mac-address-redacted>:<mac-address-redacted>:08:00 SRC=<ipv4-redacted> DST=<ipv4-redacted> LEN=525 TOS=0x00 PREC=0x00 TTL=64 ID=21714 DF PROTO=UDP SPT=59820 DPT=42975 LEN=505 
[ 6014.096951] [UFW BLOCK] IN=enp5s0 OUT= MAC=<mac-address-redacted>:<mac-address-redacted>:08:00 SRC=<ipv4-redacted> DST=<ipv4-redacted> LEN=525 TOS=0x00 PREC=0x00 TTL=64 ID=21877 DF PROTO=UDP SPT=39697 DPT=42975 LEN=505 
[ 6054.701465] [UFW BLOCK] IN=enp5s0 OUT= MAC=<mac-address-redacted>:<mac-address-redacted>:08:00 SRC=<ipv4-redacted> DST=<ipv4-redacted> LEN=28 TOS=0x00 PREC=0xC0 TTL=1 ID=33159 DF PROTO=2 
[ 6055.265712] [UFW BLOCK] IN=enp5s0 OUT= MAC=<mac-address-redacted>:<mac-address-redacted>:08:00 SRC=<ipv4-redacted> DST=<ipv4-redacted> LEN=32 TOS=0x00 PREC=0xC0 TTL=1 ID=0 DF PROTO=2 
[ 6114.712334] [UFW BLOCK] IN=enp5s0 OUT= MAC=<mac-address-redacted>:<mac-address-redacted>:08:00 SRC=<ipv4-redacted> DST=<ipv4-redacted> LEN=28 TOS=0x00 PREC=0xC0 TTL=1 ID=44937 DF PROTO=2 
[ 6118.357896] [UFW BLOCK] IN=enp5s0 OUT= MAC=<mac-address-redacted>:<mac-address-redacted>:08:00 SRC=<ipv4-redacted> DST=<ipv4-redacted> LEN=32 TOS=0x00 PREC=0xC0 TTL=1 ID=0 DF PROTO=2 
[ 6133.087870] [UFW BLOCK] IN=enp5s0 OUT= MAC=<mac-address-redacted>:<mac-address-redacted>:08:00 SRC=<ipv4-redacted> DST=<ipv4-redacted> LEN=525 TOS=0x00 PREC=0x00 TTL=64 ID=34257 DF PROTO=UDP SPT=58643 DPT=43469 LEN=505 
[ 6134.108308] [UFW BLOCK] IN=enp5s0 OUT= MAC=<mac-address-redacted>:<mac-address-redacted>:08:00 SRC=<ipv4-redacted> DST=<ipv4-redacted> LEN=525 TOS=0x00 PREC=0x00 TTL=64 ID=34308 DF PROTO=UDP SPT=57069 DPT=43469 LEN=505 
[ 6174.729213] [UFW BLOCK] IN=enp5s0 OUT= MAC=<mac-address-redacted>:<mac-address-redacted>:08:00 SRC=<ipv4-redacted> DST=<ipv4-redacted> LEN=28 TOS=0x00 PREC=0xC0 TTL=1 ID=45749 DF PROTO=2 
[ 6178.516870] [UFW BLOCK] IN=enp5s0 OUT= MAC=<mac-address-redacted>:<mac-address-redacted>:08:00 SRC=<ipv4-redacted> DST=<ipv4-redacted> LEN=32 TOS=0x00 PREC=0xC0 TTL=1 ID=0 DF PROTO=2 
[ 6234.749967] [UFW BLOCK] IN=enp5s0 OUT= MAC=<mac-address-redacted>:<mac-address-redacted>:08:00 SRC=<ipv4-redacted> DST=<ipv4-redacted> LEN=28 TOS=0x00 PREC=0xC0 TTL=1 ID=46853 DF PROTO=2 
[ 6237.825864] [UFW BLOCK] IN=enp5s0 OUT= MAC=<mac-address-redacted>:<mac-address-redacted>:08:00 SRC=<ipv4-redacted> DST=<ipv4-redacted> LEN=32 TOS=0x00 PREC=0xC0 TTL=1 ID=0 DF PROTO=2 
[ 6253.095855] [UFW BLOCK] IN=enp5s0 OUT= MAC=<mac-address-redacted>:<mac-address-redacted>:08:00 SRC=<ipv4-redacted> DST=<ipv4-redacted> LEN=525 TOS=0x00 PREC=0x00 TTL=64 ID=35005 DF PROTO=UDP SPT=35263 DPT=47205 LEN=505 
[ 6254.120363] [UFW BLOCK] IN=enp5s0 OUT= MAC=<mac-address-redacted>:<mac-address-redacted>:08:00 SRC=<ipv4-redacted> DST=<ipv4-redacted> LEN=525 TOS=0x00 PREC=0x00 TTL=64 ID=35126 DF PROTO=UDP SPT=42651 DPT=47205 LEN=505 
[ 6294.761863] [UFW BLOCK] IN=enp5s0 OUT= MAC=<mac-address-redacted>:<mac-address-redacted>:08:00 SRC=<ipv4-redacted> DST=<ipv4-redacted> LEN=28 TOS=0x00 PREC=0xC0 TTL=1 ID=48480 DF PROTO=2 
[ 6295.208107] [UFW BLOCK] IN=enp5s0 OUT= MAC=<mac-address-redacted>:<mac-address-redacted>:08:00 SRC=<ipv4-redacted> DST=<ipv4-redacted> LEN=32 TOS=0x00 PREC=0xC0 TTL=1 ID=0 DF PROTO=2 
[ 6343.252108] [UFW BLOCK] IN=enp5s0 OUT= MAC=<mac-address-redacted>:<mac-address-redacted>:08:00 SRC=<ipv4-redacted> DST=<ipv4-redacted> LEN=1813 TOS=0x00 PREC=0x00 TTL=64 ID=19821 PROTO=UDP SPT=58101 DPT=1716 LEN=1793 
[ 6354.777390] [UFW BLOCK] IN=enp5s0 OUT= MAC=<mac-address-redacted>:<mac-address-redacted>:08:00 SRC=<ipv4-redacted> DST=<ipv4-redacted> LEN=28 TOS=0x00 PREC=0xC0 TTL=1 ID=53075 DF PROTO=2 
[ 6357.073759] [UFW BLOCK] IN=enp5s0 OUT= MAC=<mac-address-redacted>:<mac-address-redacted>:08:00 SRC=<ipv4-redacted> DST=<ipv4-redacted> LEN=32 TOS=0x00 PREC=0xC0 TTL=1 ID=0 DF PROTO=2 
[ 6374.036886] [UFW BLOCK] IN=enp5s0 OUT= MAC=<mac-address-redacted>:<mac-address-redacted>:08:00 SRC=<ipv4-redacted> DST=<ipv4-redacted> LEN=525 TOS=0x00 PREC=0x00 TTL=64 ID=58151 DF PROTO=UDP SPT=43364 DPT=42314 LEN=505 
[ 6414.794246] [UFW BLOCK] IN=enp5s0 OUT= MAC=<mac-address-redacted>:<mac-address-redacted>:08:00 SRC=<ipv4-redacted> DST=<ipv4-redacted> LEN=28 TOS=0x00 PREC=0xC0 TTL=1 ID=58507 DF PROTO=2 
[ 6418.086084] [UFW BLOCK] IN=enp5s0 OUT= MAC=<mac-address-redacted>:<mac-address-redacted>:08:00 SRC=<ipv4-redacted> DST=<ipv4-redacted> LEN=32 TOS=0x00 PREC=0xC0 TTL=1 ID=0 DF PROTO=2 

____________________________________________
journalctl of current boot

июл 30 23:13:50 cachyos kernel:   #1  #3  #5  #7  #9 #11 #13 #15
июл 30 23:13:50 cachyos kernel: virt/tdx: TDX not supported by the host platform
июл 30 23:13:50 cachyos kernel: nvidia: loading out-of-tree module taints kernel.
июл 30 23:13:50 cachyos kernel: nvidia: unknown parameter 'NVreg_UsePageAttributeTable' ignored
июл 30 23:13:50 cachyos kernel: 
июл 30 23:13:50 cachyos kernel: NVRM: loading NVIDIA UNIX Open Kernel Module for x86_64  610.43.03  Release Build  (notroot@)  Mon Jul 27 14:34:21 UTC 2026
июл 30 23:13:51 cachyos kernel: sd 9:0:0:0: [sdb] No Caching mode page found
июл 30 23:13:51 cachyos kernel: sd 9:0:0:0: [sdb] Assuming drive cache: write through
июл 30 23:13:51 cachyos kernel: sd 8:0:0:0: [sdc] No Caching mode page found
июл 30 23:13:51 cachyos kernel: sd 8:0:0:0: [sdc] Assuming drive cache: write through
июл 30 23:13:51 cachyos kernel: scsi 8:0:0:1: Failed to get diagnostic page 0x1
июл 30 23:13:51 cachyos kernel: scsi 8:0:0:1: Failed to bind enclosure -19
июл 30 23:13:54 <hostname-redacted> kernel: spi-nor spi0.0: supply vcc not found, using dummy regulator
июл 30 23:13:54 <hostname-redacted> kernel: usb 1-5.2: Warning! Unlikely big volume step count (=496), linear volume or wrong cval->res?
июл 30 23:13:54 <hostname-redacted> kernel: usb 1-5.2: [50] FU [Mic Capture Volume] ch = 1, val = 0/7936/16
июл 30 23:13:55 <hostname-redacted> avahi-daemon[792]: *** WARNING: Detected another IPv4 mDNS stack running on this host. This makes mDNS unreliable and is thus not recommended. ***
июл 30 23:13:55 <hostname-redacted> avahi-daemon[792]: *** WARNING: Detected another IPv6 mDNS stack running on this host. This makes mDNS unreliable and is thus not recommended. ***
июл 30 23:14:00 <hostname-redacted> kernel: [UFW BLOCK] IN=enp5s0 OUT= MAC= SRC=fe80:0000:0000:0000:bf50:874c:8d92:c521 DST=ff02:0000:0000:0000:0000:0000:0001:0003 LEN=79 TC=0 HOPLIMIT=255 FLOWLBL=274570 PROTO=UDP SPT=5355 DPT=5355 LEN=39 
июл 30 23:14:00 <hostname-redacted> NetworkManager[790]: ((../NetworkManager/src/libnm-systemd-core/src/libsystemd/sd-event/sd-event.c:4458)): assertion '<dropped>' failed
июл 30 23:14:00 <hostname-redacted> kernel: [UFW BLOCK] IN=enp5s0 OUT= MAC= SRC=fe80:0000:0000:0000:bf50:874c:8d92:c521 DST=ff02:0000:0000:0000:0000:0000:0001:0003 LEN=79 TC=0 HOPLIMIT=255 FLOWLBL=274570 PROTO=UDP SPT=5355 DPT=5355 LEN=39 
июл 30 23:14:00 <hostname-redacted> kernel: [UFW BLOCK] IN=enp5s0 OUT= MAC= SRC=fe80:0000:0000:0000:bf50:874c:8d92:c521 DST=ff02:0000:0000:0000:0000:0000:0001:0003 LEN=79 TC=0 HOPLIMIT=255 FLOWLBL=274570 PROTO=UDP SPT=5355 DPT=5355 LEN=39 
июл 30 23:14:00 <hostname-redacted> sddm[884]: Could not setup default cursor
июл 30 23:14:01 <hostname-redacted> dbus-broker-launch[787]: Activation request for 'org.freedesktop.home1' failed: The systemd unit 'dbus-org.freedesktop.home1.service' could not be found.
июл 30 23:14:01 <hostname-redacted> dbus-broker-launch[939]: Service file '/usr/share/dbus-1/services/org.kde.dolphin.FileManager1.service' is not named after the D-Bus name 'org.freedesktop.FileManager1'.
июл 30 23:14:01 <hostname-redacted> sddm-greeter-qt6[936]: Member enabled of the object ImageButton_QMLTYPE_16 overrides a member of the base object. Consider renaming it or adding final or override specifier
июл 30 23:14:05 <hostname-redacted> kernel: platform INT3515:01: deferred probe pending: Serial bus multi instantiate pseudo device driver: Error creating i2c-client, idx 0
июл 30 23:14:16 <hostname-redacted> systemd[967]: sys-devices-pci0000:00-0000:00:1f.3-sound-card2-controlC2.device: Failed to enqueue SYSTEMD_USER_WANTS job, ignoring: Transaction for sound.target/start is destructive (sound.target has 'stop' job queued, but 'start' is included in transaction).
июл 30 23:14:16 <hostname-redacted> systemd[967]: sys-devices-pci0000:00-0000:00:01.0-0000:01:00.1-sound-card1-controlC1.device: Failed to enqueue SYSTEMD_USER_WANTS job, ignoring: Transaction for sound.target/start is destructive (sound.target has 'stop' job queued, but 'start' is included in transaction).
июл 30 23:14:16 <hostname-redacted> systemd[967]: sys-devices-pci0000:00-0000:00:14.0-usb1-1\x2d5-1\x2d5.2-1\x2d5.2:1.0-sound-card0-controlC0.device: Failed to enqueue SYSTEMD_USER_WANTS job, ignoring: Transaction for sound.target/start is destructive (sound.target has 'stop' job queued, but 'start' is included in transaction).
июл 30 23:14:16 <hostname-redacted> kernel: [UFW BLOCK] IN=enp5s0 OUT= MAC= SRC=<ipv4-redacted> DST=<ipv4-redacted> LEN=59 TOS=0x00 PREC=0x00 TTL=255 ID=50647 PROTO=UDP SPT=5355 DPT=5355 LEN=39 
июл 30 23:14:17 <hostname-redacted> kernel: [UFW BLOCK] IN=enp5s0 OUT= MAC= SRC=<ipv4-redacted> DST=<ipv4-redacted> LEN=59 TOS=0x00 PREC=0x00 TTL=255 ID=50865 PROTO=UDP SPT=5355 DPT=5355 LEN=39 
июл 30 23:14:17 <hostname-redacted> kernel: [UFW BLOCK] IN=enp5s0 OUT= MAC= SRC=<ipv4-redacted> DST=<ipv4-redacted> LEN=59 TOS=0x00 PREC=0x00 TTL=255 ID=51016 PROTO=UDP SPT=5355 DPT=5355 LEN=39 
июл 30 23:14:17 <hostname-redacted> kernel: [UFW BLOCK] IN=enp5s0 OUT= MAC=<mac-address-redacted>:<mac-address-redacted>:08:00 SRC=<ipv4-redacted> DST=<ipv4-redacted> LEN=60 TOS=0x00 PREC=0x00 TTL=64 ID=36419 DF PROTO=TCP SPT=48652 DPT=22000 WINDOW=64240 RES=0x00 SYN URGP=0 
июл 30 23:14:17 <hostname-redacted> dbus-broker-launch[1053]: Service file '/usr/share/dbus-1/services/org.kde.dolphin.FileManager1.service' is not named after the D-Bus name 'org.freedesktop.FileManager1'.
июл 30 23:14:17 <hostname-redacted> accounts-daemon[1101]: Unable to open /etc/tcb: Нет такого файла или каталога
июл 30 23:14:17 <hostname-redacted> accounts-daemon[1101]: couldn't list homed users: GDBus.Error:org.freedesktop.DBus.Error.NameHasNoOwner: Could not activate remote peer 'org.freedesktop.home1': activation request failed: unknown unit
июл 30 23:14:18 <hostname-redacted> kernel: [UFW BLOCK] IN=enp5s0 OUT= MAC=<mac-address-redacted>:<mac-address-redacted>:08:00 SRC=<ipv4-redacted> DST=<ipv4-redacted> LEN=60 TOS=0x00 PREC=0x00 TTL=64 ID=40684 DF PROTO=TCP SPT=22000 DPT=22000 WINDOW=64240 RES=0x00 SYN URGP=0 
июл 30 23:14:18 <hostname-redacted> pipewire[1221]: mod.rt: could not set nice-level to -11: Отказано в доступе
июл 30 23:14:18 <hostname-redacted> pipewire[1221]: mod.rt: RTKit error: org.freedesktop.DBus.Error.ServiceUnknown
июл 30 23:14:18 <hostname-redacted> pipewire[1221]: mod.rt: RTKit does not give us MaxRealtimePriority, using 1
июл 30 23:14:18 <hostname-redacted> pipewire[1221]: mod.rt: RTKit error: org.freedesktop.DBus.Error.ServiceUnknown
июл 30 23:14:18 <hostname-redacted> pipewire[1221]: mod.rt: RTKit does not give us MinNiceLevel, using 0
июл 30 23:14:18 <hostname-redacted> pipewire[1221]: mod.rt: RTKit error: org.freedesktop.DBus.Error.ServiceUnknown
июл 30 23:14:18 <hostname-redacted> pipewire[1221]: mod.rt: RTKit does not give us RTTimeUSecMax, using -1
июл 30 23:14:18 <hostname-redacted> wireplumber[1222]: mod.rt: could not set nice-level to -11: Отказано в доступе
июл 30 23:14:18 <hostname-redacted> wireplumber[1222]: mod.rt: RTKit error: org.freedesktop.DBus.Error.ServiceUnknown
июл 30 23:14:18 <hostname-redacted> wireplumber[1222]: mod.rt: RTKit does not give us MaxRealtimePriority, using 1
июл 30 23:14:18 <hostname-redacted> wireplumber[1222]: mod.rt: RTKit error: org.freedesktop.DBus.Error.ServiceUnknown
июл 30 23:14:18 <hostname-redacted> wireplumber[1222]: mod.rt: RTKit does not give us MinNiceLevel, using 0
июл 30 23:14:18 <hostname-redacted> wireplumber[1222]: mod.rt: RTKit error: org.freedesktop.DBus.Error.ServiceUnknown
июл 30 23:14:18 <hostname-redacted> wireplumber[1222]: mod.rt: RTKit does not give us RTTimeUSecMax, using -1
июл 30 23:14:18 <hostname-redacted> wireplumber[1222]: spa.bluez5: BlueZ system service is not available
июл 30 23:14:22 <hostname-redacted> /usr/lib/xdg-desktop-portal[1270]: Failed to load RealtimeKit property: GDBus.Error:org.freedesktop.DBus.Error.ServiceUnknown: The name is not activatable
июл 30 23:14:22 <hostname-redacted> /usr/lib/xdg-desktop-portal[1270]: Failed to load RealtimeKit property: GDBus.Error:org.freedesktop.DBus.Error.ServiceUnknown: The name is not activatable
июл 30 23:14:22 <hostname-redacted> /usr/lib/xdg-desktop-portal[1270]: Failed to load RealtimeKit property: GDBus.Error:org.freedesktop.DBus.Error.ServiceUnknown: The name is not activatable
июл 30 23:14:40 <hostname-redacted> kernel: [UFW BLOCK] IN=enp5s0 OUT= MAC=<mac-address-redacted>:<mac-address-redacted>:08:00 SRC=<ipv4-redacted> DST=<ipv4-redacted> LEN=28 TOS=0x00 PREC=0xC0 TTL=1 ID=62906 DF PROTO=2 
июл 30 23:14:43 <hostname-redacted> kernel: [UFW BLOCK] IN=enp5s0 OUT= MAC=<mac-address-redacted>:<mac-address-redacted>:08:00 SRC=<ipv4-redacted> DST=<ipv4-redacted> LEN=32 TOS=0x00 PREC=0xC0 TTL=1 ID=0 DF PROTO=2 
июл 30 23:15:21 <hostname-redacted> kernel: [UFW BLOCK] IN=enp5s0 OUT= MAC=<mac-address-redacted>:<mac-address-redacted>:08:00 SRC=<ipv4-redacted> DST=<ipv4-redacted> LEN=60 TOS=0x00 PREC=0x00 TTL=64 ID=8669 DF PROTO=TCP SPT=22000 DPT=22000 WINDOW=64240 RES=0x00 SYN URGP=0 
июл 30 23:15:22 <hostname-redacted> kernel: [UFW BLOCK] IN=enp5s0 OUT= MAC=<mac-address-redacted>:<mac-address-redacted>:08:00 SRC=<ipv4-redacted> DST=<ipv4-redacted> LEN=60 TOS=0x00 PREC=0x00 TTL=64 ID=8670 DF PROTO=TCP SPT=22000 DPT=22000 WINDOW=64240 RES=0x00 SYN URGP=0 
июл 30 23:15:24 <hostname-redacted> kernel: [UFW BLOCK] IN=enp5s0 OUT= MAC=<mac-address-redacted>:<mac-address-redacted>:08:00 SRC=<ipv4-redacted> DST=<ipv4-redacted> LEN=60 TOS=0x00 PREC=0x00 TTL=64 ID=8671 DF PROTO=TCP SPT=22000 DPT=22000 WINDOW=64240 RES=0x00 SYN URGP=0 
июл 30 23:15:25 <hostname-redacted> kernel: [UFW BLOCK] IN=enp5s0 OUT= MAC=<mac-address-redacted>:<mac-address-redacted>:08:00 SRC=<ipv4-redacted> DST=<ipv4-redacted> LEN=60 TOS=0x00 PREC=0x00 TTL=64 ID=14460 DF PROTO=TCP SPT=59970 DPT=22000 WINDOW=64240 RES=0x00 SYN URGP=0 
июл 30 23:15:26 <hostname-redacted> kernel: [UFW BLOCK] IN=enp5s0 OUT= MAC=<mac-address-redacted>:<mac-address-redacted>:08:00 SRC=<ipv4-redacted> DST=<ipv4-redacted> LEN=60 TOS=0x00 PREC=0x00 TTL=64 ID=14461 DF PROTO=TCP SPT=59970 DPT=22000 WINDOW=64240 RES=0x00 SYN URGP=0 
июл 30 23:15:28 <hostname-redacted> kernel: [UFW BLOCK] IN=enp5s0 OUT= MAC=<mac-address-redacted>:<mac-address-redacted>:08:00 SRC=<ipv4-redacted> DST=<ipv4-redacted> LEN=60 TOS=0x00 PREC=0x00 TTL=64 ID=14462 DF PROTO=TCP SPT=59970 DPT=22000 WINDOW=64240 RES=0x00 SYN URGP=0 
июл 30 23:15:40 <hostname-redacted> kernel: [UFW BLOCK] IN=enp5s0 OUT= MAC=<mac-address-redacted>:<mac-address-redacted>:08:00 SRC=<ipv4-redacted> DST=<ipv4-redacted> LEN=28 TOS=0x00 PREC=0xC0 TTL=1 ID=12368 DF PROTO=2 
июл 30 23:16:31 <hostname-redacted> kernel: [UFW BLOCK] IN=enp5s0 OUT= MAC=<mac-address-redacted>:<mac-address-redacted>:08:00 SRC=<ipv4-redacted> DST=<ipv4-redacted> LEN=60 TOS=0x00 PREC=0x00 TTL=64 ID=7679 DF PROTO=TCP SPT=22000 DPT=22000 WINDOW=64240 RES=0x00 SYN URGP=0 
июл 30 23:16:32 <hostname-redacted> kernel: [UFW BLOCK] IN=enp5s0 OUT= MAC=<mac-address-redacted>:<mac-address-redacted>:08:00 SRC=<ipv4-redacted> DST=<ipv4-redacted> LEN=60 TOS=0x00 PREC=0x00 TTL=64 ID=7680 DF PROTO=TCP SPT=22000 DPT=22000 WINDOW=64240 RES=0x00 SYN URGP=0 
июл 30 23:16:38 <hostname-redacted> kernel: [UFW BLOCK] IN=enp5s0 OUT= MAC=<mac-address-redacted>:<mac-address-redacted>:08:00 SRC=<ipv4-redacted> DST=<ipv4-redacted> LEN=60 TOS=0x00 PREC=0x00 TTL=64 ID=397 DF PROTO=TCP SPT=47324 DPT=22000 WINDOW=64240 RES=0x00 SYN URGP=0 
июл 30 23:17:40 <hostname-redacted> kernel: [UFW BLOCK] IN=enp5s0 OUT= MAC=<mac-address-redacted>:<mac-address-redacted>:08:00 SRC=<ipv4-redacted> DST=<ipv4-redacted> LEN=28 TOS=0x00 PREC=0xC0 TTL=1 ID=24866 DF PROTO=2 
июл 30 23:17:41 <hostname-redacted> kernel: [UFW BLOCK] IN=enp5s0 OUT= MAC=<mac-address-redacted>:<mac-address-redacted>:08:00 SRC=<ipv4-redacted> DST=<ipv4-redacted> LEN=60 TOS=0x00 PREC=0x00 TTL=64 ID=50881 DF PROTO=TCP SPT=22000 DPT=22000 WINDOW=64240 RES=0x00 SYN URGP=0 
июл 30 23:17:42 <hostname-redacted> kernel: [UFW BLOCK] IN=enp5s0 OUT= MAC=<mac-address-redacted>:<mac-address-redacted>:08:00 SRC=<ipv4-redacted> DST=<ipv4-redacted> LEN=60 TOS=0x00 PREC=0x00 TTL=64 ID=50882 DF PROTO=TCP SPT=22000 DPT=22000 WINDOW=64240 RES=0x00 SYN URGP=0 
июл 30 23:17:43 <hostname-redacted> pipewire-pulse[6396]: mod.rt: could not set nice-level to -11: Отказано в доступе
июл 30 23:17:43 <hostname-redacted> pipewire-pulse[6396]: mod.rt: RTKit error: org.freedesktop.DBus.Error.ServiceUnknown
июл 30 23:17:43 <hostname-redacted> pipewire-pulse[6396]: mod.rt: RTKit does not give us MaxRealtimePriority, using 1
июл 30 23:17:43 <hostname-redacted> pipewire-pulse[6396]: mod.rt: RTKit error: org.freedesktop.DBus.Error.ServiceUnknown
июл 30 23:17:43 <hostname-redacted> pipewire-pulse[6396]: mod.rt: RTKit does not give us MinNiceLevel, using 0
июл 30 23:17:43 <hostname-redacted> pipewire-pulse[6396]: mod.rt: RTKit error: org.freedesktop.DBus.Error.ServiceUnknown
июл 30 23:17:43 <hostname-redacted> pipewire-pulse[6396]: mod.rt: RTKit does not give us RTTimeUSecMax, using -1
июл 30 23:18:40 <hostname-redacted> kernel: [UFW BLOCK] IN=enp5s0 OUT= MAC=<mac-address-redacted>:<mac-address-redacted>:08:00 SRC=<ipv4-redacted> DST=<ipv4-redacted> LEN=28 TOS=0x00 PREC=0xC0 TTL=1 ID=28951 DF PROTO=2 
июл 30 23:18:45 <hostname-redacted> kernel: [UFW BLOCK] IN=enp5s0 OUT= MAC=<mac-address-redacted>:<mac-address-redacted>:08:00 SRC=<ipv4-redacted> DST=<ipv4-redacted> LEN=32 TOS=0x00 PREC=0xC0 TTL=1 ID=0 DF PROTO=2 
июл 30 23:18:51 <hostname-redacted> kernel: [UFW BLOCK] IN=enp5s0 OUT= MAC=<mac-address-redacted>:<mac-address-redacted>:08:00 SRC=<ipv4-redacted> DST=<ipv4-redacted> LEN=60 TOS=0x00 PREC=0x00 TTL=64 ID=28680 DF PROTO=TCP SPT=22000 DPT=22000 WINDOW=64240 RES=0x00 SYN URGP=0 
июл 30 23:18:58 <hostname-redacted> kernel: [UFW BLOCK] IN=enp5s0 OUT= MAC=<mac-address-redacted>:<mac-address-redacted>:08:00 SRC=<ipv4-redacted> DST=<ipv4-redacted> LEN=60 TOS=0x00 PREC=0x00 TTL=64 ID=52359 DF PROTO=TCP SPT=53408 DPT=22000 WINDOW=64240 RES=0x00 SYN URGP=0 
июл 30 23:19:40 <hostname-redacted> kernel: [UFW BLOCK] IN=enp5s0 OUT= MAC=<mac-address-redacted>:<mac-address-redacted>:08:00 SRC=<ipv4-redacted> DST=<ipv4-redacted> LEN=28 TOS=0x00 PREC=0xC0 TTL=1 ID=33316 DF PROTO=2 
июл 30 23:19:44 <hostname-redacted> kernel: [UFW BLOCK] IN=enp5s0 OUT= MAC=<mac-address-redacted>:<mac-address-redacted>:08:00 SRC=<ipv4-redacted> DST=<ipv4-redacted> LEN=32 TOS=0x00 PREC=0xC0 TTL=1 ID=0 DF PROTO=2 
июл 30 23:20:02 <hostname-redacted> kernel: [UFW BLOCK] IN=enp5s0 OUT= MAC=<mac-address-redacted>:<mac-address-redacted>:08:00 SRC=<ipv4-redacted> DST=<ipv4-redacted> LEN=60 TOS=0x00 PREC=0x00 TTL=64 ID=19195 DF PROTO=TCP SPT=22000 DPT=22000 WINDOW=64240 RES=0x00 SYN URGP=0 
июл 30 23:20:40 <hostname-redacted> kernel: [UFW BLOCK] IN=enp5s0 OUT= MAC=<mac-address-redacted>:<mac-address-redacted>:08:00 SRC=<ipv4-redacted> DST=<ipv4-redacted> LEN=28 TOS=0x00 PREC=0xC0 TTL=1 ID=46278 DF PROTO=2 
июл 30 23:20:43 <hostname-redacted> kernel: [UFW BLOCK] IN=enp5s0 OUT= MAC=<mac-address-redacted>:<mac-address-redacted>:08:00 SRC=<ipv4-redacted> DST=<ipv4-redacted> LEN=1813 TOS=0x00 PREC=0x00 TTL=64 ID=45004 PROTO=UDP SPT=42727 DPT=1716 LEN=1793 
июл 30 23:21:12 <hostname-redacted> kernel: [UFW BLOCK] IN=enp5s0 OUT= MAC=<mac-address-redacted>:<mac-address-redacted>:08:00 SRC=<ipv4-redacted> DST=<ipv4-redacted> LEN=60 TOS=0x00 PREC=0x00 TTL=64 ID=64544 DF PROTO=TCP SPT=22000 DPT=22000 WINDOW=64240 RES=0x00 SYN URGP=0 
июл 30 23:21:19 <hostname-redacted> kernel: [UFW BLOCK] IN=enp5s0 OUT= MAC=<mac-address-redacted>:<mac-address-redacted>:08:00 SRC=<ipv4-redacted> DST=<ipv4-redacted> LEN=60 TOS=0x00 PREC=0x00 TTL=64 ID=52209 DF PROTO=TCP SPT=52068 DPT=22000 WINDOW=64240 RES=0x00 SYN URGP=0 
июл 30 23:21:40 <hostname-redacted> kernel: [UFW BLOCK] IN=enp5s0 OUT= MAC=<mac-address-redacted>:<mac-address-redacted>:08:00 SRC=<ipv4-redacted> DST=<ipv4-redacted> LEN=28 TOS=0x00 PREC=0xC0 TTL=1 ID=47014 DF PROTO=2 
июл 30 23:22:22 <hostname-redacted> kernel: [UFW BLOCK] IN=enp5s0 OUT= MAC=<mac-address-redacted>:<mac-address-redacted>:08:00 SRC=<ipv4-redacted> DST=<ipv4-redacted> LEN=60 TOS=0x00 PREC=0x00 TTL=64 ID=63966 DF PROTO=TCP SPT=22000 DPT=22000 WINDOW=64240 RES=0x00 SYN URGP=0 
июл 30 23:22:23 <hostname-redacted> kernel: [UFW BLOCK] IN=enp5s0 OUT= MAC=<mac-address-redacted>:<mac-address-redacted>:08:00 SRC=<ipv4-redacted> DST=<ipv4-redacted> LEN=60 TOS=0x00 PREC=0x00 TTL=64 ID=63967 DF PROTO=TCP SPT=22000 DPT=22000 WINDOW=64240 RES=0x00 SYN URGP=0 
июл 30 23:22:40 <hostname-redacted> kernel: [UFW BLOCK] IN=enp5s0 OUT= MAC=<mac-address-redacted>:<mac-address-redacted>:08:00 SRC=<ipv4-redacted> DST=<ipv4-redacted> LEN=28 TOS=0x00 PREC=0xC0 TTL=1 ID=52974 DF PROTO=2 
июл 30 23:23:33 <hostname-redacted> kernel: [UFW BLOCK] IN=enp5s0 OUT= MAC=<mac-address-redacted>:<mac-address-redacted>:08:00 SRC=<ipv4-redacted> DST=<ipv4-redacted> LEN=60 TOS=0x00 PREC=0x00 TTL=64 ID=63201 DF PROTO=TCP SPT=22000 DPT=22000 WINDOW=64240 RES=0x00 SYN URGP=0 
июл 30 23:23:34 <hostname-redacted> kernel: [UFW BLOCK] IN=enp5s0 OUT= MAC=<mac-address-redacted>:<mac-address-redacted>:08:00 SRC=<ipv4-redacted> DST=<ipv4-redacted> LEN=60 TOS=0x00 PREC=0x00 TTL=64 ID=63202 DF PROTO=TCP SPT=22000 DPT=22000 WINDOW=64240 RES=0x00 SYN URGP=0 
июл 30 23:23:37 <hostname-redacted> kernel: [UFW BLOCK] IN=enp5s0 OUT= MAC=<mac-address-redacted>:<mac-address-redacted>:08:00 SRC=<ipv4-redacted> DST=<ipv4-redacted> LEN=60 TOS=0x00 PREC=0x00 TTL=64 ID=65340 DF PROTO=TCP SPT=33430 DPT=22000 WINDOW=64240 RES=0x00 SYN URGP=0 
июл 30 23:24:37 <hostname-redacted> kioworker[8105]: QPixmap::scaled: Pixmap is a null pixmap
июл 30 23:24:37 <hostname-redacted> kioworker[8107]: QPixmap::scaled: Pixmap is a null pixmap
июл 30 23:24:37 <hostname-redacted> kioworker[8109]: QPixmap::scaled: Pixmap is a null pixmap
июл 30 23:24:37 <hostname-redacted> kioworker[8113]: QPixmap::scaled: Pixmap is a null pixmap
июл 30 23:24:37 <hostname-redacted> kioworker[8111]: QPixmap::scaled: Pixmap is a null pixmap
июл 30 23:24:38 <hostname-redacted> kioworker[8113]: QPixmap::scaled: Pixmap is a null pixmap
июл 30 23:24:38 <hostname-redacted> kioworker[8111]: QPixmap::scaled: Pixmap is a null pixmap
июл 30 23:24:38 <hostname-redacted> kioworker[8113]: QPixmap::scaled: Pixmap is a null pixmap
июл 30 23:24:38 <hostname-redacted> kioworker[8109]: QPixmap::scaled: Pixmap is a null pixmap
июл 30 23:24:38 <hostname-redacted> kioworker[8107]: QPixmap::scaled: Pixmap is a null pixmap
июл 30 23:24:38 <hostname-redacted> kioworker[8109]: QPixmap::scaled: Pixmap is a null pixmap
июл 30 23:24:38 <hostname-redacted> kioworker[8109]: QPixmap::scaled: Pixmap is a null pixmap
июл 30 23:24:40 <hostname-redacted> kernel: [UFW BLOCK] IN=enp5s0 OUT= MAC=<mac-address-redacted>:<mac-address-redacted>:08:00 SRC=<ipv4-redacted> DST=<ipv4-redacted> LEN=28 TOS=0x00 PREC=0xC0 TTL=1 ID=6900 DF PROTO=2 
июл 30 23:24:41 <hostname-redacted> kioworker[8109]: QPixmap::scaled: Pixmap is a null pixmap
июл 30 23:24:41 <hostname-redacted> kioworker[8109]: QPixmap::scaled: Pixmap is a null pixmap
июл 30 23:24:41 <hostname-redacted> kioworker[8109]: QPixmap::scaled: Pixmap is a null pixmap
июл 30 23:24:41 <hostname-redacted> kioworker[8109]: QPixmap::scaled: Pixmap is a null pixmap
июл 30 23:24:41 <hostname-redacted> kioworker[8109]: QPixmap::scaled: Pixmap is a null pixmap
июл 30 23:24:41 <hostname-redacted> kioworker[8109]: QPixmap::scaled: Pixmap is a null pixmap
июл 30 23:24:41 <hostname-redacted> kioworker[8109]: QPixmap::scaled: Pixmap is a null pixmap
июл 30 23:24:41 <hostname-redacted> kioworker[8109]: QPixmap::scaled: Pixmap is a null pixmap
июл 30 23:24:41 <hostname-redacted> kioworker[8109]: QPixmap::scaled: Pixmap is a null pixmap
июл 30 23:24:41 <hostname-redacted> kioworker[8109]: QPixmap::scaled: Pixmap is a null pixmap
июл 30 23:24:41 <hostname-redacted> kioworker[8109]: QPixmap::scaled: Pixmap is a null pixmap
июл 30 23:24:41 <hostname-redacted> kioworker[8109]: QPixmap::scaled: Pixmap is a null pixmap
июл 30 23:24:43 <hostname-redacted> kernel: [UFW BLOCK] IN=enp5s0 OUT= MAC=<mac-address-redacted>:<mac-address-redacted>:08:00 SRC=<ipv4-redacted> DST=<ipv4-redacted> LEN=60 TOS=0x00 PREC=0x00 TTL=64 ID=22299 DF PROTO=TCP SPT=22000 DPT=22000 WINDOW=64240 RES=0x00 SYN URGP=0 
июл 30 23:24:43 <hostname-redacted> kioworker[8109]: QPixmap::scaled: Pixmap is a null pixmap
июл 30 23:24:43 <hostname-redacted> kioworker[8109]: QPixmap::scaled: Pixmap is a null pixmap
июл 30 23:24:43 <hostname-redacted> kioworker[8109]: QPixmap::scaled: Pixmap is a null pixmap
июл 30 23:24:43 <hostname-redacted> kioworker[8109]: QPixmap::scaled: Pixmap is a null pixmap
июл 30 23:24:44 <hostname-redacted> kernel: [UFW BLOCK] IN=enp5s0 OUT= MAC=<mac-address-redacted>:<mac-address-redacted>:08:00 SRC=<ipv4-redacted> DST=<ipv4-redacted> LEN=60 TOS=0x00 PREC=0x00 TTL=64 ID=22300 DF PROTO=TCP SPT=22000 DPT=22000 WINDOW=64240 RES=0x00 SYN URGP=0 
июл 30 23:24:46 <hostname-redacted> kioworker[8148]: QPixmap::scaled: Pixmap is a null pixmap
июл 30 23:24:46 <hostname-redacted> kioworker[8144]: QPixmap::scaled: Pixmap is a null pixmap
июл 30 23:24:46 <hostname-redacted> kioworker[8146]: QPixmap::scaled: Pixmap is a null pixmap
июл 30 23:24:46 <hostname-redacted> kioworker[8150]: QPixmap::scaled: Pixmap is a null pixmap
июл 30 23:24:46 <hostname-redacted> kioworker[8152]: QPixmap::scaled: Pixmap is a null pixmap
июл 30 23:24:46 <hostname-redacted> kioworker[8152]: QPixmap::scaled: Pixmap is a null pixmap
июл 30 23:24:46 <hostname-redacted> kioworker[8150]: QPixmap::scaled: Pixmap is a null pixmap
июл 30 23:24:46 <hostname-redacted> kioworker[8152]: QPixmap::scaled: Pixmap is a null pixmap
июл 30 23:24:46 <hostname-redacted> kioworker[8150]: QPixmap::scaled: Pixmap is a null pixmap
июл 30 23:24:46 <hostname-redacted> kioworker[8150]: QPixmap::scaled: Pixmap is a null pixmap
июл 30 23:24:46 <hostname-redacted> kioworker[8150]: QPixmap::scaled: Pixmap is a null pixmap
июл 30 23:24:46 <hostname-redacted> kioworker[8150]: QPixmap::scaled: Pixmap is a null pixmap
июл 30 23:24:46 <hostname-redacted> kioworker[8150]: QPixmap::scaled: Pixmap is a null pixmap
июл 30 23:24:46 <hostname-redacted> kioworker[8150]: QPixmap::scaled: Pixmap is a null pixmap
июл 30 23:25:40 <hostname-redacted> kernel: [UFW BLOCK] IN=enp5s0 OUT= MAC=<mac-address-redacted>:<mac-address-redacted>:08:00 SRC=<ipv4-redacted> DST=<ipv4-redacted> LEN=28 TOS=0x00 PREC=0xC0 TTL=1 ID=17477 DF PROTO=2 
июл 30 23:25:48 <hostname-redacted> kernel: [UFW BLOCK] IN=enp5s0 OUT= MAC=<mac-address-redacted>:<mac-address-redacted>:08:00 SRC=<ipv4-redacted> DST=<ipv4-redacted> LEN=32 TOS=0x00 PREC=0xC0 TTL=1 ID=0 DF PROTO=2 
июл 30 23:26:40 <hostname-redacted> kernel: [UFW BLOCK] IN=enp5s0 OUT= MAC=<mac-address-redacted>:<mac-address-redacted>:08:00 SRC=<ipv4-redacted> DST=<ipv4-redacted> LEN=28 TOS=0x00 PREC=0xC0 TTL=1 ID=26669 DF PROTO=2 
июл 30 23:26:48 <hostname-redacted> kernel: [UFW BLOCK] IN=enp5s0 OUT= MAC=<mac-address-redacted>:<mac-address-redacted>:08:00 SRC=<ipv4-redacted> DST=<ipv4-redacted> LEN=32 TOS=0x00 PREC=0xC0 TTL=1 ID=0 DF PROTO=2 
июл 30 23:27:40 <hostname-redacted> kernel: [UFW BLOCK] IN=enp5s0 OUT= MAC=<mac-address-redacted>:<mac-address-redacted>:08:00 SRC=<ipv4-redacted> DST=<ipv4-redacted> LEN=28 TOS=0x00 PREC=0xC0 TTL=1 ID=30513 DF PROTO=2 
июл 30 23:27:48 <hostname-redacted> kernel: [UFW BLOCK] IN=enp5s0 OUT= MAC=<mac-address-redacted>:<mac-address-redacted>:08:00 SRC=<ipv4-redacted> DST=<ipv4-redacted> LEN=32 TOS=0x00 PREC=0xC0 TTL=1 ID=0 DF PROTO=2 
июл 30 23:28:40 <hostname-redacted> kernel: [UFW BLOCK] IN=enp5s0 OUT= MAC=<mac-address-redacted>:<mac-address-redacted>:08:00 SRC=<ipv4-redacted> DST=<ipv4-redacted> LEN=28 TOS=0x00 PREC=0xC0 TTL=1 ID=41568 DF PROTO=2 
июл 30 23:28:49 <hostname-redacted> kernel: [UFW BLOCK] IN=enp5s0 OUT= MAC=<mac-address-redacted>:<mac-address-redacted>:08:00 SRC=<ipv4-redacted> DST=<ipv4-redacted> LEN=32 TOS=0x00 PREC=0xC0 TTL=1 ID=0 DF PROTO=2 
июл 30 23:29:40 <hostname-redacted> kernel: [UFW BLOCK] IN=enp5s0 OUT= MAC=<mac-address-redacted>:<mac-address-redacted>:08:00 SRC=<ipv4-redacted> DST=<ipv4-redacted> LEN=28 TOS=0x00 PREC=0xC0 TTL=1 ID=49729 DF PROTO=2 
июл 30 23:29:44 <hostname-redacted> kernel: [UFW BLOCK] IN=enp5s0 OUT= MAC=<mac-address-redacted>:<mac-address-redacted>:08:00 SRC=<ipv4-redacted> DST=<ipv4-redacted> LEN=32 TOS=0x00 PREC=0xC0 TTL=1 ID=0 DF PROTO=2 
июл 30 23:30:15 <hostname-redacted> kernel: [UFW BLOCK] IN=enp5s0 OUT= MAC=<mac-address-redacted>:<mac-address-redacted>:08:00 SRC=<ipv4-redacted> DST=<ipv4-redacted> LEN=1813 TOS=0x00 PREC=0x00 TTL=64 ID=45926 PROTO=UDP SPT=50273 DPT=1716 LEN=1793 
июл 30 23:30:40 <hostname-redacted> kernel: [UFW BLOCK] IN=enp5s0 OUT= MAC=<mac-address-redacted>:<mac-address-redacted>:08:00 SRC=<ipv4-redacted> DST=<ipv4-redacted> LEN=28 TOS=0x00 PREC=0xC0 TTL=1 ID=52600 DF PROTO=2 
июл 30 23:30:48 <hostname-redacted> kernel: [UFW BLOCK] IN=enp5s0 OUT= MAC=<mac-address-redacted>:<mac-address-redacted>:08:00 SRC=<ipv4-redacted> DST=<ipv4-redacted> LEN=32 TOS=0x00 PREC=0xC0 TTL=1 ID=0 DF PROTO=2 
июл 30 23:31:40 <hostname-redacted> kernel: [UFW BLOCK] IN=enp5s0 OUT= MAC=<mac-address-redacted>:<mac-address-redacted>:08:00 SRC=<ipv4-redacted> DST=<ipv4-redacted> LEN=28 TOS=0x00 PREC=0xC0 TTL=1 ID=60530 DF PROTO=2 
июл 30 23:31:44 <hostname-redacted> kernel: [UFW BLOCK] IN=enp5s0 OUT= MAC=<mac-address-redacted>:<mac-address-redacted>:08:00 SRC=<ipv4-redacted> DST=<ipv4-redacted> LEN=32 TOS=0x00 PREC=0xC0 TTL=1 ID=0 DF PROTO=2 
июл 30 23:32:40 <hostname-redacted> kernel: [UFW BLOCK] IN=enp5s0 OUT= MAC=<mac-address-redacted>:<mac-address-redacted>:08:00 SRC=<ipv4-redacted> DST=<ipv4-redacted> LEN=28 TOS=0x00 PREC=0xC0 TTL=1 ID=8358 DF PROTO=2 
июл 30 23:32:42 <hostname-redacted> kernel: [UFW BLOCK] IN=enp5s0 OUT= MAC=<mac-address-redacted>:<mac-address-redacted>:08:00 SRC=<ipv4-redacted> DST=<ipv4-redacted> LEN=32 TOS=0x00 PREC=0xC0 TTL=1 ID=0 DF PROTO=2 
июл 30 23:33:40 <hostname-redacted> kernel: [UFW BLOCK] IN=enp5s0 OUT= MAC=<mac-address-redacted>:<mac-address-redacted>:08:00 SRC=<ipv4-redacted> DST=<ipv4-redacted> LEN=28 TOS=0x00 PREC=0xC0 TTL=1 ID=15431 DF PROTO=2 
июл 30 23:33:48 <hostname-redacted> kernel: [UFW BLOCK] IN=enp5s0 OUT= MAC=<mac-address-redacted>:<mac-address-redacted>:08:00 SRC=<ipv4-redacted> DST=<ipv4-redacted> LEN=32 TOS=0x00 PREC=0xC0 TTL=1 ID=0 DF PROTO=2 
июл 30 23:34:40 <hostname-redacted> kernel: [UFW BLOCK] IN=enp5s0 OUT= MAC=<mac-address-redacted>:<mac-address-redacted>:08:00 SRC=<ipv4-redacted> DST=<ipv4-redacted> LEN=28 TOS=0x00 PREC=0xC0 TTL=1 ID=27729 DF PROTO=2 
июл 30 23:34:45 <hostname-redacted> kernel: [UFW BLOCK] IN=enp5s0 OUT= MAC=<mac-address-redacted>:<mac-address-redacted>:08:00 SRC=<ipv4-redacted> DST=<ipv4-redacted> LEN=32 TOS=0x00 PREC=0xC0 TTL=1 ID=0 DF PROTO=2 
июл 30 23:35:40 <hostname-redacted> kernel: [UFW BLOCK] IN=enp5s0 OUT= MAC=<mac-address-redacted>:<mac-address-redacted>:08:00 SRC=<ipv4-redacted> DST=<ipv4-redacted> LEN=28 TOS=0x00 PREC=0xC0 TTL=1 ID=41586 DF PROTO=2 
июл 30 23:35:43 <hostname-redacted> kernel: [UFW BLOCK] IN=enp5s0 OUT= MAC=<mac-address-redacted>:<mac-address-redacted>:08:00 SRC=<ipv4-redacted> DST=<ipv4-redacted> LEN=32 TOS=0x00 PREC=0xC0 TTL=1 ID=0 DF PROTO=2 
июл 30 23:36:40 <hostname-redacted> kernel: [UFW BLOCK] IN=enp5s0 OUT= MAC=<mac-address-redacted>:<mac-address-redacted>:08:00 SRC=<ipv4-redacted> DST=<ipv4-redacted> LEN=28 TOS=0x00 PREC=0xC0 TTL=1 ID=47872 DF PROTO=2 
июл 30 23:36:41 <hostname-redacted> kernel: [UFW BLOCK] IN=enp5s0 OUT= MAC=<mac-address-redacted>:<mac-address-redacted>:08:00 SRC=<ipv4-redacted> DST=<ipv4-redacted> LEN=32 TOS=0x00 PREC=0xC0 TTL=1 ID=0 DF PROTO=2 
июл 30 23:37:03 <hostname-redacted> xdg-desktop-portal-gtk[1290]: Unhandled parent window type 
июл 30 23:37:03 <hostname-redacted> xdg-desktop-portal-gtk[1290]: Failed to associate portal window with parent window 
июл 30 23:37:17 <hostname-redacted> xdg-desktop-portal-gtk[1290]: Unhandled parent window type 
июл 30 23:37:17 <hostname-redacted> xdg-desktop-portal-gtk[1290]: Failed to associate portal window with parent window 
июл 30 23:37:40 <hostname-redacted> kernel: [UFW BLOCK] IN=enp5s0 OUT= MAC=<mac-address-redacted>:<mac-address-redacted>:08:00 SRC=<ipv4-redacted> DST=<ipv4-redacted> LEN=28 TOS=0x00 PREC=0xC0 TTL=1 ID=50024 DF PROTO=2 
июл 30 23:37:45 <hostname-redacted> kernel: [UFW BLOCK] IN=enp5s0 OUT= MAC=<mac-address-redacted>:<mac-address-redacted>:08:00 SRC=<ipv4-redacted> DST=<ipv4-redacted> LEN=32 TOS=0x00 PREC=0xC0 TTL=1 ID=0 DF PROTO=2 
июл 30 23:38:37 <hostname-redacted> kernel: [UFW BLOCK] IN=enp5s0 OUT= MAC=<mac-address-redacted>:<mac-address-redacted>:08:00 SRC=<ipv4-redacted> DST=<ipv4-redacted> LEN=44 TOS=0x00 PREC=0x00 TTL=51 ID=0 PROTO=TCP SPT=55264 DPT=5900 WINDOW=65535 RES=0x00 SYN URGP=0 
июл 30 23:38:40 <hostname-redacted> kernel: [UFW BLOCK] IN=enp5s0 OUT= MAC=<mac-address-redacted>:<mac-address-redacted>:08:00 SRC=<ipv4-redacted> DST=<ipv4-redacted> LEN=28 TOS=0x00 PREC=0xC0 TTL=1 ID=50183 DF PROTO=2 
июл 30 23:38:45 <hostname-redacted> kernel: [UFW BLOCK] IN=enp5s0 OUT= MAC=<mac-address-redacted>:<mac-address-redacted>:08:00 SRC=<ipv4-redacted> DST=<ipv4-redacted> LEN=32 TOS=0x00 PREC=0xC0 TTL=1 ID=0 DF PROTO=2 
июл 30 23:38:58 <hostname-redacted> kernel: [UFW BLOCK] IN=enp5s0 OUT= MAC=<mac-address-redacted>:<mac-address-redacted>:08:00 SRC=<ipv4-redacted> DST=<ipv4-redacted> LEN=1813 TOS=0x00 PREC=0x00 TTL=64 ID=36521 PROTO=UDP SPT=51700 DPT=1716 LEN=1793 
июл 30 23:39:40 <hostname-redacted> kernel: [UFW BLOCK] IN=enp5s0 OUT= MAC=<mac-address-redacted>:<mac-address-redacted>:08:00 SRC=<ipv4-redacted> DST=<ipv4-redacted> LEN=28 TOS=0x00 PREC=0xC0 TTL=1 ID=60700 DF PROTO=2 
июл 30 23:39:41 <hostname-redacted> kernel: [UFW BLOCK] IN=enp5s0 OUT= MAC=<mac-address-redacted>:<mac-address-redacted>:08:00 SRC=<ipv4-redacted> DST=<ipv4-redacted> LEN=32 TOS=0x00 PREC=0xC0 TTL=1 ID=0 DF PROTO=2 
июл 30 23:40:40 <hostname-redacted> kernel: [UFW BLOCK] IN=enp5s0 OUT= MAC=<mac-address-redacted>:<mac-address-redacted>:08:00 SRC=<ipv4-redacted> DST=<ipv4-redacted> LEN=28 TOS=0x00 PREC=0xC0 TTL=1 ID=3563 DF PROTO=2 
июл 30 23:40:43 <hostname-redacted> kernel: [UFW BLOCK] IN=enp5s0 OUT= MAC=<mac-address-redacted>:<mac-address-redacted>:08:00 SRC=<ipv4-redacted> DST=<ipv4-redacted> LEN=32 TOS=0x00 PREC=0xC0 TTL=1 ID=0 DF PROTO=2 
июл 30 23:41:40 <hostname-redacted> kernel: [UFW BLOCK] IN=enp5s0 OUT= MAC=<mac-address-redacted>:<mac-address-redacted>:08:00 SRC=<ipv4-redacted> DST=<ipv4-redacted> LEN=28 TOS=0x00 PREC=0xC0 TTL=1 ID=9652 DF PROTO=2 
июл 30 23:41:44 <hostname-redacted> kernel: [UFW BLOCK] IN=enp5s0 OUT= MAC=<mac-address-redacted>:<mac-address-redacted>:08:00 SRC=<ipv4-redacted> DST=<ipv4-redacted> LEN=32 TOS=0x00 PREC=0xC0 TTL=1 ID=0 DF PROTO=2 
июл 30 23:42:40 <hostname-redacted> kernel: [UFW BLOCK] IN=enp5s0 OUT= MAC=<mac-address-redacted>:<mac-address-redacted>:08:00 SRC=<ipv4-redacted> DST=<ipv4-redacted> LEN=28 TOS=0x00 PREC=0xC0 TTL=1 ID=18746 DF PROTO=2 
июл 30 23:42:46 <hostname-redacted> kernel: [UFW BLOCK] IN=enp5s0 OUT= MAC=<mac-address-redacted>:<mac-address-redacted>:08:00 SRC=<ipv4-redacted> DST=<ipv4-redacted> LEN=32 TOS=0x00 PREC=0xC0 TTL=1 ID=0 DF PROTO=2 
июл 30 23:43:40 <hostname-redacted> kernel: [UFW BLOCK] IN=enp5s0 OUT= MAC=<mac-address-redacted>:<mac-address-redacted>:08:00 SRC=<ipv4-redacted> DST=<ipv4-redacted> LEN=28 TOS=0x00 PREC=0xC0 TTL=1 ID=25608 DF PROTO=2 
июл 30 23:43:50 <hostname-redacted> kernel: [UFW BLOCK] IN=enp5s0 OUT= MAC=<mac-address-redacted>:<mac-address-redacted>:08:00 SRC=<ipv4-redacted> DST=<ipv4-redacted> LEN=32 TOS=0x00 PREC=0xC0 TTL=1 ID=0 DF PROTO=2 
июл 30 23:44:40 <hostname-redacted> kernel: [UFW BLOCK] IN=enp5s0 OUT= MAC=<mac-address-redacted>:<mac-address-redacted>:08:00 SRC=<ipv4-redacted> DST=<ipv4-redacted> LEN=28 TOS=0x00 PREC=0xC0 TTL=1 ID=36539 DF PROTO=2 
июл 30 23:44:47 <hostname-redacted> kernel: [UFW BLOCK] IN=enp5s0 OUT= MAC=<mac-address-redacted>:<mac-address-redacted>:08:00 SRC=<ipv4-redacted> DST=<ipv4-redacted> LEN=32 TOS=0x00 PREC=0xC0 TTL=1 ID=0 DF PROTO=2 
июл 30 23:45:41 <hostname-redacted> kernel: [UFW BLOCK] IN=enp5s0 OUT= MAC=<mac-address-redacted>:<mac-address-redacted>:08:00 SRC=<ipv4-redacted> DST=<ipv4-redacted> LEN=28 TOS=0x00 PREC=0xC0 TTL=1 ID=37553 DF PROTO=2 
июл 30 23:45:46 <hostname-redacted> systemd-resolved[524]: Failed to send hostname reply: Transport endpoint is not connected
июл 30 23:45:46 <hostname-redacted> systemd-resolved[524]: Failed to send hostname reply: Transport endpoint is not connected
июл 30 23:45:46 <hostname-redacted> systemd-resolved[524]: Failed to send hostname reply: Transport endpoint is not connected
июл 30 23:45:46 <hostname-redacted> systemd-resolved[524]: Failed to send hostname reply: Transport endpoint is not connected
июл 30 23:45:46 <hostname-redacted> systemd-resolved[19539]: mDNS-IPv4: There appears to be another mDNS responder running, or previously systemd-resolved crashed with some outstanding transfers.
июл 30 23:45:46 <hostname-redacted> systemd-resolved[19539]: mDNS-IPv6: There appears to be another mDNS responder running, or previously systemd-resolved crashed with some outstanding transfers.
июл 30 23:45:47 <hostname-redacted> kernel: [UFW BLOCK] IN=enp5s0 OUT= MAC= SRC=fe80:0000:0000:0000:bf50:874c:8d92:c521 DST=ff02:0000:0000:0000:0000:0000:0001:0003 LEN=79 TC=0 HOPLIMIT=255 FLOWLBL=274570 PROTO=UDP SPT=5355 DPT=5355 LEN=39 
июл 30 23:45:47 <hostname-redacted> kernel: [UFW BLOCK] IN=enp5s0 OUT= MAC= SRC=<ipv4-redacted> DST=<ipv4-redacted> LEN=59 TOS=0x00 PREC=0x00 TTL=255 ID=31933 PROTO=UDP SPT=5355 DPT=5355 LEN=39 
июл 30 23:45:47 <hostname-redacted> kernel: [UFW BLOCK] IN=enp5s0 OUT= MAC= SRC=fe80:0000:0000:0000:bf50:874c:8d92:c521 DST=ff02:0000:0000:0000:0000:0000:0001:0003 LEN=79 TC=0 HOPLIMIT=255 FLOWLBL=274570 PROTO=UDP SPT=5355 DPT=5355 LEN=39 
июл 30 23:45:47 <hostname-redacted> kernel: [UFW BLOCK] IN=enp5s0 OUT= MAC= SRC=<ipv4-redacted> DST=<ipv4-redacted> LEN=59 TOS=0x00 PREC=0x00 TTL=255 ID=31997 PROTO=UDP SPT=5355 DPT=5355 LEN=39 
июл 30 23:45:47 <hostname-redacted> kernel: [UFW BLOCK] IN=enp5s0 OUT= MAC= SRC=<ipv4-redacted> DST=<ipv4-redacted> LEN=59 TOS=0x00 PREC=0x00 TTL=255 ID=32191 PROTO=UDP SPT=5355 DPT=5355 LEN=39 
июл 30 23:45:47 <hostname-redacted> kernel: [UFW BLOCK] IN=enp5s0 OUT= MAC= SRC=fe80:0000:0000:0000:bf50:874c:8d92:c521 DST=ff02:0000:0000:0000:0000:0000:0001:0003 LEN=79 TC=0 HOPLIMIT=255 FLOWLBL=274570 PROTO=UDP SPT=5355 DPT=5355 LEN=39 
июл 30 23:45:48 <hostname-redacted> kernel: [UFW BLOCK] IN=enp5s0 OUT= MAC=<mac-address-redacted>:<mac-address-redacted>:08:00 SRC=<ipv4-redacted> DST=<ipv4-redacted> LEN=32 TOS=0x00 PREC=0xC0 TTL=1 ID=0 DF PROTO=2 
июл 30 23:45:49 <hostname-redacted> systemd-resolved[19539]: Using degraded feature set UDP instead of UDP+EDNS0 for DNS server <ipv4-redacted>.
июл 30 23:45:52 <hostname-redacted> systemd-resolved[19539]: Using degraded feature set TCP instead of UDP for DNS server <ipv4-redacted>.
июл 30 23:45:53 <hostname-redacted> kernel: [UFW BLOCK] IN=enp5s0 OUT= MAC=<mac-address-redacted>:<mac-address-redacted>:08:00 SRC=<ipv4-redacted> DST=<ipv4-redacted> LEN=1813 TOS=0x00 PREC=0x00 TTL=64 ID=58389 PROTO=UDP SPT=36873 DPT=1716 LEN=1793 
июл 30 23:46:02 <hostname-redacted> systemd-resolved[19539]: Using degraded feature set UDP instead of TCP for DNS server <ipv4-redacted>.
июл 30 23:46:05 <hostname-redacted> systemd-resolved[19539]: Using degraded feature set TCP instead of UDP for DNS server <ipv4-redacted>.
июл 30 23:46:14 <hostname-redacted> systemd-resolved[19539]: Using degraded feature set UDP instead of TCP for DNS server <ipv4-redacted>.
июл 30 23:46:17 <hostname-redacted> systemd-resolved[19539]: Using degraded feature set TCP instead of UDP for DNS server <ipv4-redacted>.
июл 30 23:46:27 <hostname-redacted> systemd-resolved[19539]: Using degraded feature set UDP instead of TCP for DNS server <ipv4-redacted>.
июл 30 23:46:30 <hostname-redacted> systemd-resolved[19539]: Using degraded feature set TCP instead of UDP for DNS server <ipv4-redacted>.
июл 30 23:46:39 <hostname-redacted> systemd-resolved[19539]: Using degraded feature set UDP instead of TCP for DNS server <ipv4-redacted>.
июл 30 23:46:40 <hostname-redacted> kernel: [UFW BLOCK] IN=enp5s0 OUT= MAC=<mac-address-redacted>:<mac-address-redacted>:08:00 SRC=<ipv4-redacted> DST=<ipv4-redacted> LEN=91 TOS=0x08 PREC=0x60 TTL=52 ID=64906 DF PROTO=TCP SPT=443 DPT=33614 WINDOW=57 RES=0x00 ACK PSH URGP=0 
июл 30 23:46:41 <hostname-redacted> kernel: [UFW BLOCK] IN=enp5s0 OUT= MAC=<mac-address-redacted>:<mac-address-redacted>:08:00 SRC=<ipv4-redacted> DST=<ipv4-redacted> LEN=28 TOS=0x00 PREC=0xC0 TTL=1 ID=48506 DF PROTO=2 
июл 30 23:46:41 <hostname-redacted> systemd-resolved[19775]: mDNS-IPv4: There appears to be another mDNS responder running, or previously systemd-resolved crashed with some outstanding transfers.
июл 30 23:46:41 <hostname-redacted> systemd-resolved[19775]: mDNS-IPv6: There appears to be another mDNS responder running, or previously systemd-resolved crashed with some outstanding transfers.
июл 30 23:46:41 <hostname-redacted> kernel: [UFW BLOCK] IN=enp5s0 OUT= MAC= SRC=fe80:0000:0000:0000:bf50:874c:8d92:c521 DST=ff02:0000:0000:0000:0000:0000:0001:0003 LEN=79 TC=0 HOPLIMIT=255 FLOWLBL=274570 PROTO=UDP SPT=5355 DPT=5355 LEN=39 
июл 30 23:46:41 <hostname-redacted> kernel: [UFW BLOCK] IN=enp5s0 OUT= MAC= SRC=<ipv4-redacted> DST=<ipv4-redacted> LEN=59 TOS=0x00 PREC=0x00 TTL=255 ID=245 PROTO=UDP SPT=5355 DPT=5355 LEN=39 
июл 30 23:46:42 <hostname-redacted> kernel: [UFW BLOCK] IN=enp5s0 OUT= MAC= SRC=fe80:0000:0000:0000:bf50:874c:8d92:c521 DST=ff02:0000:0000:0000:0000:0000:0001:0003 LEN=79 TC=0 HOPLIMIT=255 FLOWLBL=274570 PROTO=UDP SPT=5355 DPT=5355 LEN=39 
июл 30 23:46:42 <hostname-redacted> kernel: [UFW BLOCK] IN=enp5s0 OUT= MAC= SRC=<ipv4-redacted> DST=<ipv4-redacted> LEN=59 TOS=0x00 PREC=0x00 TTL=255 ID=256 PROTO=UDP SPT=5355 DPT=5355 LEN=39 
июл 30 23:46:42 <hostname-redacted> kernel: [UFW BLOCK] IN=enp5s0 OUT= MAC= SRC=<ipv4-redacted> DST=<ipv4-redacted> LEN=59 TOS=0x00 PREC=0x00 TTL=255 ID=470 PROTO=UDP SPT=5355 DPT=5355 LEN=39 
июл 30 23:46:42 <hostname-redacted> kernel: [UFW BLOCK] IN=enp5s0 OUT= MAC= SRC=fe80:0000:0000:0000:bf50:874c:8d92:c521 DST=ff02:0000:0000:0000:0000:0000:0001:0003 LEN=79 TC=0 HOPLIMIT=255 FLOWLBL=274570 PROTO=UDP SPT=5355 DPT=5355 LEN=39 
июл 30 23:46:47 <hostname-redacted> kernel: [UFW BLOCK] IN=enp5s0 OUT= MAC=<mac-address-redacted>:<mac-address-redacted>:08:00 SRC=<ipv4-redacted> DST=<ipv4-redacted> LEN=52 TOS=0x04 PREC=0x00 TTL=53 ID=13273 DF PROTO=TCP SPT=443 DPT=58850 WINDOW=281 RES=0x00 ACK URGP=0 
июл 30 23:46:47 <hostname-redacted> kernel: [UFW BLOCK] IN=enp5s0 OUT= MAC=<mac-address-redacted>:<mac-address-redacted>:08:00 SRC=<ipv4-redacted> DST=<ipv4-redacted> LEN=76 TOS=0x04 PREC=0x00 TTL=53 ID=13274 DF PROTO=TCP SPT=443 DPT=58850 WINDOW=281 RES=0x00 ACK PSH URGP=0 
июл 30 23:47:04 <hostname-redacted> dbus-broker-launch[1053]: Service file '/usr/share/dbus-1/services/org.kde.dolphin.FileManager1.service' is not named after the D-Bus name 'org.freedesktop.FileManager1'.
июл 30 23:47:09 <hostname-redacted> systemd-resolved[19775]: Failed to send hostname reply: Transport endpoint is not connected
июл 30 23:47:09 <hostname-redacted> systemd-resolved[19775]: Failed to send hostname reply: Transport endpoint is not connected
июл 30 23:47:09 <hostname-redacted> systemd-resolved[19775]: Failed to send hostname reply: Transport endpoint is not connected
июл 30 23:47:09 <hostname-redacted> systemd-resolved[19775]: Failed to send hostname reply: Transport endpoint is not connected
июл 30 23:47:09 <hostname-redacted> systemd-resolved[21040]: mDNS-IPv4: There appears to be another mDNS responder running, or previously systemd-resolved crashed with some outstanding transfers.
июл 30 23:47:09 <hostname-redacted> systemd-resolved[21040]: mDNS-IPv6: There appears to be another mDNS responder running, or previously systemd-resolved crashed with some outstanding transfers.
июл 30 23:47:09 <hostname-redacted> kernel: [UFW BLOCK] IN=enp5s0 OUT= MAC= SRC=<ipv4-redacted> DST=<ipv4-redacted> LEN=59 TOS=0x00 PREC=0x00 TTL=255 ID=20313 PROTO=UDP SPT=5355 DPT=5355 LEN=39 
июл 30 23:47:09 <hostname-redacted> kernel: [UFW BLOCK] IN=enp5s0 OUT= MAC= SRC=fe80:0000:0000:0000:bf50:874c:8d92:c521 DST=ff02:0000:0000:0000:0000:0000:0001:0003 LEN=79 TC=0 HOPLIMIT=255 FLOWLBL=274570 PROTO=UDP SPT=5355 DPT=5355 LEN=39 
июл 30 23:47:09 <hostname-redacted> kernel: [UFW BLOCK] IN=enp5s0 OUT= MAC= SRC=fe80:0000:0000:0000:bf50:874c:8d92:c521 DST=ff02:0000:0000:0000:0000:0000:0001:0003 LEN=79 TC=0 HOPLIMIT=255 FLOWLBL=274570 PROTO=UDP SPT=5355 DPT=5355 LEN=39 
июл 30 23:47:10 <hostname-redacted> kernel: [UFW BLOCK] IN=enp5s0 OUT= MAC= SRC=fe80:0000:0000:0000:bf50:874c:8d92:c521 DST=ff02:0000:0000:0000:0000:0000:0001:0003 LEN=79 TC=0 HOPLIMIT=255 FLOWLBL=274570 PROTO=UDP SPT=5355 DPT=5355 LEN=39 
июл 30 23:47:12 <hostname-redacted> systemd-resolved[21040]: Using degraded feature set UDP instead of UDP+EDNS0 for DNS server <ipv4-redacted>.
июл 30 23:47:16 <hostname-redacted> systemd-resolved[21040]: Using degraded feature set TCP instead of UDP for DNS server <ipv4-redacted>.
июл 30 23:47:21 <hostname-redacted> systemd-resolved[21080]: mDNS-IPv4: There appears to be another mDNS responder running, or previously systemd-resolved crashed with some outstanding transfers.
июл 30 23:47:21 <hostname-redacted> systemd-resolved[21080]: mDNS-IPv6: There appears to be another mDNS responder running, or previously systemd-resolved crashed with some outstanding transfers.
июл 30 23:47:21 <hostname-redacted> kernel: [UFW BLOCK] IN=enp5s0 OUT= MAC= SRC=<ipv4-redacted> DST=<ipv4-redacted> LEN=59 TOS=0x00 PREC=0x00 TTL=255 ID=25363 PROTO=UDP SPT=5355 DPT=5355 LEN=39 
июл 30 23:47:21 <hostname-redacted> kernel: [UFW BLOCK] IN=enp5s0 OUT= MAC= SRC=fe80:0000:0000:0000:bf50:874c:8d92:c521 DST=ff02:0000:0000:0000:0000:0000:0001:0003 LEN=79 TC=0 HOPLIMIT=255 FLOWLBL=274570 PROTO=UDP SPT=5355 DPT=5355 LEN=39 
июл 30 23:47:22 <hostname-redacted> kernel: [UFW BLOCK] IN=enp5s0 OUT= MAC= SRC=fe80:0000:0000:0000:bf50:874c:8d92:c521 DST=ff02:0000:0000:0000:0000:0000:0001:0003 LEN=79 TC=0 HOPLIMIT=255 FLOWLBL=274570 PROTO=UDP SPT=5355 DPT=5355 LEN=39 
июл 30 23:47:22 <hostname-redacted> kernel: [UFW BLOCK] IN=enp5s0 OUT= MAC= SRC=fe80:0000:0000:0000:bf50:874c:8d92:c521 DST=ff02:0000:0000:0000:0000:0000:0001:0003 LEN=79 TC=0 HOPLIMIT=255 FLOWLBL=274570 PROTO=UDP SPT=5355 DPT=5355 LEN=39 
июл 30 23:47:25 <hostname-redacted> systemd-resolved[21080]: Failed to send hostname reply: Transport endpoint is not connected
июл 30 23:47:25 <hostname-redacted> systemd-resolved[21080]: Failed to send hostname reply: Transport endpoint is not connected
июл 30 23:47:25 <hostname-redacted> systemd-resolved[21080]: Failed to send hostname reply: Transport endpoint is not connected
июл 30 23:47:25 <hostname-redacted> systemd-resolved[21080]: Failed to send hostname reply: Transport endpoint is not connected
июл 30 23:47:25 <hostname-redacted> systemd-resolved[22016]: mDNS-IPv4: There appears to be another mDNS responder running, or previously systemd-resolved crashed with some outstanding transfers.
июл 30 23:47:25 <hostname-redacted> systemd-resolved[22016]: mDNS-IPv6: There appears to be another mDNS responder running, or previously systemd-resolved crashed with some outstanding transfers.
июл 30 23:47:26 <hostname-redacted> kernel: [UFW BLOCK] IN=enp5s0 OUT= MAC= SRC=fe80:0000:0000:0000:bf50:874c:8d92:c521 DST=ff02:0000:0000:0000:0000:0000:0001:0003 LEN=79 TC=0 HOPLIMIT=255 FLOWLBL=274570 PROTO=UDP SPT=5355 DPT=5355 LEN=39 
июл 30 23:47:26 <hostname-redacted> kernel: [UFW BLOCK] IN=enp5s0 OUT= MAC= SRC=fe80:0000:0000:0000:bf50:874c:8d92:c521 DST=ff02:0000:0000:0000:0000:0000:0001:0003 LEN=79 TC=0 HOPLIMIT=255 FLOWLBL=274570 PROTO=UDP SPT=5355 DPT=5355 LEN=39 
июл 30 23:47:28 <hostname-redacted> systemd-resolved[22016]: Using degraded feature set UDP instead of UDP+EDNS0 for DNS server <ipv4-redacted>.
июл 30 23:47:31 <hostname-redacted> systemd-resolved[22016]: Using degraded feature set TCP instead of UDP for DNS server <ipv4-redacted>.
июл 30 23:47:37 <hostname-redacted> Telegram[22039]: QEGLPlatformContext: Failed to create context: 3009
июл 30 23:47:37 <hostname-redacted> Telegram[22039]: QRhiGles2: Failed to create temporary context
июл 30 23:47:37 <hostname-redacted> Telegram[22039]: QEGLPlatformContext: Failed to create context: 3009
июл 30 23:47:37 <hostname-redacted> Telegram[22039]: QRhiGles2: Failed to create context
июл 30 23:47:41 <hostname-redacted> kernel: [UFW BLOCK] IN=enp5s0 OUT= MAC=<mac-address-redacted>:<mac-address-redacted>:08:00 SRC=<ipv4-redacted> DST=<ipv4-redacted> LEN=28 TOS=0x00 PREC=0xC0 TTL=1 ID=56522 DF PROTO=2 
июл 30 23:47:41 <hostname-redacted> systemd-resolved[22016]: Using degraded feature set UDP instead of TCP for DNS server <ipv4-redacted>.
июл 30 23:47:44 <hostname-redacted> systemd-resolved[22016]: Using degraded feature set TCP instead of UDP for DNS server <ipv4-redacted>.
июл 30 23:47:53 <hostname-redacted> systemd-resolved[22016]: Using degraded feature set UDP instead of TCP for DNS server <ipv4-redacted>.
июл 30 23:47:56 <hostname-redacted> systemd-resolved[22016]: Using degraded feature set TCP instead of UDP for DNS server <ipv4-redacted>.
июл 30 23:48:06 <hostname-redacted> systemd-resolved[22016]: Using degraded feature set UDP instead of TCP for DNS server <ipv4-redacted>.
июл 30 23:48:09 <hostname-redacted> systemd-resolved[22016]: Using degraded feature set TCP instead of UDP for DNS server <ipv4-redacted>.
июл 30 23:48:18 <hostname-redacted> systemd-resolved[22016]: Using degraded feature set UDP instead of TCP for DNS server <ipv4-redacted>.
июл 30 23:48:21 <hostname-redacted> systemd-resolved[22016]: Using degraded feature set TCP instead of UDP for DNS server <ipv4-redacted>.
июл 30 23:48:27 <hostname-redacted> Telegram[22039]: Corrupt JPEG data: premature end of data segment
июл 30 23:48:30 <hostname-redacted> systemd-resolved[22016]: Using degraded feature set UDP instead of TCP for DNS server <ipv4-redacted>.
июл 30 23:48:33 <hostname-redacted> systemd-resolved[22016]: Using degraded feature set TCP instead of UDP for DNS server <ipv4-redacted>.
июл 30 23:48:41 <hostname-redacted> kernel: [UFW BLOCK] IN=enp5s0 OUT= MAC=<mac-address-redacted>:<mac-address-redacted>:08:00 SRC=<ipv4-redacted> DST=<ipv4-redacted> LEN=28 TOS=0x00 PREC=0xC0 TTL=1 ID=5204 DF PROTO=2 
июл 30 23:48:43 <hostname-redacted> systemd-resolved[22016]: Using degraded feature set UDP instead of TCP for DNS server <ipv4-redacted>.
июл 30 23:48:46 <hostname-redacted> systemd-resolved[22016]: Using degraded feature set TCP instead of UDP for DNS server <ipv4-redacted>.
июл 30 23:48:47 <hostname-redacted> kernel: [UFW BLOCK] IN=enp5s0 OUT= MAC=<mac-address-redacted>:<mac-address-redacted>:08:00 SRC=<ipv4-redacted> DST=<ipv4-redacted> LEN=32 TOS=0x00 PREC=0xC0 TTL=1 ID=0 DF PROTO=2 
июл 30 23:48:48 <hostname-redacted> Telegram[22039]: Corrupt JPEG data: premature end of data segment
июл 30 23:48:50 <hostname-redacted> Telegram[22039]: Corrupt JPEG data: premature end of data segment
июл 30 23:48:54 <hostname-redacted> kernel: [UFW BLOCK] IN=enp5s0 OUT= MAC=<mac-address-redacted>:<mac-address-redacted>:08:00 SRC=<ipv4-redacted> DST=<ipv4-redacted> LEN=91 TOS=0x08 PREC=0x60 TTL=52 ID=19725 DF PROTO=TCP SPT=443 DPT=60388 WINDOW=56 RES=0x00 ACK PSH URGP=0 
июл 30 23:48:55 <hostname-redacted> systemd-resolved[22016]: Using degraded feature set UDP instead of TCP for DNS server <ipv4-redacted>.
июл 30 23:49:01 <hostname-redacted> systemd-resolved[22016]: Using degraded feature set TCP instead of UDP for DNS server <ipv4-redacted>.
июл 30 23:49:11 <hostname-redacted> systemd-resolved[22016]: Using degraded feature set UDP instead of TCP for DNS server <ipv4-redacted>.
июл 30 23:49:17 <hostname-redacted> systemd-resolved[22016]: Using degraded feature set TCP instead of UDP for DNS server <ipv4-redacted>.
июл 30 23:49:24 <hostname-redacted> kernel: [UFW BLOCK] IN=enp5s0 OUT= MAC=<mac-address-redacted>:<mac-address-redacted>:08:00 SRC=<ipv4-redacted> DST=<ipv4-redacted> LEN=91 TOS=0x08 PREC=0x60 TTL=52 ID=19726 DF PROTO=TCP SPT=443 DPT=60388 WINDOW=56 RES=0x00 ACK PSH URGP=0 
июл 30 23:49:26 <hostname-redacted> systemd-resolved[22016]: Using degraded feature set UDP instead of TCP for DNS server <ipv4-redacted>.
июл 30 23:49:29 <hostname-redacted> systemd-resolved[22016]: Using degraded feature set TCP instead of UDP for DNS server <ipv4-redacted>.
июл 30 23:49:39 <hostname-redacted> systemd-resolved[22016]: Using degraded feature set UDP instead of TCP for DNS server <ipv4-redacted>.
июл 30 23:49:41 <hostname-redacted> kernel: [UFW BLOCK] IN=enp5s0 OUT= MAC=<mac-address-redacted>:<mac-address-redacted>:08:00 SRC=<ipv4-redacted> DST=<ipv4-redacted> LEN=28 TOS=0x00 PREC=0xC0 TTL=1 ID=20119 DF PROTO=2 
июл 30 23:49:42 <hostname-redacted> systemd-resolved[22016]: Using degraded feature set TCP instead of UDP for DNS server <ipv4-redacted>.
июл 30 23:49:47 <hostname-redacted> kernel: [UFW BLOCK] IN=enp5s0 OUT= MAC=<mac-address-redacted>:<mac-address-redacted>:08:00 SRC=<ipv4-redacted> DST=<ipv4-redacted> LEN=32 TOS=0x00 PREC=0xC0 TTL=1 ID=0 DF PROTO=2 
июл 30 23:49:51 <hostname-redacted> systemd-resolved[22016]: Using degraded feature set UDP instead of TCP for DNS server <ipv4-redacted>.
июл 30 23:49:54 <hostname-redacted> systemd-resolved[22016]: Using degraded feature set TCP instead of UDP for DNS server <ipv4-redacted>.
июл 30 23:50:04 <hostname-redacted> systemd-resolved[22016]: Using degraded feature set UDP instead of TCP for DNS server <ipv4-redacted>.
июл 30 23:50:07 <hostname-redacted> systemd-resolved[22016]: Using degraded feature set TCP instead of UDP for DNS server <ipv4-redacted>.
июл 30 23:50:16 <hostname-redacted> systemd-resolved[22016]: Using degraded feature set UDP instead of TCP for DNS server <ipv4-redacted>.
июл 30 23:50:22 <hostname-redacted> systemd-resolved[22016]: Using degraded feature set TCP instead of UDP for DNS server <ipv4-redacted>.
июл 30 23:50:32 <hostname-redacted> systemd-resolved[22016]: Using degraded feature set UDP instead of TCP for DNS server <ipv4-redacted>.
июл 30 23:50:35 <hostname-redacted> systemd-resolved[22277]: mDNS-IPv4: There appears to be another mDNS responder running, or previously systemd-resolved crashed with some outstanding transfers.
июл 30 23:50:35 <hostname-redacted> systemd-resolved[22277]: mDNS-IPv6: There appears to be another mDNS responder running, or previously systemd-resolved crashed with some outstanding transfers.
июл 30 23:50:35 <hostname-redacted> kernel: [UFW BLOCK] IN=enp5s0 OUT= MAC= SRC=fe80:0000:0000:0000:bf50:874c:8d92:c521 DST=ff02:0000:0000:0000:0000:0000:0001:0003 LEN=79 TC=0 HOPLIMIT=255 FLOWLBL=274570 PROTO=UDP SPT=5355 DPT=5355 LEN=39 
июл 30 23:50:35 <hostname-redacted> kernel: [UFW BLOCK] IN=enp5s0 OUT= MAC= SRC=<ipv4-redacted> DST=<ipv4-redacted> LEN=59 TOS=0x00 PREC=0x00 TTL=255 ID=61791 PROTO=UDP SPT=5355 DPT=5355 LEN=39 
июл 30 23:50:35 <hostname-redacted> kernel: [UFW BLOCK] IN=enp5s0 OUT= MAC= SRC=fe80:0000:0000:0000:bf50:874c:8d92:c521 DST=ff02:0000:0000:0000:0000:0000:0001:0003 LEN=79 TC=0 HOPLIMIT=255 FLOWLBL=274570 PROTO=UDP SPT=5355 DPT=5355 LEN=39 
июл 30 23:50:35 <hostname-redacted> kernel: [UFW BLOCK] IN=enp5s0 OUT= MAC= SRC=<ipv4-redacted> DST=<ipv4-redacted> LEN=59 TOS=0x00 PREC=0x00 TTL=255 ID=61997 PROTO=UDP SPT=5355 DPT=5355 LEN=39 
июл 30 23:50:35 <hostname-redacted> kernel: [UFW BLOCK] IN=enp5s0 OUT= MAC= SRC=fe80:0000:0000:0000:bf50:874c:8d92:c521 DST=ff02:0000:0000:0000:0000:0000:0001:0003 LEN=79 TC=0 HOPLIMIT=255 FLOWLBL=274570 PROTO=UDP SPT=5355 DPT=5355 LEN=39 
июл 30 23:50:41 <hostname-redacted> kernel: [UFW BLOCK] IN=enp5s0 OUT= MAC=<mac-address-redacted>:<mac-address-redacted>:08:00 SRC=<ipv4-redacted> DST=<ipv4-redacted> LEN=28 TOS=0x00 PREC=0xC0 TTL=1 ID=31632 DF PROTO=2 
июл 30 23:50:47 <hostname-redacted> systemd-resolved[23237]: mDNS-IPv4: There appears to be another mDNS responder running, or previously systemd-resolved crashed with some outstanding transfers.
июл 30 23:50:47 <hostname-redacted> systemd-resolved[23237]: mDNS-IPv6: There appears to be another mDNS responder running, or previously systemd-resolved crashed with some outstanding transfers.
июл 30 23:50:47 <hostname-redacted> kernel: [UFW BLOCK] IN=enp5s0 OUT= MAC= SRC=fe80:0000:0000:0000:bf50:874c:8d92:c521 DST=ff02:0000:0000:0000:0000:0000:0001:0003 LEN=79 TC=0 HOPLIMIT=255 FLOWLBL=274570 PROTO=UDP SPT=5355 DPT=5355 LEN=39 
июл 30 23:50:47 <hostname-redacted> kernel: [UFW BLOCK] IN=enp5s0 OUT= MAC= SRC=fe80:0000:0000:0000:bf50:874c:8d92:c521 DST=ff02:0000:0000:0000:0000:0000:0001:0003 LEN=79 TC=0 HOPLIMIT=255 FLOWLBL=274570 PROTO=UDP SPT=5355 DPT=5355 LEN=39 
июл 30 23:50:47 <hostname-redacted> kernel: [UFW BLOCK] IN=enp5s0 OUT= MAC= SRC=fe80:0000:0000:0000:bf50:874c:8d92:c521 DST=ff02:0000:0000:0000:0000:0000:0001:0003 LEN=79 TC=0 HOPLIMIT=255 FLOWLBL=274570 PROTO=UDP SPT=5355 DPT=5355 LEN=39 
июл 30 23:51:22 <hostname-redacted> kernel: [UFW BLOCK] IN=enp5s0 OUT= MAC=<mac-address-redacted>:<mac-address-redacted>:08:00 SRC=<ipv4-redacted> DST=<ipv4-redacted> LEN=125 TOS=0x08 PREC=0x60 TTL=118 ID=63792 PROTO=TCP SPT=443 DPT=36572 WINDOW=1041 RES=0x00 ACK PSH URGP=0 
июл 30 23:51:22 <hostname-redacted> kernel: [UFW BLOCK] IN=enp5s0 OUT= MAC=<mac-address-redacted>:<mac-address-redacted>:08:00 SRC=<ipv4-redacted> DST=<ipv4-redacted> LEN=125 TOS=0x08 PREC=0x60 TTL=118 ID=63793 PROTO=TCP SPT=443 DPT=36572 WINDOW=1041 RES=0x00 ACK PSH URGP=0 
июл 30 23:51:41 <hostname-redacted> kernel: [UFW BLOCK] IN=enp5s0 OUT= MAC=<mac-address-redacted>:<mac-address-redacted>:08:00 SRC=<ipv4-redacted> DST=<ipv4-redacted> LEN=28 TOS=0x00 PREC=0xC0 TTL=1 ID=42990 DF PROTO=2 
июл 30 23:52:01 <hostname-redacted> kernel: [UFW BLOCK] IN=enp5s0 OUT= MAC=<mac-address-redacted>:<mac-address-redacted>:08:00 SRC=<ipv4-redacted> DST=<ipv4-redacted> LEN=525 TOS=0x00 PREC=0x00 TTL=64 ID=47691 DF PROTO=UDP SPT=49030 DPT=46110 LEN=505 
июл 30 23:52:39 <hostname-redacted> kernel: [UFW BLOCK] IN=enp5s0 OUT= MAC=<mac-address-redacted>:<mac-address-redacted>:08:00 SRC=<ipv4-redacted> DST=<ipv4-redacted> LEN=91 TOS=0x00 PREC=0x00 TTL=53 ID=13601 DF PROTO=TCP SPT=443 DPT=36948 WINDOW=54 RES=0x00 ACK PSH URGP=0 
июл 30 23:52:41 <hostname-redacted> kernel: [UFW BLOCK] IN=enp5s0 OUT= MAC=<mac-address-redacted>:<mac-address-redacted>:08:00 SRC=<ipv4-redacted> DST=<ipv4-redacted> LEN=28 TOS=0x00 PREC=0xC0 TTL=1 ID=47840 DF PROTO=2 
июл 30 23:52:59 <hostname-redacted> kernel: [UFW BLOCK] IN=enp5s0 OUT= MAC=<mac-address-redacted>:<mac-address-redacted>:86:dd SRC=2001:0002:7847:1251:feee:ed78:4712:5180 DST=fe80:0000:0000:0000:bf50:874c:8d92:c521 LEN=96 TC=0 HOPLIMIT=64 FLOWLBL=892068 PROTO=TCP SPT=5083 DPT=36266 WINDOW=581 RES=0x00 ACK PSH URGP=0 
июл 30 23:53:01 <hostname-redacted> kernel: [UFW BLOCK] IN=enp5s0 OUT= MAC=<mac-address-redacted>:<mac-address-redacted>:08:00 SRC=<ipv4-redacted> DST=<ipv4-redacted> LEN=1813 TOS=0x00 PREC=0x00 TTL=64 ID=53155 PROTO=UDP SPT=37084 DPT=1716 LEN=1793 
июл 30 23:53:21 <hostname-redacted> kernel: [UFW BLOCK] IN=enp5s0 OUT= MAC=<mac-address-redacted>:<mac-address-redacted>:08:00 SRC=<ipv4-redacted> DST=<ipv4-redacted> LEN=125 TOS=0x00 PREC=0x80 TTL=118 ID=10787 PROTO=TCP SPT=443 DPT=42970 WINDOW=1042 RES=0x00 ACK PSH URGP=0 
июл 30 23:53:41 <hostname-redacted> kernel: [UFW BLOCK] IN=enp5s0 OUT= MAC=<mac-address-redacted>:<mac-address-redacted>:08:00 SRC=<ipv4-redacted> DST=<ipv4-redacted> LEN=28 TOS=0x00 PREC=0xC0 TTL=1 ID=61632 DF PROTO=2 
июл 30 23:54:01 <hostname-redacted> kernel: [UFW BLOCK] IN=enp5s0 OUT= MAC=<mac-address-redacted>:<mac-address-redacted>:08:00 SRC=<ipv4-redacted> DST=<ipv4-redacted> LEN=525 TOS=0x00 PREC=0x00 TTL=64 ID=65146 DF PROTO=UDP SPT=52782 DPT=51413 LEN=505 
июл 30 23:54:41 <hostname-redacted> kernel: [UFW BLOCK] IN=enp5s0 OUT= MAC=<mac-address-redacted>:<mac-address-redacted>:08:00 SRC=<ipv4-redacted> DST=<ipv4-redacted> LEN=28 TOS=0x00 PREC=0xC0 TTL=1 ID=5193 DF PROTO=2 
июл 30 23:54:47 <hostname-redacted> kernel: [UFW BLOCK] IN=enp5s0 OUT= MAC=<mac-address-redacted>:<mac-address-redacted>:86:dd SRC=2001:0002:7847:1251:feee:ed78:4712:5180 DST=fe80:0000:0000:0000:bf50:874c:8d92:c521 LEN=96 TC=0 HOPLIMIT=64 FLOWLBL=589455 PROTO=TCP SPT=443 DPT=51754 WINDOW=938 RES=0x00 ACK PSH URGP=0 
июл 30 23:54:48 <hostname-redacted> kernel: [UFW BLOCK] IN=enp5s0 OUT= MAC=<mac-address-redacted>:<mac-address-redacted>:08:00 SRC=<ipv4-redacted> DST=<ipv4-redacted> LEN=32 TOS=0x00 PREC=0xC0 TTL=1 ID=0 DF PROTO=2 
июл 30 23:54:51 <hostname-redacted> kernel: [UFW BLOCK] IN=enp5s0 OUT= MAC=<mac-address-redacted>:<mac-address-redacted>:86:dd SRC=2001:0002:7847:1251:feee:ed78:4712:5180 DST=fe80:0000:0000:0000:bf50:874c:8d92:c521 LEN=96 TC=0 HOPLIMIT=64 FLOWLBL=320204 PROTO=TCP SPT=443 DPT=51754 WINDOW=938 RES=0x00 ACK PSH FIN URGP=0 
июл 30 23:54:54 <hostname-redacted> kernel: [UFW BLOCK] IN=enp5s0 OUT= MAC=<mac-address-redacted>:<mac-address-redacted>:86:dd SRC=2001:0002:7847:1251:feee:ed78:4712:5180 DST=fe80:0000:0000:0000:bf50:874c:8d92:c521 LEN=96 TC=0 HOPLIMIT=64 FLOWLBL=656414 PROTO=TCP SPT=443 DPT=51754 WINDOW=938 RES=0x00 ACK PSH FIN URGP=0 
июл 30 23:55:14 <hostname-redacted> kernel: [UFW BLOCK] IN=enp5s0 OUT= MAC=<mac-address-redacted>:<mac-address-redacted>:86:dd SRC=2001:0002:7847:1251:feee:ed78:4712:5180 DST=fe80:0000:0000:0000:bf50:874c:8d92:c521 LEN=96 TC=0 HOPLIMIT=64 FLOWLBL=221293 PROTO=TCP SPT=443 DPT=51754 WINDOW=938 RES=0x00 ACK PSH FIN URGP=0 
июл 30 23:55:41 <hostname-redacted> kernel: [UFW BLOCK] IN=enp5s0 OUT= MAC=<mac-address-redacted>:<mac-address-redacted>:08:00 SRC=<ipv4-redacted> DST=<ipv4-redacted> LEN=28 TOS=0x00 PREC=0xC0 TTL=1 ID=10510 DF PROTO=2 
июл 30 23:55:46 <hostname-redacted> kernel: [UFW BLOCK] IN=enp5s0 OUT= MAC=<mac-address-redacted>:<mac-address-redacted>:08:00 SRC=<ipv4-redacted> DST=<ipv4-redacted> LEN=61 TOS=0x00 PREC=0x00 TTL=1 ID=12947 PROTO=UDP SPT=55275 DPT=5355 LEN=41 
июл 30 23:55:46 <hostname-redacted> kernel: [UFW BLOCK] IN=enp5s0 OUT= MAC=<mac-address-redacted>:<mac-address-redacted>:08:00 SRC=<ipv4-redacted> DST=<ipv4-redacted> LEN=61 TOS=0x00 PREC=0x00 TTL=1 ID=12948 PROTO=UDP SPT=55275 DPT=5355 LEN=41 
июл 30 23:56:01 <hostname-redacted> kernel: [UFW BLOCK] IN=enp5s0 OUT= MAC=<mac-address-redacted>:<mac-address-redacted>:08:00 SRC=<ipv4-redacted> DST=<ipv4-redacted> LEN=525 TOS=0x00 PREC=0x00 TTL=64 ID=20360 DF PROTO=UDP SPT=53141 DPT=53848 LEN=505 
июл 30 23:56:37 <hostname-redacted> kernel: [UFW BLOCK] IN=enp5s0 OUT= MAC=<mac-address-redacted>:<mac-address-redacted>:08:00 SRC=<ipv4-redacted> DST=<ipv4-redacted> LEN=44 TOS=0x00 PREC=0x00 TTL=244 ID=27949 PROTO=TCP SPT=42555 DPT=3389 WINDOW=1024 RES=0x00 SYN URGP=0 
июл 30 23:56:41 <hostname-redacted> kernel: [UFW BLOCK] IN=enp5s0 OUT= MAC=<mac-address-redacted>:<mac-address-redacted>:08:00 SRC=<ipv4-redacted> DST=<ipv4-redacted> LEN=28 TOS=0x00 PREC=0xC0 TTL=1 ID=21623 DF PROTO=2 
июл 30 23:57:41 <hostname-redacted> kernel: [UFW BLOCK] IN=enp5s0 OUT= MAC=<mac-address-redacted>:<mac-address-redacted>:08:00 SRC=<ipv4-redacted> DST=<ipv4-redacted> LEN=28 TOS=0x00 PREC=0xC0 TTL=1 ID=34703 DF PROTO=2 
июл 30 23:57:48 <hostname-redacted> kernel: [UFW BLOCK] IN=enp5s0 OUT= MAC=<mac-address-redacted>:<mac-address-redacted>:08:00 SRC=<ipv4-redacted> DST=<ipv4-redacted> LEN=32 TOS=0x00 PREC=0xC0 TTL=1 ID=0 DF PROTO=2 
июл 30 23:58:00 <hostname-redacted> kernel: [UFW BLOCK] IN=enp5s0 OUT= MAC=<mac-address-redacted>:<mac-address-redacted>:08:00 SRC=<ipv4-redacted> DST=<ipv4-redacted> LEN=525 TOS=0x00 PREC=0x00 TTL=64 ID=38317 DF PROTO=UDP SPT=46776 DPT=47476 LEN=505 
июл 30 23:58:01 <hostname-redacted> kernel: [UFW BLOCK] IN=enp5s0 OUT= MAC=<mac-address-redacted>:<mac-address-redacted>:08:00 SRC=<ipv4-redacted> DST=<ipv4-redacted> LEN=525 TOS=0x00 PREC=0x00 TTL=64 ID=38485 DF PROTO=UDP SPT=52521 DPT=47476 LEN=505 
июл 30 23:58:04 <hostname-redacted> Telegram[22039]: Corrupt JPEG data: premature end of data segment
июл 30 23:58:11 <hostname-redacted> Telegram[22039]: Corrupt JPEG data: premature end of data segment
июл 30 23:58:41 <hostname-redacted> kernel: [UFW BLOCK] IN=enp5s0 OUT= MAC=<mac-address-redacted>:<mac-address-redacted>:08:00 SRC=<ipv4-redacted> DST=<ipv4-redacted> LEN=28 TOS=0x00 PREC=0xC0 TTL=1 ID=36137 DF PROTO=2 
июл 30 23:58:46 <hostname-redacted> kernel: [UFW BLOCK] IN=enp5s0 OUT= MAC=<mac-address-redacted>:<mac-address-redacted>:08:00 SRC=<ipv4-redacted> DST=<ipv4-redacted> LEN=32 TOS=0x00 PREC=0xC0 TTL=1 ID=0 DF PROTO=2 
июл 30 23:59:41 <hostname-redacted> kernel: [UFW BLOCK] IN=enp5s0 OUT= MAC=<mac-address-redacted>:<mac-address-redacted>:08:00 SRC=<ipv4-redacted> DST=<ipv4-redacted> LEN=28 TOS=0x00 PREC=0xC0 TTL=1 ID=42048 DF PROTO=2 
июл 30 23:59:50 <hostname-redacted> kernel: [UFW BLOCK] IN=enp5s0 OUT= MAC=<mac-address-redacted>:<mac-address-redacted>:08:00 SRC=<ipv4-redacted> DST=<ipv4-redacted> LEN=32 TOS=0x00 PREC=0xC0 TTL=1 ID=0 DF PROTO=2 
июл 31 00:00:00 <hostname-redacted> kernel: [UFW BLOCK] IN=enp5s0 OUT= MAC=<mac-address-redacted>:<mac-address-redacted>:08:00 SRC=<ipv4-redacted> DST=<ipv4-redacted> LEN=525 TOS=0x00 PREC=0x00 TTL=64 ID=64846 DF PROTO=UDP SPT=51099 DPT=39389 LEN=505 
июл 31 00:00:01 <hostname-redacted> kernel: [UFW BLOCK] IN=enp5s0 OUT= MAC=<mac-address-redacted>:<mac-address-redacted>:08:00 SRC=<ipv4-redacted> DST=<ipv4-redacted> LEN=525 TOS=0x00 PREC=0x00 TTL=64 ID=64875 DF PROTO=UDP SPT=55961 DPT=39389 LEN=505 
июл 31 00:00:41 <hostname-redacted> kernel: [UFW BLOCK] IN=enp5s0 OUT= MAC=<mac-address-redacted>:<mac-address-redacted>:08:00 SRC=<ipv4-redacted> DST=<ipv4-redacted> LEN=28 TOS=0x00 PREC=0xC0 TTL=1 ID=46349 DF PROTO=2 
июл 31 00:00:46 <hostname-redacted> kernel: [UFW BLOCK] IN=enp5s0 OUT= MAC=<mac-address-redacted>:<mac-address-redacted>:08:00 SRC=<ipv4-redacted> DST=<ipv4-redacted> LEN=44 TOS=0x08 PREC=0x20 TTL=230 ID=40605 PROTO=TCP SPT=45268 DPT=3389 WINDOW=1024 RES=0x00 SYN URGP=0 
июл 31 00:00:56 <hostname-redacted> Telegram[22039]: Corrupt JPEG data: premature end of data segment
июл 31 00:00:58 <hostname-redacted> Telegram[22039]: Corrupt JPEG data: premature end of data segment
июл 31 00:01:01 <hostname-redacted> Telegram[22039]: Corrupt JPEG data: premature end of data segment
июл 31 00:01:12 <hostname-redacted> /usr/lib/xdg-desktop-portal[1270]: A backend call failed: Inhibiting other than idle not supported
июл 31 00:01:41 <hostname-redacted> kernel: [UFW BLOCK] IN=enp5s0 OUT= MAC=<mac-address-redacted>:<mac-address-redacted>:08:00 SRC=<ipv4-redacted> DST=<ipv4-redacted> LEN=28 TOS=0x00 PREC=0xC0 TTL=1 ID=55250 DF PROTO=2 
июл 31 00:01:42 <hostname-redacted> kernel: [UFW BLOCK] IN=enp5s0 OUT= MAC=<mac-address-redacted>:<mac-address-redacted>:08:00 SRC=<ipv4-redacted> DST=<ipv4-redacted> LEN=32 TOS=0x00 PREC=0xC0 TTL=1 ID=0 DF PROTO=2 
июл 31 00:02:00 <hostname-redacted> kernel: [UFW BLOCK] IN=enp5s0 OUT= MAC=<mac-address-redacted>:<mac-address-redacted>:08:00 SRC=<ipv4-redacted> DST=<ipv4-redacted> LEN=525 TOS=0x00 PREC=0x00 TTL=64 ID=8773 DF PROTO=UDP SPT=36427 DPT=48787 LEN=505 
июл 31 00:02:01 <hostname-redacted> kernel: [UFW BLOCK] IN=enp5s0 OUT= MAC=<mac-address-redacted>:<mac-address-redacted>:08:00 SRC=<ipv4-redacted> DST=<ipv4-redacted> LEN=525 TOS=0x00 PREC=0x00 TTL=64 ID=8818 DF PROTO=UDP SPT=43137 DPT=48787 LEN=505 
июл 31 00:02:41 <hostname-redacted> kernel: [UFW BLOCK] IN=enp5s0 OUT= MAC=<mac-address-redacted>:<mac-address-redacted>:08:00 SRC=<ipv4-redacted> DST=<ipv4-redacted> LEN=28 TOS=0x00 PREC=0xC0 TTL=1 ID=57741 DF PROTO=2 
июл 31 00:02:41 <hostname-redacted> kernel: [UFW BLOCK] IN=enp5s0 OUT= MAC=<mac-address-redacted>:<mac-address-redacted>:08:00 SRC=<ipv4-redacted> DST=<ipv4-redacted> LEN=32 TOS=0x00 PREC=0xC0 TTL=1 ID=0 DF PROTO=2 
июл 31 00:03:41 <hostname-redacted> kernel: [UFW BLOCK] IN=enp5s0 OUT= MAC=<mac-address-redacted>:<mac-address-redacted>:08:00 SRC=<ipv4-redacted> DST=<ipv4-redacted> LEN=28 TOS=0x00 PREC=0xC0 TTL=1 ID=4540 DF PROTO=2 
июл 31 00:03:42 <hostname-redacted> kernel: [UFW BLOCK] IN=enp5s0 OUT= MAC=<mac-address-redacted>:<mac-address-redacted>:08:00 SRC=<ipv4-redacted> DST=<ipv4-redacted> LEN=32 TOS=0x00 PREC=0xC0 TTL=1 ID=0 DF PROTO=2 
июл 31 00:04:00 <hostname-redacted> kernel: [UFW BLOCK] IN=enp5s0 OUT= MAC=<mac-address-redacted>:<mac-address-redacted>:08:00 SRC=<ipv4-redacted> DST=<ipv4-redacted> LEN=525 TOS=0x00 PREC=0x00 TTL=64 ID=26649 DF PROTO=UDP SPT=43971 DPT=53800 LEN=505 
июл 31 00:04:01 <hostname-redacted> kernel: [UFW BLOCK] IN=enp5s0 OUT= MAC=<mac-address-redacted>:<mac-address-redacted>:08:00 SRC=<ipv4-redacted> DST=<ipv4-redacted> LEN=525 TOS=0x00 PREC=0x00 TTL=64 ID=26835 DF PROTO=UDP SPT=48136 DPT=53800 LEN=505 
июл 31 00:04:41 <hostname-redacted> kernel: [UFW BLOCK] IN=enp5s0 OUT= MAC=<mac-address-redacted>:<mac-address-redacted>:08:00 SRC=<ipv4-redacted> DST=<ipv4-redacted> LEN=28 TOS=0x00 PREC=0xC0 TTL=1 ID=17345 DF PROTO=2 
июл 31 00:04:46 <hostname-redacted> kernel: [UFW BLOCK] IN=enp5s0 OUT= MAC=<mac-address-redacted>:<mac-address-redacted>:08:00 SRC=<ipv4-redacted> DST=<ipv4-redacted> LEN=32 TOS=0x00 PREC=0xC0 TTL=1 ID=0 DF PROTO=2 
июл 31 00:05:41 <hostname-redacted> kernel: [UFW BLOCK] IN=enp5s0 OUT= MAC=<mac-address-redacted>:<mac-address-redacted>:08:00 SRC=<ipv4-redacted> DST=<ipv4-redacted> LEN=28 TOS=0x00 PREC=0xC0 TTL=1 ID=26321 DF PROTO=2 
июл 31 00:05:41 <hostname-redacted> kernel: [UFW BLOCK] IN=enp5s0 OUT= MAC=<mac-address-redacted>:<mac-address-redacted>:08:00 SRC=<ipv4-redacted> DST=<ipv4-redacted> LEN=32 TOS=0x00 PREC=0xC0 TTL=1 ID=0 DF PROTO=2 
июл 31 00:06:00 <hostname-redacted> kernel: [UFW BLOCK] IN=enp5s0 OUT= MAC=<mac-address-redacted>:<mac-address-redacted>:08:00 SRC=<ipv4-redacted> DST=<ipv4-redacted> LEN=525 TOS=0x00 PREC=0x00 TTL=64 ID=31823 DF PROTO=UDP SPT=51421 DPT=40153 LEN=505 
июл 31 00:06:01 <hostname-redacted> kernel: [UFW BLOCK] IN=enp5s0 OUT= MAC=<mac-address-redacted>:<mac-address-redacted>:08:00 SRC=<ipv4-redacted> DST=<ipv4-redacted> LEN=525 TOS=0x00 PREC=0x00 TTL=64 ID=31862 DF PROTO=UDP SPT=36615 DPT=40153 LEN=505 
июл 31 00:06:41 <hostname-redacted> kernel: [UFW BLOCK] IN=enp5s0 OUT= MAC=<mac-address-redacted>:<mac-address-redacted>:08:00 SRC=<ipv4-redacted> DST=<ipv4-redacted> LEN=28 TOS=0x00 PREC=0xC0 TTL=1 ID=35529 DF PROTO=2 
июл 31 00:06:43 <hostname-redacted> kernel: [UFW BLOCK] IN=enp5s0 OUT= MAC=<mac-address-redacted>:<mac-address-redacted>:08:00 SRC=<ipv4-redacted> DST=<ipv4-redacted> LEN=32 TOS=0x00 PREC=0xC0 TTL=1 ID=0 DF PROTO=2 
июл 31 00:07:26 <hostname-redacted> kernel: [UFW BLOCK] IN=enp5s0 OUT= MAC=<mac-address-redacted>:<mac-address-redacted>:08:00 SRC=<ipv4-redacted> DST=<ipv4-redacted> LEN=44 TOS=0x00 PREC=0x60 TTL=245 ID=4695 PROTO=TCP SPT=53053 DPT=3389 WINDOW=1024 RES=0x00 SYN URGP=0 
июл 31 00:07:41 <hostname-redacted> kernel: [UFW BLOCK] IN=enp5s0 OUT= MAC=<mac-address-redacted>:<mac-address-redacted>:08:00 SRC=<ipv4-redacted> DST=<ipv4-redacted> LEN=28 TOS=0x00 PREC=0xC0 TTL=1 ID=46916 DF PROTO=2 
июл 31 00:07:42 <hostname-redacted> kernel: [UFW BLOCK] IN=enp5s0 OUT= MAC=<mac-address-redacted>:<mac-address-redacted>:08:00 SRC=<ipv4-redacted> DST=<ipv4-redacted> LEN=32 TOS=0x00 PREC=0xC0 TTL=1 ID=0 DF PROTO=2 
июл 31 00:08:01 <hostname-redacted> kernel: [UFW BLOCK] IN=enp5s0 OUT= MAC=<mac-address-redacted>:<mac-address-redacted>:08:00 SRC=<ipv4-redacted> DST=<ipv4-redacted> LEN=525 TOS=0x00 PREC=0x00 TTL=64 ID=41418 DF PROTO=UDP SPT=44612 DPT=54545 LEN=505 
июл 31 00:08:41 <hostname-redacted> kernel: [UFW BLOCK] IN=enp5s0 OUT= MAC=<mac-address-redacted>:<mac-address-redacted>:08:00 SRC=<ipv4-redacted> DST=<ipv4-redacted> LEN=28 TOS=0x00 PREC=0xC0 TTL=1 ID=61501 DF PROTO=2 
июл 31 00:08:49 <hostname-redacted> kernel: [UFW BLOCK] IN=enp5s0 OUT= MAC=<mac-address-redacted>:<mac-address-redacted>:08:00 SRC=<ipv4-redacted> DST=<ipv4-redacted> LEN=32 TOS=0x00 PREC=0xC0 TTL=1 ID=0 DF PROTO=2 
июл 31 00:09:41 <hostname-redacted> kernel: [UFW BLOCK] IN=enp5s0 OUT= MAC=<mac-address-redacted>:<mac-address-redacted>:08:00 SRC=<ipv4-redacted> DST=<ipv4-redacted> LEN=28 TOS=0x00 PREC=0xC0 TTL=1 ID=3950 DF PROTO=2 
июл 31 00:09:42 <hostname-redacted> kernel: [UFW BLOCK] IN=enp5s0 OUT= MAC=<mac-address-redacted>:<mac-address-redacted>:08:00 SRC=<ipv4-redacted> DST=<ipv4-redacted> LEN=32 TOS=0x00 PREC=0xC0 TTL=1 ID=0 DF PROTO=2 
июл 31 00:10:00 <hostname-redacted> kernel: [UFW BLOCK] IN=enp5s0 OUT= MAC=<mac-address-redacted>:<mac-address-redacted>:08:00 SRC=<ipv4-redacted> DST=<ipv4-redacted> LEN=525 TOS=0x00 PREC=0x00 TTL=64 ID=4133 DF PROTO=UDP SPT=42002 DPT=45166 LEN=505 
июл 31 00:10:01 <hostname-redacted> kernel: [UFW BLOCK] IN=enp5s0 OUT= MAC=<mac-address-redacted>:<mac-address-redacted>:08:00 SRC=<ipv4-redacted> DST=<ipv4-redacted> LEN=525 TOS=0x00 PREC=0x00 TTL=64 ID=4235 DF PROTO=UDP SPT=56832 DPT=45166 LEN=505 
июл 31 00:10:23 <hostname-redacted> kernel: [UFW BLOCK] IN=enp5s0 OUT= MAC=<mac-address-redacted>:<mac-address-redacted>:08:00 SRC=<ipv4-redacted> DST=<ipv4-redacted> LEN=1813 TOS=0x00 PREC=0x00 TTL=64 ID=2276 PROTO=UDP SPT=55214 DPT=1716 LEN=1793 
июл 31 00:10:41 <hostname-redacted> kernel: [UFW BLOCK] IN=enp5s0 OUT= MAC=<mac-address-redacted>:<mac-address-redacted>:08:00 SRC=<ipv4-redacted> DST=<ipv4-redacted> LEN=28 TOS=0x00 PREC=0xC0 TTL=1 ID=10341 DF PROTO=2 
июл 31 00:11:41 <hostname-redacted> kernel: [UFW BLOCK] IN=enp5s0 OUT= MAC=<mac-address-redacted>:<mac-address-redacted>:08:00 SRC=<ipv4-redacted> DST=<ipv4-redacted> LEN=28 TOS=0x00 PREC=0xC0 TTL=1 ID=11887 DF PROTO=2 
июл 31 00:11:48 <hostname-redacted> kernel: [UFW BLOCK] IN=enp5s0 OUT= MAC=<mac-address-redacted>:<mac-address-redacted>:08:00 SRC=<ipv4-redacted> DST=<ipv4-redacted> LEN=32 TOS=0x00 PREC=0xC0 TTL=1 ID=0 DF PROTO=2 
июл 31 00:12:00 <hostname-redacted> kernel: [UFW BLOCK] IN=enp5s0 OUT= MAC=<mac-address-redacted>:<mac-address-redacted>:08:00 SRC=<ipv4-redacted> DST=<ipv4-redacted> LEN=525 TOS=0x00 PREC=0x00 TTL=64 ID=29079 DF PROTO=UDP SPT=33142 DPT=59749 LEN=505 
июл 31 00:12:01 <hostname-redacted> kernel: [UFW BLOCK] IN=enp5s0 OUT= MAC=<mac-address-redacted>:<mac-address-redacted>:08:00 SRC=<ipv4-redacted> DST=<ipv4-redacted> LEN=525 TOS=0x00 PREC=0x00 TTL=64 ID=29193 DF PROTO=UDP SPT=48089 DPT=59749 LEN=505 
июл 31 00:12:41 <hostname-redacted> kernel: [UFW BLOCK] IN=enp5s0 OUT= MAC=<mac-address-redacted>:<mac-address-redacted>:08:00 SRC=<ipv4-redacted> DST=<ipv4-redacted> LEN=28 TOS=0x00 PREC=0xC0 TTL=1 ID=14927 DF PROTO=2 
июл 31 00:12:43 <hostname-redacted> kernel: [UFW BLOCK] IN=enp5s0 OUT= MAC=<mac-address-redacted>:<mac-address-redacted>:08:00 SRC=<ipv4-redacted> DST=<ipv4-redacted> LEN=32 TOS=0x00 PREC=0xC0 TTL=1 ID=0 DF PROTO=2 
июл 31 00:13:41 <hostname-redacted> kernel: [UFW BLOCK] IN=enp5s0 OUT= MAC=<mac-address-redacted>:<mac-address-redacted>:08:00 SRC=<ipv4-redacted> DST=<ipv4-redacted> LEN=28 TOS=0x00 PREC=0xC0 TTL=1 ID=19880 DF PROTO=2 
июл 31 00:13:45 <hostname-redacted> kernel: [UFW BLOCK] IN=enp5s0 OUT= MAC=<mac-address-redacted>:<mac-address-redacted>:08:00 SRC=<ipv4-redacted> DST=<ipv4-redacted> LEN=32 TOS=0x00 PREC=0xC0 TTL=1 ID=0 DF PROTO=2 
июл 31 00:14:00 <hostname-redacted> kernel: [UFW BLOCK] IN=enp5s0 OUT= MAC=<mac-address-redacted>:<mac-address-redacted>:08:00 SRC=<ipv4-redacted> DST=<ipv4-redacted> LEN=525 TOS=0x00 PREC=0x00 TTL=64 ID=51986 DF PROTO=UDP SPT=43979 DPT=45799 LEN=505 
июл 31 00:14:01 <hostname-redacted> kernel: [UFW BLOCK] IN=enp5s0 OUT= MAC=<mac-address-redacted>:<mac-address-redacted>:08:00 SRC=<ipv4-redacted> DST=<ipv4-redacted> LEN=525 TOS=0x00 PREC=0x00 TTL=64 ID=52061 DF PROTO=UDP SPT=34615 DPT=45799 LEN=505 
июл 31 00:14:41 <hostname-redacted> kernel: [UFW BLOCK] IN=enp5s0 OUT= MAC=<mac-address-redacted>:<mac-address-redacted>:08:00 SRC=<ipv4-redacted> DST=<ipv4-redacted> LEN=28 TOS=0x00 PREC=0xC0 TTL=1 ID=26034 DF PROTO=2 
июл 31 00:14:45 <hostname-redacted> kernel: [UFW BLOCK] IN=enp5s0 OUT= MAC=<mac-address-redacted>:<mac-address-redacted>:08:00 SRC=<ipv4-redacted> DST=<ipv4-redacted> LEN=32 TOS=0x00 PREC=0xC0 TTL=1 ID=0 DF PROTO=2 
июл 31 00:15:41 <hostname-redacted> kernel: [UFW BLOCK] IN=enp5s0 OUT= MAC=<mac-address-redacted>:<mac-address-redacted>:08:00 SRC=<ipv4-redacted> DST=<ipv4-redacted> LEN=28 TOS=0x00 PREC=0xC0 TTL=1 ID=31176 DF PROTO=2 
июл 31 00:15:43 <hostname-redacted> kernel: [UFW BLOCK] IN=enp5s0 OUT= MAC=<mac-address-redacted>:<mac-address-redacted>:08:00 SRC=<ipv4-redacted> DST=<ipv4-redacted> LEN=32 TOS=0x00 PREC=0xC0 TTL=1 ID=0 DF PROTO=2 
июл 31 00:16:00 <hostname-redacted> kernel: [UFW BLOCK] IN=enp5s0 OUT= MAC=<mac-address-redacted>:<mac-address-redacted>:08:00 SRC=<ipv4-redacted> DST=<ipv4-redacted> LEN=525 TOS=0x00 PREC=0x00 TTL=64 ID=4578 DF PROTO=UDP SPT=60549 DPT=33812 LEN=505 
июл 31 00:16:01 <hostname-redacted> kernel: [UFW BLOCK] IN=enp5s0 OUT= MAC=<mac-address-redacted>:<mac-address-redacted>:08:00 SRC=<ipv4-redacted> DST=<ipv4-redacted> LEN=525 TOS=0x00 PREC=0x00 TTL=64 ID=4800 DF PROTO=UDP SPT=33132 DPT=33812 LEN=505 
июл 31 00:16:41 <hostname-redacted> kernel: [UFW BLOCK] IN=enp5s0 OUT= MAC=<mac-address-redacted>:<mac-address-redacted>:08:00 SRC=<ipv4-redacted> DST=<ipv4-redacted> LEN=28 TOS=0x00 PREC=0xC0 TTL=1 ID=41182 DF PROTO=2 
июл 31 00:16:47 <hostname-redacted> kernel: [UFW BLOCK] IN=enp5s0 OUT= MAC=<mac-address-redacted>:<mac-address-redacted>:08:00 SRC=<ipv4-redacted> DST=<ipv4-redacted> LEN=32 TOS=0x00 PREC=0xC0 TTL=1 ID=0 DF PROTO=2 
июл 31 00:17:41 <hostname-redacted> kernel: [UFW BLOCK] IN=enp5s0 OUT= MAC=<mac-address-redacted>:<mac-address-redacted>:08:00 SRC=<ipv4-redacted> DST=<ipv4-redacted> LEN=28 TOS=0x00 PREC=0xC0 TTL=1 ID=50685 DF PROTO=2 
июл 31 00:17:51 <hostname-redacted> kernel: [UFW BLOCK] IN=enp5s0 OUT= MAC=<mac-address-redacted>:<mac-address-redacted>:08:00 SRC=<ipv4-redacted> DST=<ipv4-redacted> LEN=32 TOS=0x00 PREC=0xC0 TTL=1 ID=0 DF PROTO=2 
июл 31 00:18:00 <hostname-redacted> kernel: [UFW BLOCK] IN=enp5s0 OUT= MAC=<mac-address-redacted>:<mac-address-redacted>:08:00 SRC=<ipv4-redacted> DST=<ipv4-redacted> LEN=525 TOS=0x00 PREC=0x00 TTL=64 ID=11556 DF PROTO=UDP SPT=52824 DPT=43872 LEN=505 
июл 31 00:18:01 <hostname-redacted> kernel: [UFW BLOCK] IN=enp5s0 OUT= MAC=<mac-address-redacted>:<mac-address-redacted>:08:00 SRC=<ipv4-redacted> DST=<ipv4-redacted> LEN=525 TOS=0x00 PREC=0x00 TTL=64 ID=11588 DF PROTO=UDP SPT=41472 DPT=43872 LEN=505 
июл 31 00:18:41 <hostname-redacted> kernel: [UFW BLOCK] IN=enp5s0 OUT= MAC=<mac-address-redacted>:<mac-address-redacted>:08:00 SRC=<ipv4-redacted> DST=<ipv4-redacted> LEN=28 TOS=0x00 PREC=0xC0 TTL=1 ID=50975 DF PROTO=2 
июл 31 00:18:51 <hostname-redacted> kernel: [UFW BLOCK] IN=enp5s0 OUT= MAC=<mac-address-redacted>:<mac-address-redacted>:08:00 SRC=<ipv4-redacted> DST=<ipv4-redacted> LEN=32 TOS=0x00 PREC=0xC0 TTL=1 ID=0 DF PROTO=2 
июл 31 00:19:41 <hostname-redacted> kernel: [UFW BLOCK] IN=enp5s0 OUT= MAC=<mac-address-redacted>:<mac-address-redacted>:08:00 SRC=<ipv4-redacted> DST=<ipv4-redacted> LEN=28 TOS=0x00 PREC=0xC0 TTL=1 ID=62840 DF PROTO=2 
июл 31 00:19:43 <hostname-redacted> kernel: [UFW BLOCK] IN=enp5s0 OUT= MAC=<mac-address-redacted>:<mac-address-redacted>:08:00 SRC=<ipv4-redacted> DST=<ipv4-redacted> LEN=32 TOS=0x00 PREC=0xC0 TTL=1 ID=0 DF PROTO=2 
июл 31 00:20:00 <hostname-redacted> kernel: [UFW BLOCK] IN=enp5s0 OUT= MAC=<mac-address-redacted>:<mac-address-redacted>:08:00 SRC=<ipv4-redacted> DST=<ipv4-redacted> LEN=525 TOS=0x00 PREC=0x00 TTL=64 ID=18542 DF PROTO=UDP SPT=48018 DPT=42250 LEN=505 
июл 31 00:20:01 <hostname-redacted> kernel: [UFW BLOCK] IN=enp5s0 OUT= MAC=<mac-address-redacted>:<mac-address-redacted>:08:00 SRC=<ipv4-redacted> DST=<ipv4-redacted> LEN=525 TOS=0x00 PREC=0x00 TTL=64 ID=18566 DF PROTO=UDP SPT=39973 DPT=42250 LEN=505 
июл 31 00:20:41 <hostname-redacted> kernel: [UFW BLOCK] IN=enp5s0 OUT= MAC=<mac-address-redacted>:<mac-address-redacted>:08:00 SRC=<ipv4-redacted> DST=<ipv4-redacted> LEN=28 TOS=0x00 PREC=0xC0 TTL=1 ID=1697 DF PROTO=2 
июл 31 00:20:41 <hostname-redacted> kernel: [UFW BLOCK] IN=enp5s0 OUT= MAC=<mac-address-redacted>:<mac-address-redacted>:08:00 SRC=<ipv4-redacted> DST=<ipv4-redacted> LEN=32 TOS=0x00 PREC=0xC0 TTL=1 ID=0 DF PROTO=2 
июл 31 00:21:31 <hostname-redacted> kernel: [UFW BLOCK] IN=enp5s0 OUT= MAC=<mac-address-redacted>:<mac-address-redacted>:08:00 SRC=<ipv4-redacted> DST=<ipv4-redacted> LEN=1813 TOS=0x00 PREC=0x00 TTL=64 ID=42120 PROTO=UDP SPT=51951 DPT=1716 LEN=1793 
июл 31 00:21:41 <hostname-redacted> kernel: [UFW BLOCK] IN=enp5s0 OUT= MAC=<mac-address-redacted>:<mac-address-redacted>:08:00 SRC=<ipv4-redacted> DST=<ipv4-redacted> LEN=28 TOS=0x00 PREC=0xC0 TTL=1 ID=10709 DF PROTO=2 
июл 31 00:21:46 <hostname-redacted> kernel: [UFW BLOCK] IN=enp5s0 OUT= MAC=<mac-address-redacted>:<mac-address-redacted>:08:00 SRC=<ipv4-redacted> DST=<ipv4-redacted> LEN=32 TOS=0x00 PREC=0xC0 TTL=1 ID=0 DF PROTO=2 
июл 31 00:22:01 <hostname-redacted> kernel: [UFW BLOCK] IN=enp5s0 OUT= MAC=<mac-address-redacted>:<mac-address-redacted>:08:00 SRC=<ipv4-redacted> DST=<ipv4-redacted> LEN=525 TOS=0x00 PREC=0x00 TTL=64 ID=38383 DF PROTO=UDP SPT=49845 DPT=52029 LEN=505 
июл 31 00:22:41 <hostname-redacted> kernel: [UFW BLOCK] IN=enp5s0 OUT= MAC=<mac-address-redacted>:<mac-address-redacted>:08:00 SRC=<ipv4-redacted> DST=<ipv4-redacted> LEN=28 TOS=0x00 PREC=0xC0 TTL=1 ID=15802 DF PROTO=2 
июл 31 00:22:49 <hostname-redacted> kernel: [UFW BLOCK] IN=enp5s0 OUT= MAC=<mac-address-redacted>:<mac-address-redacted>:08:00 SRC=<ipv4-redacted> DST=<ipv4-redacted> LEN=32 TOS=0x00 PREC=0xC0 TTL=1 ID=0 DF PROTO=2 
июл 31 00:23:41 <hostname-redacted> kernel: [UFW BLOCK] IN=enp5s0 OUT= MAC=<mac-address-redacted>:<mac-address-redacted>:08:00 SRC=<ipv4-redacted> DST=<ipv4-redacted> LEN=28 TOS=0x00 PREC=0xC0 TTL=1 ID=30668 DF PROTO=2 
июл 31 00:23:42 <hostname-redacted> kernel: [UFW BLOCK] IN=enp5s0 OUT= MAC=<mac-address-redacted>:<mac-address-redacted>:08:00 SRC=<ipv4-redacted> DST=<ipv4-redacted> LEN=32 TOS=0x00 PREC=0xC0 TTL=1 ID=0 DF PROTO=2 
июл 31 00:24:00 <hostname-redacted> kernel: [UFW BLOCK] IN=enp5s0 OUT= MAC=<mac-address-redacted>:<mac-address-redacted>:08:00 SRC=<ipv4-redacted> DST=<ipv4-redacted> LEN=525 TOS=0x00 PREC=0x00 TTL=64 ID=60447 DF PROTO=UDP SPT=46648 DPT=38961 LEN=505 
июл 31 00:24:01 <hostname-redacted> kernel: [UFW BLOCK] IN=enp5s0 OUT= MAC=<mac-address-redacted>:<mac-address-redacted>:08:00 SRC=<ipv4-redacted> DST=<ipv4-redacted> LEN=525 TOS=0x00 PREC=0x00 TTL=64 ID=60618 DF PROTO=UDP SPT=51429 DPT=38961 LEN=505 
июл 31 00:24:41 <hostname-redacted> kernel: [UFW BLOCK] IN=enp5s0 OUT= MAC=<mac-address-redacted>:<mac-address-redacted>:08:00 SRC=<ipv4-redacted> DST=<ipv4-redacted> LEN=28 TOS=0x00 PREC=0xC0 TTL=1 ID=44899 DF PROTO=2 
июл 31 00:24:51 <hostname-redacted> kernel: [UFW BLOCK] IN=enp5s0 OUT= MAC=<mac-address-redacted>:<mac-address-redacted>:08:00 SRC=<ipv4-redacted> DST=<ipv4-redacted> LEN=32 TOS=0x00 PREC=0xC0 TTL=1 ID=0 DF PROTO=2 
июл 31 00:25:41 <hostname-redacted> kernel: [UFW BLOCK] IN=enp5s0 OUT= MAC=<mac-address-redacted>:<mac-address-redacted>:08:00 SRC=<ipv4-redacted> DST=<ipv4-redacted> LEN=28 TOS=0x00 PREC=0xC0 TTL=1 ID=47906 DF PROTO=2 
июл 31 00:25:45 <hostname-redacted> kernel: [UFW BLOCK] IN=enp5s0 OUT= MAC=<mac-address-redacted>:<mac-address-redacted>:08:00 SRC=<ipv4-redacted> DST=<ipv4-redacted> LEN=32 TOS=0x00 PREC=0xC0 TTL=1 ID=0 DF PROTO=2 
июл 31 00:26:00 <hostname-redacted> kernel: [UFW BLOCK] IN=enp5s0 OUT= MAC=<mac-address-redacted>:<mac-address-redacted>:08:00 SRC=<ipv4-redacted> DST=<ipv4-redacted> LEN=525 TOS=0x00 PREC=0x00 TTL=64 ID=22233 DF PROTO=UDP SPT=50989 DPT=53401 LEN=505 
июл 31 00:26:01 <hostname-redacted> kernel: [UFW BLOCK] IN=enp5s0 OUT= MAC=<mac-address-redacted>:<mac-address-redacted>:08:00 SRC=<ipv4-redacted> DST=<ipv4-redacted> LEN=525 TOS=0x00 PREC=0x00 TTL=64 ID=22357 DF PROTO=UDP SPT=44258 DPT=53401 LEN=505 
июл 31 00:26:41 <hostname-redacted> kernel: [UFW BLOCK] IN=enp5s0 OUT= MAC=<mac-address-redacted>:<mac-address-redacted>:08:00 SRC=<ipv4-redacted> DST=<ipv4-redacted> LEN=28 TOS=0x00 PREC=0xC0 TTL=1 ID=52203 DF PROTO=2 
июл 31 00:26:47 <hostname-redacted> kernel: [UFW BLOCK] IN=enp5s0 OUT= MAC=<mac-address-redacted>:<mac-address-redacted>:08:00 SRC=<ipv4-redacted> DST=<ipv4-redacted> LEN=32 TOS=0x00 PREC=0xC0 TTL=1 ID=0 DF PROTO=2 
июл 31 00:27:41 <hostname-redacted> kernel: [UFW BLOCK] IN=enp5s0 OUT= MAC=<mac-address-redacted>:<mac-address-redacted>:08:00 SRC=<ipv4-redacted> DST=<ipv4-redacted> LEN=28 TOS=0x00 PREC=0xC0 TTL=1 ID=54656 DF PROTO=2 
июл 31 00:27:50 <hostname-redacted> kernel: [UFW BLOCK] IN=enp5s0 OUT= MAC=<mac-address-redacted>:<mac-address-redacted>:08:00 SRC=<ipv4-redacted> DST=<ipv4-redacted> LEN=32 TOS=0x00 PREC=0xC0 TTL=1 ID=0 DF PROTO=2 
июл 31 00:28:00 <hostname-redacted> kernel: [UFW BLOCK] IN=enp5s0 OUT= MAC=<mac-address-redacted>:<mac-address-redacted>:08:00 SRC=<ipv4-redacted> DST=<ipv4-redacted> LEN=525 TOS=0x00 PREC=0x00 TTL=64 ID=47416 DF PROTO=UDP SPT=57585 DPT=58583 LEN=505 
июл 31 00:28:01 <hostname-redacted> kernel: [UFW BLOCK] IN=enp5s0 OUT= MAC=<mac-address-redacted>:<mac-address-redacted>:08:00 SRC=<ipv4-redacted> DST=<ipv4-redacted> LEN=525 TOS=0x00 PREC=0x00 TTL=64 ID=47520 DF PROTO=UDP SPT=37900 DPT=58583 LEN=505 
июл 31 00:28:41 <hostname-redacted> kernel: [UFW BLOCK] IN=enp5s0 OUT= MAC=<mac-address-redacted>:<mac-address-redacted>:08:00 SRC=<ipv4-redacted> DST=<ipv4-redacted> LEN=28 TOS=0x00 PREC=0xC0 TTL=1 ID=61951 DF PROTO=2 
июл 31 00:28:45 <hostname-redacted> kernel: [UFW BLOCK] IN=enp5s0 OUT= MAC=<mac-address-redacted>:<mac-address-redacted>:08:00 SRC=<ipv4-redacted> DST=<ipv4-redacted> LEN=32 TOS=0x00 PREC=0xC0 TTL=1 ID=0 DF PROTO=2 
июл 31 00:29:41 <hostname-redacted> kernel: [UFW BLOCK] IN=enp5s0 OUT= MAC=<mac-address-redacted>:<mac-address-redacted>:08:00 SRC=<ipv4-redacted> DST=<ipv4-redacted> LEN=28 TOS=0x00 PREC=0xC0 TTL=1 ID=11165 DF PROTO=2 
июл 31 00:29:47 <hostname-redacted> kernel: [UFW BLOCK] IN=enp5s0 OUT= MAC=<mac-address-redacted>:<mac-address-redacted>:08:00 SRC=<ipv4-redacted> DST=<ipv4-redacted> LEN=32 TOS=0x00 PREC=0xC0 TTL=1 ID=0 DF PROTO=2 
июл 31 00:30:00 <hostname-redacted> kernel: [UFW BLOCK] IN=enp5s0 OUT= MAC=<mac-address-redacted>:<mac-address-redacted>:08:00 SRC=<ipv4-redacted> DST=<ipv4-redacted> LEN=525 TOS=0x00 PREC=0x00 TTL=64 ID=62854 DF PROTO=UDP SPT=51420 DPT=34640 LEN=505 
июл 31 00:30:01 <hostname-redacted> kernel: [UFW BLOCK] IN=enp5s0 OUT= MAC=<mac-address-redacted>:<mac-address-redacted>:08:00 SRC=<ipv4-redacted> DST=<ipv4-redacted> LEN=525 TOS=0x00 PREC=0x00 TTL=64 ID=62887 DF PROTO=UDP SPT=45816 DPT=34640 LEN=505 
июл 31 00:30:41 <hostname-redacted> kernel: [UFW BLOCK] IN=enp5s0 OUT= MAC=<mac-address-redacted>:<mac-address-redacted>:08:00 SRC=<ipv4-redacted> DST=<ipv4-redacted> LEN=28 TOS=0x00 PREC=0xC0 TTL=1 ID=18476 DF PROTO=2 
июл 31 00:30:48 <hostname-redacted> kernel: [UFW BLOCK] IN=enp5s0 OUT= MAC=<mac-address-redacted>:<mac-address-redacted>:08:00 SRC=<ipv4-redacted> DST=<ipv4-redacted> LEN=32 TOS=0x00 PREC=0xC0 TTL=1 ID=0 DF PROTO=2 
июл 31 00:31:41 <hostname-redacted> kernel: [UFW BLOCK] IN=enp5s0 OUT= MAC=<mac-address-redacted>:<mac-address-redacted>:08:00 SRC=<ipv4-redacted> DST=<ipv4-redacted> LEN=28 TOS=0x00 PREC=0xC0 TTL=1 ID=20907 DF PROTO=2 
июл 31 00:31:44 <hostname-redacted> kernel: [UFW BLOCK] IN=enp5s0 OUT= MAC=<mac-address-redacted>:<mac-address-redacted>:08:00 SRC=<ipv4-redacted> DST=<ipv4-redacted> LEN=32 TOS=0x00 PREC=0xC0 TTL=1 ID=0 DF PROTO=2 
июл 31 00:32:00 <hostname-redacted> kernel: [UFW BLOCK] IN=enp5s0 OUT= MAC=<mac-address-redacted>:<mac-address-redacted>:08:00 SRC=<ipv4-redacted> DST=<ipv4-redacted> LEN=525 TOS=0x00 PREC=0x00 TTL=64 ID=8521 DF PROTO=UDP SPT=48516 DPT=35424 LEN=505 
июл 31 00:32:01 <hostname-redacted> kernel: [UFW BLOCK] IN=enp5s0 OUT= MAC=<mac-address-redacted>:<mac-address-redacted>:08:00 SRC=<ipv4-redacted> DST=<ipv4-redacted> LEN=525 TOS=0x00 PREC=0x00 TTL=64 ID=8537 DF PROTO=UDP SPT=43542 DPT=35424 LEN=505 
июл 31 00:32:41 <hostname-redacted> kernel: [UFW BLOCK] IN=enp5s0 OUT= MAC=<mac-address-redacted>:<mac-address-redacted>:08:00 SRC=<ipv4-redacted> DST=<ipv4-redacted> LEN=28 TOS=0x00 PREC=0xC0 TTL=1 ID=25175 DF PROTO=2 
июл 31 00:32:44 <hostname-redacted> kernel: [UFW BLOCK] IN=enp5s0 OUT= MAC=<mac-address-redacted>:<mac-address-redacted>:08:00 SRC=<ipv4-redacted> DST=<ipv4-redacted> LEN=32 TOS=0x00 PREC=0xC0 TTL=1 ID=0 DF PROTO=2 
июл 31 00:33:41 <hostname-redacted> kernel: [UFW BLOCK] IN=enp5s0 OUT= MAC=<mac-address-redacted>:<mac-address-redacted>:08:00 SRC=<ipv4-redacted> DST=<ipv4-redacted> LEN=28 TOS=0x00 PREC=0xC0 TTL=1 ID=28645 DF PROTO=2 
июл 31 00:33:45 <hostname-redacted> kernel: [UFW BLOCK] IN=enp5s0 OUT= MAC=<mac-address-redacted>:<mac-address-redacted>:08:00 SRC=<ipv4-redacted> DST=<ipv4-redacted> LEN=32 TOS=0x00 PREC=0xC0 TTL=1 ID=0 DF PROTO=2 
июл 31 00:34:00 <hostname-redacted> kernel: [UFW BLOCK] IN=enp5s0 OUT= MAC=<mac-address-redacted>:<mac-address-redacted>:08:00 SRC=<ipv4-redacted> DST=<ipv4-redacted> LEN=525 TOS=0x00 PREC=0x00 TTL=64 ID=35342 DF PROTO=UDP SPT=45365 DPT=38255 LEN=505 
июл 31 00:34:01 <hostname-redacted> kernel: [UFW BLOCK] IN=enp5s0 OUT= MAC=<mac-address-redacted>:<mac-address-redacted>:08:00 SRC=<ipv4-redacted> DST=<ipv4-redacted> LEN=525 TOS=0x00 PREC=0x00 TTL=64 ID=35343 DF PROTO=UDP SPT=56318 DPT=38255 LEN=505 
июл 31 00:34:41 <hostname-redacted> kernel: [UFW BLOCK] IN=enp5s0 OUT= MAC=<mac-address-redacted>:<mac-address-redacted>:08:00 SRC=<ipv4-redacted> DST=<ipv4-redacted> LEN=28 TOS=0x00 PREC=0xC0 TTL=1 ID=38110 DF PROTO=2 
июл 31 00:34:46 <hostname-redacted> kernel: [UFW BLOCK] IN=enp5s0 OUT= MAC=<mac-address-redacted>:<mac-address-redacted>:08:00 SRC=<ipv4-redacted> DST=<ipv4-redacted> LEN=32 TOS=0x00 PREC=0xC0 TTL=1 ID=0 DF PROTO=2 
июл 31 00:35:41 <hostname-redacted> kernel: [UFW BLOCK] IN=enp5s0 OUT= MAC=<mac-address-redacted>:<mac-address-redacted>:08:00 SRC=<ipv4-redacted> DST=<ipv4-redacted> LEN=28 TOS=0x00 PREC=0xC0 TTL=1 ID=38572 DF PROTO=2 
июл 31 00:35:42 <hostname-redacted> kernel: [UFW BLOCK] IN=enp5s0 OUT= MAC=<mac-address-redacted>:<mac-address-redacted>:08:00 SRC=<ipv4-redacted> DST=<ipv4-redacted> LEN=32 TOS=0x00 PREC=0xC0 TTL=1 ID=0 DF PROTO=2 
июл 31 00:36:00 <hostname-redacted> kernel: [UFW BLOCK] IN=enp5s0 OUT= MAC=<mac-address-redacted>:<mac-address-redacted>:08:00 SRC=<ipv4-redacted> DST=<ipv4-redacted> LEN=525 TOS=0x00 PREC=0x00 TTL=64 ID=42597 DF PROTO=UDP SPT=55085 DPT=35394 LEN=505 
июл 31 00:36:01 <hostname-redacted> kernel: [UFW BLOCK] IN=enp5s0 OUT= MAC=<mac-address-redacted>:<mac-address-redacted>:08:00 SRC=<ipv4-redacted> DST=<ipv4-redacted> LEN=525 TOS=0x00 PREC=0x00 TTL=64 ID=42623 DF PROTO=UDP SPT=33006 DPT=35394 LEN=505 
июл 31 00:36:41 <hostname-redacted> kernel: [UFW BLOCK] IN=enp5s0 OUT= MAC=<mac-address-redacted>:<mac-address-redacted>:08:00 SRC=<ipv4-redacted> DST=<ipv4-redacted> LEN=28 TOS=0x00 PREC=0xC0 TTL=1 ID=40286 DF PROTO=2 
июл 31 00:36:45 <hostname-redacted> kernel: [UFW BLOCK] IN=enp5s0 OUT= MAC=<mac-address-redacted>:<mac-address-redacted>:08:00 SRC=<ipv4-redacted> DST=<ipv4-redacted> LEN=32 TOS=0x00 PREC=0xC0 TTL=1 ID=0 DF PROTO=2 
июл 31 00:37:41 <hostname-redacted> kernel: [UFW BLOCK] IN=enp5s0 OUT= MAC=<mac-address-redacted>:<mac-address-redacted>:08:00 SRC=<ipv4-redacted> DST=<ipv4-redacted> LEN=28 TOS=0x00 PREC=0xC0 TTL=1 ID=46853 DF PROTO=2 
июл 31 00:37:50 <hostname-redacted> kernel: [UFW BLOCK] IN=enp5s0 OUT= MAC=<mac-address-redacted>:<mac-address-redacted>:08:00 SRC=<ipv4-redacted> DST=<ipv4-redacted> LEN=32 TOS=0x00 PREC=0xC0 TTL=1 ID=0 DF PROTO=2 
июл 31 00:38:00 <hostname-redacted> kernel: [UFW BLOCK] IN=enp5s0 OUT= MAC=<mac-address-redacted>:<mac-address-redacted>:08:00 SRC=<ipv4-redacted> DST=<ipv4-redacted> LEN=525 TOS=0x00 PREC=0x00 TTL=64 ID=64274 DF PROTO=UDP SPT=55136 DPT=40600 LEN=505 
июл 31 00:38:01 <hostname-redacted> kernel: [UFW BLOCK] IN=enp5s0 OUT= MAC=<mac-address-redacted>:<mac-address-redacted>:08:00 SRC=<ipv4-redacted> DST=<ipv4-redacted> LEN=525 TOS=0x00 PREC=0x00 TTL=64 ID=64449 DF PROTO=UDP SPT=56728 DPT=40600 LEN=505 
июл 31 00:38:41 <hostname-redacted> kernel: [UFW BLOCK] IN=enp5s0 OUT= MAC=<mac-address-redacted>:<mac-address-redacted>:08:00 SRC=<ipv4-redacted> DST=<ipv4-redacted> LEN=28 TOS=0x00 PREC=0xC0 TTL=1 ID=48646 DF PROTO=2 
июл 31 00:38:49 <hostname-redacted> kernel: [UFW BLOCK] IN=enp5s0 OUT= MAC=<mac-address-redacted>:<mac-address-redacted>:08:00 SRC=<ipv4-redacted> DST=<ipv4-redacted> LEN=32 TOS=0x00 PREC=0xC0 TTL=1 ID=0 DF PROTO=2 
июл 31 00:39:41 <hostname-redacted> kernel: [UFW BLOCK] IN=enp5s0 OUT= MAC=<mac-address-redacted>:<mac-address-redacted>:08:00 SRC=<ipv4-redacted> DST=<ipv4-redacted> LEN=28 TOS=0x00 PREC=0xC0 TTL=1 ID=58920 DF PROTO=2 
июл 31 00:39:49 <hostname-redacted> kernel: [UFW BLOCK] IN=enp5s0 OUT= MAC=<mac-address-redacted>:<mac-address-redacted>:08:00 SRC=<ipv4-redacted> DST=<ipv4-redacted> LEN=32 TOS=0x00 PREC=0xC0 TTL=1 ID=0 DF PROTO=2 
июл 31 00:40:00 <hostname-redacted> kernel: [UFW BLOCK] IN=enp5s0 OUT= MAC=<mac-address-redacted>:<mac-address-redacted>:08:00 SRC=<ipv4-redacted> DST=<ipv4-redacted> LEN=525 TOS=0x00 PREC=0x00 TTL=64 ID=4884 DF PROTO=UDP SPT=41481 DPT=47696 LEN=505 
июл 31 00:40:01 <hostname-redacted> kernel: [UFW BLOCK] IN=enp5s0 OUT= MAC=<mac-address-redacted>:<mac-address-redacted>:08:00 SRC=<ipv4-redacted> DST=<ipv4-redacted> LEN=525 TOS=0x00 PREC=0x00 TTL=64 ID=4954 DF PROTO=UDP SPT=43484 DPT=47696 LEN=505 
июл 31 00:40:41 <hostname-redacted> kernel: [UFW BLOCK] IN=enp5s0 OUT= MAC=<mac-address-redacted>:<mac-address-redacted>:08:00 SRC=<ipv4-redacted> DST=<ipv4-redacted> LEN=28 TOS=0x00 PREC=0xC0 TTL=1 ID=62613 DF PROTO=2 
июл 31 00:40:42 <hostname-redacted> kernel: [UFW BLOCK] IN=enp5s0 OUT= MAC=<mac-address-redacted>:<mac-address-redacted>:08:00 SRC=<ipv4-redacted> DST=<ipv4-redacted> LEN=32 TOS=0x00 PREC=0xC0 TTL=1 ID=0 DF PROTO=2 
июл 31 00:41:41 <hostname-redacted> kernel: [UFW BLOCK] IN=enp5s0 OUT= MAC=<mac-address-redacted>:<mac-address-redacted>:08:00 SRC=<ipv4-redacted> DST=<ipv4-redacted> LEN=28 TOS=0x00 PREC=0xC0 TTL=1 ID=4044 DF PROTO=2 
июл 31 00:41:51 <hostname-redacted> kernel: [UFW BLOCK] IN=enp5s0 OUT= MAC=<mac-address-redacted>:<mac-address-redacted>:08:00 SRC=<ipv4-redacted> DST=<ipv4-redacted> LEN=32 TOS=0x00 PREC=0xC0 TTL=1 ID=0 DF PROTO=2 
июл 31 00:42:00 <hostname-redacted> kernel: [UFW BLOCK] IN=enp5s0 OUT= MAC=<mac-address-redacted>:<mac-address-redacted>:08:00 SRC=<ipv4-redacted> DST=<ipv4-redacted> LEN=525 TOS=0x00 PREC=0x00 TTL=64 ID=8180 DF PROTO=UDP SPT=36737 DPT=39407 LEN=505 
июл 31 00:42:01 <hostname-redacted> kernel: [UFW BLOCK] IN=enp5s0 OUT= MAC=<mac-address-redacted>:<mac-address-redacted>:08:00 SRC=<ipv4-redacted> DST=<ipv4-redacted> LEN=525 TOS=0x00 PREC=0x00 TTL=64 ID=8280 DF PROTO=UDP SPT=37489 DPT=39407 LEN=505 
июл 31 00:42:42 <hostname-redacted> kernel: [UFW BLOCK] IN=enp5s0 OUT= MAC=<mac-address-redacted>:<mac-address-redacted>:08:00 SRC=<ipv4-redacted> DST=<ipv4-redacted> LEN=28 TOS=0x00 PREC=0xC0 TTL=1 ID=4456 DF PROTO=2 
июл 31 00:42:46 <hostname-redacted> kernel: [UFW BLOCK] IN=enp5s0 OUT= MAC=<mac-address-redacted>:<mac-address-redacted>:08:00 SRC=<ipv4-redacted> DST=<ipv4-redacted> LEN=32 TOS=0x00 PREC=0xC0 TTL=1 ID=0 DF PROTO=2 
июл 31 00:43:42 <hostname-redacted> kernel: [UFW BLOCK] IN=enp5s0 OUT= MAC=<mac-address-redacted>:<mac-address-redacted>:08:00 SRC=<ipv4-redacted> DST=<ipv4-redacted> LEN=28 TOS=0x00 PREC=0xC0 TTL=1 ID=15929 DF PROTO=2 
июл 31 00:43:46 <hostname-redacted> kernel: [UFW BLOCK] IN=enp5s0 OUT= MAC=<mac-address-redacted>:<mac-address-redacted>:08:00 SRC=<ipv4-redacted> DST=<ipv4-redacted> LEN=32 TOS=0x00 PREC=0xC0 TTL=1 ID=0 DF PROTO=2 
июл 31 00:43:51 <hostname-redacted> kernel: [UFW BLOCK] IN=enp5s0 OUT= MAC=<mac-address-redacted>:<mac-address-redacted>:08:00 SRC=<ipv4-redacted> DST=<ipv4-redacted> LEN=44 TOS=0x00 PREC=0x00 TTL=244 ID=218 PROTO=TCP SPT=46274 DPT=3389 WINDOW=1024 RES=0x00 SYN URGP=0 
июл 31 00:44:01 <hostname-redacted> kernel: [UFW BLOCK] IN=enp5s0 OUT= MAC=<mac-address-redacted>:<mac-address-redacted>:08:00 SRC=<ipv4-redacted> DST=<ipv4-redacted> LEN=525 TOS=0x00 PREC=0x00 TTL=64 ID=30112 DF PROTO=UDP SPT=57807 DPT=42944 LEN=505 
июл 31 00:44:42 <hostname-redacted> kernel: [UFW BLOCK] IN=enp5s0 OUT= MAC=<mac-address-redacted>:<mac-address-redacted>:08:00 SRC=<ipv4-redacted> DST=<ipv4-redacted> LEN=28 TOS=0x00 PREC=0xC0 TTL=1 ID=27074 DF PROTO=2 
июл 31 00:44:42 <hostname-redacted> kernel: [UFW BLOCK] IN=enp5s0 OUT= MAC=<mac-address-redacted>:<mac-address-redacted>:08:00 SRC=<ipv4-redacted> DST=<ipv4-redacted> LEN=32 TOS=0x00 PREC=0xC0 TTL=1 ID=0 DF PROTO=2 
июл 31 00:45:35 <hostname-redacted> kernel: [UFW BLOCK] IN=enp5s0 OUT= MAC=<mac-address-redacted>:<mac-address-redacted>:08:00 SRC=<ipv4-redacted> DST=<ipv4-redacted> LEN=1813 TOS=0x00 PREC=0x00 TTL=64 ID=47319 PROTO=UDP SPT=49167 DPT=1716 LEN=1793 
июл 31 00:45:42 <hostname-redacted> kernel: [UFW BLOCK] IN=enp5s0 OUT= MAC=<mac-address-redacted>:<mac-address-redacted>:08:00 SRC=<ipv4-redacted> DST=<ipv4-redacted> LEN=28 TOS=0x00 PREC=0xC0 TTL=1 ID=41390 DF PROTO=2 
июл 31 00:45:48 <hostname-redacted> kernel: [UFW BLOCK] IN=enp5s0 OUT= MAC=<mac-address-redacted>:<mac-address-redacted>:08:00 SRC=<ipv4-redacted> DST=<ipv4-redacted> LEN=32 TOS=0x00 PREC=0xC0 TTL=1 ID=0 DF PROTO=2 
июл 31 00:46:01 <hostname-redacted> kernel: [UFW BLOCK] IN=enp5s0 OUT= MAC=<mac-address-redacted>:<mac-address-redacted>:08:00 SRC=<ipv4-redacted> DST=<ipv4-redacted> LEN=525 TOS=0x00 PREC=0x00 TTL=64 ID=33812 DF PROTO=UDP SPT=60602 DPT=44154 LEN=505 
июл 31 00:46:38 <hostname-redacted> kernel: [UFW BLOCK] IN=enp5s0 OUT= MAC=<mac-address-redacted>:<mac-address-redacted>:08:00 SRC=<ipv4-redacted> DST=<ipv4-redacted> LEN=60 TOS=0x00 PREC=0x00 TTL=111 ID=16885 DF PROTO=TCP SPT=29064 DPT=3389 WINDOW=62727 RES=0x00 SYN URGP=0 
июл 31 00:46:41 <hostname-redacted> kernel: [UFW BLOCK] IN=enp5s0 OUT= MAC=<mac-address-redacted>:<mac-address-redacted>:08:00 SRC=<ipv4-redacted> DST=<ipv4-redacted> LEN=60 TOS=0x00 PREC=0x00 TTL=111 ID=16887 DF PROTO=TCP SPT=29064 DPT=3389 WINDOW=62727 RES=0x00 SYN URGP=0 
июл 31 00:47:42 <hostname-redacted> kernel: [UFW BLOCK] IN=enp5s0 OUT= MAC=<mac-address-redacted>:<mac-address-redacted>:08:00 SRC=<ipv4-redacted> DST=<ipv4-redacted> LEN=28 TOS=0x00 PREC=0xC0 TTL=1 ID=56528 DF PROTO=2 
июл 31 00:47:46 <hostname-redacted> kernel: [UFW BLOCK] IN=enp5s0 OUT= MAC=<mac-address-redacted>:<mac-address-redacted>:08:00 SRC=<ipv4-redacted> DST=<ipv4-redacted> LEN=32 TOS=0x00 PREC=0xC0 TTL=1 ID=0 DF PROTO=2 
июл 31 00:48:00 <hostname-redacted> kernel: [UFW BLOCK] IN=enp5s0 OUT= MAC=<mac-address-redacted>:<mac-address-redacted>:08:00 SRC=<ipv4-redacted> DST=<ipv4-redacted> LEN=525 TOS=0x00 PREC=0x00 TTL=64 ID=35607 DF PROTO=UDP SPT=46231 DPT=39038 LEN=505 
июл 31 00:48:01 <hostname-redacted> kernel: [UFW BLOCK] IN=enp5s0 OUT= MAC=<mac-address-redacted>:<mac-address-redacted>:08:00 SRC=<ipv4-redacted> DST=<ipv4-redacted> LEN=525 TOS=0x00 PREC=0x00 TTL=64 ID=35731 DF PROTO=UDP SPT=37699 DPT=39038 LEN=505 
июл 31 00:48:42 <hostname-redacted> kernel: [UFW BLOCK] IN=enp5s0 OUT= MAC=<mac-address-redacted>:<mac-address-redacted>:08:00 SRC=<ipv4-redacted> DST=<ipv4-redacted> LEN=28 TOS=0x00 PREC=0xC0 TTL=1 ID=60244 DF PROTO=2 
июл 31 00:48:51 <hostname-redacted> kernel: [UFW BLOCK] IN=enp5s0 OUT= MAC=<mac-address-redacted>:<mac-address-redacted>:08:00 SRC=<ipv4-redacted> DST=<ipv4-redacted> LEN=32 TOS=0x00 PREC=0xC0 TTL=1 ID=0 DF PROTO=2 
июл 31 00:49:05 <hostname-redacted> kernel: [UFW BLOCK] IN=enp5s0 OUT= MAC=<mac-address-redacted>:<mac-address-redacted>:08:00 SRC=<ipv4-redacted> DST=<ipv4-redacted> LEN=1813 TOS=0x00 PREC=0x00 TTL=64 ID=17539 PROTO=UDP SPT=54921 DPT=1716 LEN=1793 
июл 31 00:49:42 <hostname-redacted> kernel: [UFW BLOCK] IN=enp5s0 OUT= MAC=<mac-address-redacted>:<mac-address-redacted>:08:00 SRC=<ipv4-redacted> DST=<ipv4-redacted> LEN=28 TOS=0x00 PREC=0xC0 TTL=1 ID=61457 DF PROTO=2 
июл 31 00:49:47 <hostname-redacted> kernel: [UFW BLOCK] IN=enp5s0 OUT= MAC=<mac-address-redacted>:<mac-address-redacted>:08:00 SRC=<ipv4-redacted> DST=<ipv4-redacted> LEN=32 TOS=0x00 PREC=0xC0 TTL=1 ID=0 DF PROTO=2 
июл 31 00:50:01 <hostname-redacted> kernel: [UFW BLOCK] IN=enp5s0 OUT= MAC=<mac-address-redacted>:<mac-address-redacted>:08:00 SRC=<ipv4-redacted> DST=<ipv4-redacted> LEN=525 TOS=0x00 PREC=0x00 TTL=64 ID=61384 DF PROTO=UDP SPT=54836 DPT=53284 LEN=505 
июл 31 00:50:42 <hostname-redacted> kernel: [UFW BLOCK] IN=enp5s0 OUT= MAC=<mac-address-redacted>:<mac-address-redacted>:08:00 SRC=<ipv4-redacted> DST=<ipv4-redacted> LEN=28 TOS=0x00 PREC=0xC0 TTL=1 ID=10422 DF PROTO=2 
июл 31 00:50:42 <hostname-redacted> kernel: [UFW BLOCK] IN=enp5s0 OUT= MAC=<mac-address-redacted>:<mac-address-redacted>:08:00 SRC=<ipv4-redacted> DST=<ipv4-redacted> LEN=32 TOS=0x00 PREC=0xC0 TTL=1 ID=0 DF PROTO=2 
июл 31 00:51:42 <hostname-redacted> kernel: [UFW BLOCK] IN=enp5s0 OUT= MAC=<mac-address-redacted>:<mac-address-redacted>:08:00 SRC=<ipv4-redacted> DST=<ipv4-redacted> LEN=28 TOS=0x00 PREC=0xC0 TTL=1 ID=11255 DF PROTO=2 
июл 31 00:51:49 <hostname-redacted> kernel: [UFW BLOCK] IN=enp5s0 OUT= MAC=<mac-address-redacted>:<mac-address-redacted>:08:00 SRC=<ipv4-redacted> DST=<ipv4-redacted> LEN=32 TOS=0x00 PREC=0xC0 TTL=1 ID=0 DF PROTO=2 
июл 31 00:52:00 <hostname-redacted> kernel: [UFW BLOCK] IN=enp5s0 OUT= MAC=<mac-address-redacted>:<mac-address-redacted>:08:00 SRC=<ipv4-redacted> DST=<ipv4-redacted> LEN=525 TOS=0x00 PREC=0x00 TTL=64 ID=20099 DF PROTO=UDP SPT=51780 DPT=40391 LEN=505 
июл 31 00:52:01 <hostname-redacted> kernel: [UFW BLOCK] IN=enp5s0 OUT= MAC=<mac-address-redacted>:<mac-address-redacted>:08:00 SRC=<ipv4-redacted> DST=<ipv4-redacted> LEN=525 TOS=0x00 PREC=0x00 TTL=64 ID=20257 DF PROTO=UDP SPT=57862 DPT=40391 LEN=505 
июл 31 00:52:42 <hostname-redacted> kernel: [UFW BLOCK] IN=enp5s0 OUT= MAC=<mac-address-redacted>:<mac-address-redacted>:08:00 SRC=<ipv4-redacted> DST=<ipv4-redacted> LEN=28 TOS=0x00 PREC=0xC0 TTL=1 ID=11896 DF PROTO=2 
июл 31 00:52:47 <hostname-redacted> kernel: [UFW BLOCK] IN=enp5s0 OUT= MAC=<mac-address-redacted>:<mac-address-redacted>:08:00 SRC=<ipv4-redacted> DST=<ipv4-redacted> LEN=32 TOS=0x00 PREC=0xC0 TTL=1 ID=0 DF PROTO=2 
июл 31 00:53:42 <hostname-redacted> kernel: [UFW BLOCK] IN=enp5s0 OUT= MAC=<mac-address-redacted>:<mac-address-redacted>:08:00 SRC=<ipv4-redacted> DST=<ipv4-redacted> LEN=28 TOS=0x00 PREC=0xC0 TTL=1 ID=25267 DF PROTO=2 
июл 31 00:53:46 <hostname-redacted> kernel: [UFW BLOCK] IN=enp5s0 OUT= MAC=<mac-address-redacted>:<mac-address-redacted>:08:00 SRC=<ipv4-redacted> DST=<ipv4-redacted> LEN=32 TOS=0x00 PREC=0xC0 TTL=1 ID=0 DF PROTO=2 
июл 31 00:54:00 <hostname-redacted> kernel: [UFW BLOCK] IN=enp5s0 OUT= MAC=<mac-address-redacted>:<mac-address-redacted>:08:00 SRC=<ipv4-redacted> DST=<ipv4-redacted> LEN=525 TOS=0x00 PREC=0x00 TTL=64 ID=21714 DF PROTO=UDP SPT=59820 DPT=42975 LEN=505 
июл 31 00:54:01 <hostname-redacted> kernel: [UFW BLOCK] IN=enp5s0 OUT= MAC=<mac-address-redacted>:<mac-address-redacted>:08:00 SRC=<ipv4-redacted> DST=<ipv4-redacted> LEN=525 TOS=0x00 PREC=0x00 TTL=64 ID=21877 DF PROTO=UDP SPT=39697 DPT=42975 LEN=505 
июл 31 00:54:42 <hostname-redacted> kernel: [UFW BLOCK] IN=enp5s0 OUT= MAC=<mac-address-redacted>:<mac-address-redacted>:08:00 SRC=<ipv4-redacted> DST=<ipv4-redacted> LEN=28 TOS=0x00 PREC=0xC0 TTL=1 ID=33159 DF PROTO=2 
июл 31 00:54:42 <hostname-redacted> kernel: [UFW BLOCK] IN=enp5s0 OUT= MAC=<mac-address-redacted>:<mac-address-redacted>:08:00 SRC=<ipv4-redacted> DST=<ipv4-redacted> LEN=32 TOS=0x00 PREC=0xC0 TTL=1 ID=0 DF PROTO=2 
июл 31 00:55:42 <hostname-redacted> kernel: [UFW BLOCK] IN=enp5s0 OUT= MAC=<mac-address-redacted>:<mac-address-redacted>:08:00 SRC=<ipv4-redacted> DST=<ipv4-redacted> LEN=28 TOS=0x00 PREC=0xC0 TTL=1 ID=44937 DF PROTO=2 
июл 31 00:55:45 <hostname-redacted> kernel: [UFW BLOCK] IN=enp5s0 OUT= MAC=<mac-address-redacted>:<mac-address-redacted>:08:00 SRC=<ipv4-redacted> DST=<ipv4-redacted> LEN=32 TOS=0x00 PREC=0xC0 TTL=1 ID=0 DF PROTO=2 
июл 31 00:56:00 <hostname-redacted> kernel: [UFW BLOCK] IN=enp5s0 OUT= MAC=<mac-address-redacted>:<mac-address-redacted>:08:00 SRC=<ipv4-redacted> DST=<ipv4-redacted> LEN=525 TOS=0x00 PREC=0x00 TTL=64 ID=34257 DF PROTO=UDP SPT=58643 DPT=43469 LEN=505 
июл 31 00:56:01 <hostname-redacted> kernel: [UFW BLOCK] IN=enp5s0 OUT= MAC=<mac-address-redacted>:<mac-address-redacted>:08:00 SRC=<ipv4-redacted> DST=<ipv4-redacted> LEN=525 TOS=0x00 PREC=0x00 TTL=64 ID=34308 DF PROTO=UDP SPT=57069 DPT=43469 LEN=505 
июл 31 00:56:42 <hostname-redacted> kernel: [UFW BLOCK] IN=enp5s0 OUT= MAC=<mac-address-redacted>:<mac-address-redacted>:08:00 SRC=<ipv4-redacted> DST=<ipv4-redacted> LEN=28 TOS=0x00 PREC=0xC0 TTL=1 ID=45749 DF PROTO=2 
июл 31 00:56:46 <hostname-redacted> kernel: [UFW BLOCK] IN=enp5s0 OUT= MAC=<mac-address-redacted>:<mac-address-redacted>:08:00 SRC=<ipv4-redacted> DST=<ipv4-redacted> LEN=32 TOS=0x00 PREC=0xC0 TTL=1 ID=0 DF PROTO=2 
июл 31 00:57:42 <hostname-redacted> kernel: [UFW BLOCK] IN=enp5s0 OUT= MAC=<mac-address-redacted>:<mac-address-redacted>:08:00 SRC=<ipv4-redacted> DST=<ipv4-redacted> LEN=28 TOS=0x00 PREC=0xC0 TTL=1 ID=46853 DF PROTO=2 
июл 31 00:57:45 <hostname-redacted> kernel: [UFW BLOCK] IN=enp5s0 OUT= MAC=<mac-address-redacted>:<mac-address-redacted>:08:00 SRC=<ipv4-redacted> DST=<ipv4-redacted> LEN=32 TOS=0x00 PREC=0xC0 TTL=1 ID=0 DF PROTO=2 
июл 31 00:58:00 <hostname-redacted> kernel: [UFW BLOCK] IN=enp5s0 OUT= MAC=<mac-address-redacted>:<mac-address-redacted>:08:00 SRC=<ipv4-redacted> DST=<ipv4-redacted> LEN=525 TOS=0x00 PREC=0x00 TTL=64 ID=35005 DF PROTO=UDP SPT=35263 DPT=47205 LEN=505 
июл 31 00:58:01 <hostname-redacted> kernel: [UFW BLOCK] IN=enp5s0 OUT= MAC=<mac-address-redacted>:<mac-address-redacted>:08:00 SRC=<ipv4-redacted> DST=<ipv4-redacted> LEN=525 TOS=0x00 PREC=0x00 TTL=64 ID=35126 DF PROTO=UDP SPT=42651 DPT=47205 LEN=505 
июл 31 00:58:42 <hostname-redacted> kernel: [UFW BLOCK] IN=enp5s0 OUT= MAC=<mac-address-redacted>:<mac-address-redacted>:08:00 SRC=<ipv4-redacted> DST=<ipv4-redacted> LEN=28 TOS=0x00 PREC=0xC0 TTL=1 ID=48480 DF PROTO=2 
июл 31 00:58:42 <hostname-redacted> kernel: [UFW BLOCK] IN=enp5s0 OUT= MAC=<mac-address-redacted>:<mac-address-redacted>:08:00 SRC=<ipv4-redacted> DST=<ipv4-redacted> LEN=32 TOS=0x00 PREC=0xC0 TTL=1 ID=0 DF PROTO=2 
июл 31 00:59:30 <hostname-redacted> kernel: [UFW BLOCK] IN=enp5s0 OUT= MAC=<mac-address-redacted>:<mac-address-redacted>:08:00 SRC=<ipv4-redacted> DST=<ipv4-redacted> LEN=1813 TOS=0x00 PREC=0x00 TTL=64 ID=19821 PROTO=UDP SPT=58101 DPT=1716 LEN=1793 
июл 31 00:59:42 <hostname-redacted> kernel: [UFW BLOCK] IN=enp5s0 OUT= MAC=<mac-address-redacted>:<mac-address-redacted>:08:00 SRC=<ipv4-redacted> DST=<ipv4-redacted> LEN=28 TOS=0x00 PREC=0xC0 TTL=1 ID=53075 DF PROTO=2 
июл 31 00:59:44 <hostname-redacted> kernel: [UFW BLOCK] IN=enp5s0 OUT= MAC=<mac-address-redacted>:<mac-address-redacted>:08:00 SRC=<ipv4-redacted> DST=<ipv4-redacted> LEN=32 TOS=0x00 PREC=0xC0 TTL=1 ID=0 DF PROTO=2 
июл 31 01:00:01 <hostname-redacted> kernel: [UFW BLOCK] IN=enp5s0 OUT= MAC=<mac-address-redacted>:<mac-address-redacted>:08:00 SRC=<ipv4-redacted> DST=<ipv4-redacted> LEN=525 TOS=0x00 PREC=0x00 TTL=64 ID=58151 DF PROTO=UDP SPT=43364 DPT=42314 LEN=505 
июл 31 01:00:42 <hostname-redacted> kernel: [UFW BLOCK] IN=enp5s0 OUT= MAC=<mac-address-redacted>:<mac-address-redacted>:08:00 SRC=<ipv4-redacted> DST=<ipv4-redacted> LEN=28 TOS=0x00 PREC=0xC0 TTL=1 ID=58507 DF PROTO=2 
июл 31 01:00:45 <hostname-redacted> kernel: [UFW BLOCK] IN=enp5s0 OUT= MAC=<mac-address-redacted>:<mac-address-redacted>:08:00 SRC=<ipv4-redacted> DST=<ipv4-redacted> LEN=32 TOS=0x00 PREC=0xC0 TTL=1 ID=0 DF PROTO=2 
____________________________________________
journalctl of previous boot

июл 30 22:40:29 cachyos kernel:   #1  #3  #5  #7  #9 #11 #13 #15
июл 30 22:40:29 cachyos kernel: virt/tdx: TDX not supported by the host platform
июл 30 22:40:29 cachyos kernel: nvidia: loading out-of-tree module taints kernel.
июл 30 22:40:29 cachyos kernel: nvidia: unknown parameter 'NVreg_UsePageAttributeTable' ignored
июл 30 22:40:29 cachyos kernel: 
июл 30 22:40:29 cachyos kernel: NVRM: loading NVIDIA UNIX Open Kernel Module for x86_64  610.43.03  Release Build  (notroot@)  Mon Jul 27 14:34:21 UTC 2026
июл 30 22:40:30 cachyos kernel: sd 9:0:0:0: [sdb] No Caching mode page found
июл 30 22:40:30 cachyos kernel: sd 9:0:0:0: [sdb] Assuming drive cache: write through
июл 30 22:40:30 cachyos kernel: sd 8:0:0:0: [sdc] No Caching mode page found
июл 30 22:40:30 cachyos kernel: sd 8:0:0:0: [sdc] Assuming drive cache: write through
июл 30 22:40:30 cachyos kernel: scsi 8:0:0:1: Failed to get diagnostic page 0x1
июл 30 22:40:30 cachyos kernel: scsi 8:0:0:1: Failed to bind enclosure -19
июл 30 22:40:32 <hostname-redacted> kernel: spi-nor spi0.0: supply vcc not found, using dummy regulator
июл 30 22:40:32 <hostname-redacted> kernel: usb 1-5.2: Warning! Unlikely big volume step count (=496), linear volume or wrong cval->res?
июл 30 22:40:32 <hostname-redacted> kernel: usb 1-5.2: [50] FU [Mic Capture Volume] ch = 1, val = 0/7936/16
июл 30 22:40:35 <hostname-redacted> avahi-daemon[797]: *** WARNING: Detected another IPv4 mDNS stack running on this host. This makes mDNS unreliable and is thus not recommended. ***
июл 30 22:40:35 <hostname-redacted> avahi-daemon[797]: *** WARNING: Detected another IPv6 mDNS stack running on this host. This makes mDNS unreliable and is thus not recommended. ***
июл 30 22:40:40 <hostname-redacted> kernel: [UFW BLOCK] IN=enp5s0 OUT= MAC= SRC=fe80:0000:0000:0000:bf50:874c:8d92:c521 DST=ff02:0000:0000:0000:0000:0000:0001:0003 LEN=79 TC=0 HOPLIMIT=255 FLOWLBL=58915 PROTO=UDP SPT=5355 DPT=5355 LEN=39 
июл 30 22:40:40 <hostname-redacted> NetworkManager[795]: ((../NetworkManager/src/libnm-systemd-core/src/libsystemd/sd-event/sd-event.c:4458)): assertion '<dropped>' failed
июл 30 22:40:40 <hostname-redacted> kernel: [UFW BLOCK] IN=enp5s0 OUT= MAC= SRC=fe80:0000:0000:0000:bf50:874c:8d92:c521 DST=ff02:0000:0000:0000:0000:0000:0001:0003 LEN=79 TC=0 HOPLIMIT=255 FLOWLBL=58915 PROTO=UDP SPT=5355 DPT=5355 LEN=39 
июл 30 22:40:41 <hostname-redacted> kernel: [UFW BLOCK] IN=enp5s0 OUT= MAC= SRC=fe80:0000:0000:0000:bf50:874c:8d92:c521 DST=ff02:0000:0000:0000:0000:0000:0001:0003 LEN=79 TC=0 HOPLIMIT=255 FLOWLBL=58915 PROTO=UDP SPT=5355 DPT=5355 LEN=39 
июл 30 22:40:41 <hostname-redacted> sddm[888]: Could not setup default cursor
июл 30 22:40:41 <hostname-redacted> dbus-broker-launch[792]: Activation request for 'org.freedesktop.home1' failed: The systemd unit 'dbus-org.freedesktop.home1.service' could not be found.
июл 30 22:40:42 <hostname-redacted> dbus-broker-launch[943]: Service file '/usr/share/dbus-1/services/org.kde.dolphin.FileManager1.service' is not named after the D-Bus name 'org.freedesktop.FileManager1'.
июл 30 22:40:42 <hostname-redacted> sddm-greeter-qt6[940]: Member enabled of the object ImageButton_QMLTYPE_12 overrides a member of the base object. Consider renaming it or adding final or override specifier
июл 30 22:40:44 <hostname-redacted> kernel: platform INT3515:01: deferred probe pending: Serial bus multi instantiate pseudo device driver: Error creating i2c-client, idx 0
июл 30 22:40:55 <hostname-redacted> kernel: [UFW BLOCK] IN=enp5s0 OUT= MAC= SRC=<ipv4-redacted> DST=<ipv4-redacted> LEN=59 TOS=0x00 PREC=0x00 TTL=255 ID=28105 PROTO=UDP SPT=5355 DPT=5355 LEN=39 
июл 30 22:40:55 <hostname-redacted> kernel: [UFW BLOCK] IN=enp5s0 OUT= MAC= SRC=<ipv4-redacted> DST=<ipv4-redacted> LEN=59 TOS=0x00 PREC=0x00 TTL=255 ID=28173 PROTO=UDP SPT=5355 DPT=5355 LEN=39 
июл 30 22:40:55 <hostname-redacted> kernel: [UFW BLOCK] IN=enp5s0 OUT= MAC= SRC=<ipv4-redacted> DST=<ipv4-redacted> LEN=59 TOS=0x00 PREC=0x00 TTL=255 ID=28361 PROTO=UDP SPT=5355 DPT=5355 LEN=39 
июл 30 22:40:56 <hostname-redacted> systemd[964]: sys-devices-pci0000:00-0000:00:1f.3-sound-card2-controlC2.device: Failed to enqueue SYSTEMD_USER_WANTS job, ignoring: Transaction for sound.target/start is destructive (sound.target has 'stop' job queued, but 'start' is included in transaction).
июл 30 22:40:56 <hostname-redacted> systemd[964]: sys-devices-pci0000:00-0000:00:01.0-0000:01:00.1-sound-card1-controlC1.device: Failed to enqueue SYSTEMD_USER_WANTS job, ignoring: Transaction for sound.target/start is destructive (sound.target has 'stop' job queued, but 'start' is included in transaction).
июл 30 22:40:56 <hostname-redacted> systemd[964]: sys-devices-pci0000:00-0000:00:14.0-usb1-1\x2d5-1\x2d5.2-1\x2d5.2:1.0-sound-card0-controlC0.device: Failed to enqueue SYSTEMD_USER_WANTS job, ignoring: Transaction for sound.target/start is destructive (sound.target has 'stop' job queued, but 'start' is included in transaction).
июл 30 22:40:57 <hostname-redacted> dbus-broker-launch[1017]: Service file '/usr/share/dbus-1/services/org.kde.dolphin.FileManager1.service' is not named after the D-Bus name 'org.freedesktop.FileManager1'.
июл 30 22:40:59 <hostname-redacted> accounts-daemon[1147]: Unable to open /etc/tcb: Нет такого файла или каталога
июл 30 22:40:59 <hostname-redacted> accounts-daemon[1147]: couldn't list homed users: GDBus.Error:org.freedesktop.DBus.Error.NameHasNoOwner: Could not activate remote peer 'org.freedesktop.home1': activation request failed: unknown unit
июл 30 22:40:59 <hostname-redacted> pipewire[1236]: mod.rt: could not set nice-level to -11: Отказано в доступе
июл 30 22:40:59 <hostname-redacted> pipewire[1236]: mod.rt: RTKit error: org.freedesktop.DBus.Error.ServiceUnknown
июл 30 22:40:59 <hostname-redacted> pipewire[1236]: mod.rt: RTKit does not give us MaxRealtimePriority, using 1
июл 30 22:40:59 <hostname-redacted> pipewire[1236]: mod.rt: RTKit error: org.freedesktop.DBus.Error.ServiceUnknown
июл 30 22:40:59 <hostname-redacted> pipewire[1236]: mod.rt: RTKit does not give us MinNiceLevel, using 0
июл 30 22:40:59 <hostname-redacted> pipewire[1236]: mod.rt: RTKit error: org.freedesktop.DBus.Error.ServiceUnknown
июл 30 22:40:59 <hostname-redacted> pipewire[1236]: mod.rt: RTKit does not give us RTTimeUSecMax, using -1
июл 30 22:40:59 <hostname-redacted> wireplumber[1237]: mod.rt: could not set nice-level to -11: Отказано в доступе
июл 30 22:40:59 <hostname-redacted> wireplumber[1237]: mod.rt: RTKit error: org.freedesktop.DBus.Error.ServiceUnknown
июл 30 22:40:59 <hostname-redacted> wireplumber[1237]: mod.rt: RTKit does not give us MaxRealtimePriority, using 1
июл 30 22:40:59 <hostname-redacted> wireplumber[1237]: mod.rt: RTKit error: org.freedesktop.DBus.Error.ServiceUnknown
июл 30 22:40:59 <hostname-redacted> wireplumber[1237]: mod.rt: RTKit does not give us MinNiceLevel, using 0
июл 30 22:40:59 <hostname-redacted> wireplumber[1237]: mod.rt: RTKit error: org.freedesktop.DBus.Error.ServiceUnknown
июл 30 22:40:59 <hostname-redacted> wireplumber[1237]: mod.rt: RTKit does not give us RTTimeUSecMax, using -1
июл 30 22:41:00 <hostname-redacted> wireplumber[1237]: spa.bluez5: BlueZ system service is not available
июл 30 22:41:00 <hostname-redacted> /usr/lib/xdg-desktop-portal[1322]: Failed to load RealtimeKit property: GDBus.Error:org.freedesktop.DBus.Error.ServiceUnknown: The name is not activatable
июл 30 22:41:00 <hostname-redacted> /usr/lib/xdg-desktop-portal[1322]: Failed to load RealtimeKit property: GDBus.Error:org.freedesktop.DBus.Error.ServiceUnknown: The name is not activatable
июл 30 22:41:00 <hostname-redacted> /usr/lib/xdg-desktop-portal[1322]: Failed to load RealtimeKit property: GDBus.Error:org.freedesktop.DBus.Error.ServiceUnknown: The name is not activatable
июл 30 22:41:19 <hostname-redacted> kernel: [UFW BLOCK] IN=enp5s0 OUT= MAC=<mac-address-redacted>:<mac-address-redacted>:08:00 SRC=<ipv4-redacted> DST=<ipv4-redacted> LEN=1813 TOS=0x00 PREC=0x00 TTL=64 ID=64131 PROTO=UDP SPT=48612 DPT=1716 LEN=1793 
июл 30 22:41:20 <hostname-redacted> kernel: [UFW BLOCK] IN=enp5s0 OUT= MAC=<mac-address-redacted>:<mac-address-redacted>:08:00 SRC=<ipv4-redacted> DST=<ipv4-redacted> LEN=60 TOS=0x00 PREC=0x00 TTL=64 ID=65268 DF PROTO=TCP SPT=22000 DPT=22000 WINDOW=64240 RES=0x00 SYN URGP=0 
июл 30 22:41:21 <hostname-redacted> kernel: [UFW BLOCK] IN=enp5s0 OUT= MAC=<mac-address-redacted>:<mac-address-redacted>:08:00 SRC=<ipv4-redacted> DST=<ipv4-redacted> LEN=60 TOS=0x00 PREC=0x00 TTL=64 ID=65269 DF PROTO=TCP SPT=22000 DPT=22000 WINDOW=64240 RES=0x00 SYN URGP=0 
июл 30 22:41:23 <hostname-redacted> kernel: [UFW BLOCK] IN=enp5s0 OUT= MAC=<mac-address-redacted>:<mac-address-redacted>:08:00 SRC=<ipv4-redacted> DST=<ipv4-redacted> LEN=60 TOS=0x00 PREC=0x00 TTL=64 ID=65270 DF PROTO=TCP SPT=22000 DPT=22000 WINDOW=64240 RES=0x00 SYN URGP=0 
июл 30 22:41:24 <hostname-redacted> kernel: [UFW BLOCK] IN=enp5s0 OUT= MAC=<mac-address-redacted>:<mac-address-redacted>:08:00 SRC=<ipv4-redacted> DST=<ipv4-redacted> LEN=60 TOS=0x00 PREC=0x00 TTL=64 ID=12275 DF PROTO=TCP SPT=42248 DPT=22000 WINDOW=64240 RES=0x00 SYN URGP=0 
июл 30 22:41:25 <hostname-redacted> kernel: [UFW BLOCK] IN=enp5s0 OUT= MAC=<mac-address-redacted>:<mac-address-redacted>:08:00 SRC=<ipv4-redacted> DST=<ipv4-redacted> LEN=60 TOS=0x00 PREC=0x00 TTL=64 ID=12276 DF PROTO=TCP SPT=42248 DPT=22000 WINDOW=64240 RES=0x00 SYN URGP=0 
июл 30 22:41:27 <hostname-redacted> kernel: [UFW BLOCK] IN=enp5s0 OUT= MAC=<mac-address-redacted>:<mac-address-redacted>:08:00 SRC=<ipv4-redacted> DST=<ipv4-redacted> LEN=60 TOS=0x00 PREC=0x00 TTL=64 ID=12277 DF PROTO=TCP SPT=42248 DPT=22000 WINDOW=64240 RES=0x00 SYN URGP=0 
июл 30 22:41:27 <hostname-redacted> kernel: [UFW BLOCK] IN=enp5s0 OUT= MAC=<mac-address-redacted>:<mac-address-redacted>:08:00 SRC=<ipv4-redacted> DST=<ipv4-redacted> LEN=60 TOS=0x00 PREC=0x00 TTL=64 ID=65271 DF PROTO=TCP SPT=22000 DPT=22000 WINDOW=64240 RES=0x00 SYN URGP=0 
июл 30 22:41:39 <hostname-redacted> kernel: [UFW BLOCK] IN=enp5s0 OUT= MAC=<mac-address-redacted>:<mac-address-redacted>:08:00 SRC=<ipv4-redacted> DST=<ipv4-redacted> LEN=28 TOS=0x00 PREC=0xC0 TTL=1 ID=30635 DF PROTO=2 
июл 30 22:42:30 <hostname-redacted> kernel: [UFW BLOCK] IN=enp5s0 OUT= MAC=<mac-address-redacted>:<mac-address-redacted>:08:00 SRC=<ipv4-redacted> DST=<ipv4-redacted> LEN=60 TOS=0x00 PREC=0x00 TTL=64 ID=1713 DF PROTO=TCP SPT=22000 DPT=22000 WINDOW=64240 RES=0x00 SYN URGP=0 
июл 30 22:42:31 <hostname-redacted> kernel: [UFW BLOCK] IN=enp5s0 OUT= MAC=<mac-address-redacted>:<mac-address-redacted>:08:00 SRC=<ipv4-redacted> DST=<ipv4-redacted> LEN=60 TOS=0x00 PREC=0x00 TTL=64 ID=1714 DF PROTO=TCP SPT=22000 DPT=22000 WINDOW=64240 RES=0x00 SYN URGP=0 
июл 30 22:42:35 <hostname-redacted> kernel: [UFW BLOCK] IN=enp5s0 OUT= MAC=<mac-address-redacted>:<mac-address-redacted>:08:00 SRC=<ipv4-redacted> DST=<ipv4-redacted> LEN=60 TOS=0x00 PREC=0x00 TTL=64 ID=27517 DF PROTO=TCP SPT=55714 DPT=22000 WINDOW=64240 RES=0x00 SYN URGP=0 
июл 30 22:43:39 <hostname-redacted> kernel: [UFW BLOCK] IN=enp5s0 OUT= MAC=<mac-address-redacted>:<mac-address-redacted>:08:00 SRC=<ipv4-redacted> DST=<ipv4-redacted> LEN=28 TOS=0x00 PREC=0xC0 TTL=1 ID=55218 DF PROTO=2 
июл 30 22:43:40 <hostname-redacted> kernel: [UFW BLOCK] IN=enp5s0 OUT= MAC=<mac-address-redacted>:<mac-address-redacted>:08:00 SRC=<ipv4-redacted> DST=<ipv4-redacted> LEN=60 TOS=0x00 PREC=0x00 TTL=64 ID=40442 DF PROTO=TCP SPT=22000 DPT=22000 WINDOW=64240 RES=0x00 SYN URGP=0 
июл 30 22:43:41 <hostname-redacted> kernel: [UFW BLOCK] IN=enp5s0 OUT= MAC=<mac-address-redacted>:<mac-address-redacted>:08:00 SRC=<ipv4-redacted> DST=<ipv4-redacted> LEN=60 TOS=0x00 PREC=0x00 TTL=64 ID=40443 DF PROTO=TCP SPT=22000 DPT=22000 WINDOW=64240 RES=0x00 SYN URGP=0 
июл 30 22:44:39 <hostname-redacted> kernel: [UFW BLOCK] IN=enp5s0 OUT= MAC=<mac-address-redacted>:<mac-address-redacted>:08:00 SRC=<ipv4-redacted> DST=<ipv4-redacted> LEN=28 TOS=0x00 PREC=0xC0 TTL=1 ID=2926 DF PROTO=2 
июл 30 22:44:43 <hostname-redacted> kernel: [UFW BLOCK] IN=enp5s0 OUT= MAC=<mac-address-redacted>:<mac-address-redacted>:08:00 SRC=<ipv4-redacted> DST=<ipv4-redacted> LEN=32 TOS=0x00 PREC=0xC0 TTL=1 ID=0 DF PROTO=2 
июл 30 22:44:51 <hostname-redacted> kernel: [UFW BLOCK] IN=enp5s0 OUT= MAC=<mac-address-redacted>:<mac-address-redacted>:08:00 SRC=<ipv4-redacted> DST=<ipv4-redacted> LEN=60 TOS=0x00 PREC=0x00 TTL=64 ID=59964 DF PROTO=TCP SPT=22000 DPT=22000 WINDOW=64240 RES=0x00 SYN URGP=0 
июл 30 22:44:55 <hostname-redacted> kernel: [UFW BLOCK] IN=enp5s0 OUT= MAC=<mac-address-redacted>:<mac-address-redacted>:08:00 SRC=<ipv4-redacted> DST=<ipv4-redacted> LEN=60 TOS=0x00 PREC=0x00 TTL=64 ID=38412 DF PROTO=TCP SPT=59896 DPT=22000 WINDOW=64240 RES=0x00 SYN URGP=0 
июл 30 22:45:39 <hostname-redacted> kernel: [UFW BLOCK] IN=enp5s0 OUT= MAC=<mac-address-redacted>:<mac-address-redacted>:08:00 SRC=<ipv4-redacted> DST=<ipv4-redacted> LEN=28 TOS=0x00 PREC=0xC0 TTL=1 ID=8857 DF PROTO=2 
июл 30 22:45:44 <hostname-redacted> kernel: [UFW BLOCK] IN=enp5s0 OUT= MAC=<mac-address-redacted>:<mac-address-redacted>:08:00 SRC=<ipv4-redacted> DST=<ipv4-redacted> LEN=32 TOS=0x00 PREC=0xC0 TTL=1 ID=0 DF PROTO=2 
июл 30 22:46:01 <hostname-redacted> kernel: [UFW BLOCK] IN=enp5s0 OUT= MAC=<mac-address-redacted>:<mac-address-redacted>:08:00 SRC=<ipv4-redacted> DST=<ipv4-redacted> LEN=60 TOS=0x00 PREC=0x00 TTL=64 ID=34238 DF PROTO=TCP SPT=22000 DPT=22000 WINDOW=64240 RES=0x00 SYN URGP=0 
июл 30 22:46:39 <hostname-redacted> kernel: [UFW BLOCK] IN=enp5s0 OUT= MAC=<mac-address-redacted>:<mac-address-redacted>:08:00 SRC=<ipv4-redacted> DST=<ipv4-redacted> LEN=28 TOS=0x00 PREC=0xC0 TTL=1 ID=18023 DF PROTO=2 
июл 30 22:46:43 <hostname-redacted> kernel: [UFW BLOCK] IN=enp5s0 OUT= MAC=<mac-address-redacted>:<mac-address-redacted>:08:00 SRC=<ipv4-redacted> DST=<ipv4-redacted> LEN=61 TOS=0x00 PREC=0x00 TTL=1 ID=12915 PROTO=UDP SPT=62562 DPT=5355 LEN=41 
июл 30 22:47:11 <hostname-redacted> kernel: [UFW BLOCK] IN=enp5s0 OUT= MAC=<mac-address-redacted>:<mac-address-redacted>:08:00 SRC=<ipv4-redacted> DST=<ipv4-redacted> LEN=60 TOS=0x00 PREC=0x00 TTL=64 ID=5116 DF PROTO=TCP SPT=22000 DPT=22000 WINDOW=64240 RES=0x00 SYN URGP=0 
июл 30 22:47:15 <hostname-redacted> kernel: [UFW BLOCK] IN=enp5s0 OUT= MAC=<mac-address-redacted>:<mac-address-redacted>:08:00 SRC=<ipv4-redacted> DST=<ipv4-redacted> LEN=60 TOS=0x00 PREC=0x00 TTL=64 ID=53536 DF PROTO=TCP SPT=48730 DPT=22000 WINDOW=64240 RES=0x00 SYN URGP=0 
июл 30 22:47:39 <hostname-redacted> kernel: [UFW BLOCK] IN=enp5s0 OUT= MAC=<mac-address-redacted>:<mac-address-redacted>:08:00 SRC=<ipv4-redacted> DST=<ipv4-redacted> LEN=28 TOS=0x00 PREC=0xC0 TTL=1 ID=18195 DF PROTO=2 
июл 30 22:48:12 <hostname-redacted> kernel: [UFW BLOCK] IN=enp5s0 OUT= MAC=<mac-address-redacted>:<mac-address-redacted>:08:00 SRC=<ipv4-redacted> DST=<ipv4-redacted> LEN=44 TOS=0x08 PREC=0x00 TTL=230 ID=30737 PROTO=TCP SPT=51438 DPT=5900 WINDOW=1024 RES=0x00 SYN URGP=0 
июл 30 22:48:21 <hostname-redacted> kernel: [UFW BLOCK] IN=enp5s0 OUT= MAC=<mac-address-redacted>:<mac-address-redacted>:08:00 SRC=<ipv4-redacted> DST=<ipv4-redacted> LEN=60 TOS=0x00 PREC=0x00 TTL=64 ID=10763 DF PROTO=TCP SPT=22000 DPT=22000 WINDOW=64240 RES=0x00 SYN URGP=0 
июл 30 22:48:39 <hostname-redacted> kernel: [UFW BLOCK] IN=enp5s0 OUT= MAC=<mac-address-redacted>:<mac-address-redacted>:08:00 SRC=<ipv4-redacted> DST=<ipv4-redacted> LEN=28 TOS=0x00 PREC=0xC0 TTL=1 ID=27375 DF PROTO=2 
июл 30 22:49:31 <hostname-redacted> kernel: [UFW BLOCK] IN=enp5s0 OUT= MAC=<mac-address-redacted>:<mac-address-redacted>:08:00 SRC=<ipv4-redacted> DST=<ipv4-redacted> LEN=60 TOS=0x00 PREC=0x00 TTL=64 ID=11394 DF PROTO=TCP SPT=22000 DPT=22000 WINDOW=64240 RES=0x00 SYN URGP=0 
июл 30 22:49:32 <hostname-redacted> kernel: [UFW BLOCK] IN=enp5s0 OUT= MAC=<mac-address-redacted>:<mac-address-redacted>:08:00 SRC=<ipv4-redacted> DST=<ipv4-redacted> LEN=60 TOS=0x00 PREC=0x00 TTL=64 ID=11395 DF PROTO=TCP SPT=22000 DPT=22000 WINDOW=64240 RES=0x00 SYN URGP=0 
июл 30 22:49:34 <hostname-redacted> kernel: [UFW BLOCK] IN=enp5s0 OUT= MAC=<mac-address-redacted>:<mac-address-redacted>:08:00 SRC=<ipv4-redacted> DST=<ipv4-redacted> LEN=60 TOS=0x00 PREC=0x00 TTL=64 ID=11396 DF PROTO=TCP SPT=22000 DPT=22000 WINDOW=64240 RES=0x00 SYN URGP=0 
июл 30 22:50:39 <hostname-redacted> kernel: [UFW BLOCK] IN=enp5s0 OUT= MAC=<mac-address-redacted>:<mac-address-redacted>:08:00 SRC=<ipv4-redacted> DST=<ipv4-redacted> LEN=28 TOS=0x00 PREC=0xC0 TTL=1 ID=33115 DF PROTO=2 
июл 30 22:50:41 <hostname-redacted> kernel: [UFW BLOCK] IN=enp5s0 OUT= MAC=<mac-address-redacted>:<mac-address-redacted>:08:00 SRC=<ipv4-redacted> DST=<ipv4-redacted> LEN=60 TOS=0x00 PREC=0x00 TTL=64 ID=23960 DF PROTO=TCP SPT=22000 DPT=22000 WINDOW=64240 RES=0x00 SYN URGP=0 
июл 30 22:50:42 <hostname-redacted> kernel: [UFW BLOCK] IN=enp5s0 OUT= MAC=<mac-address-redacted>:<mac-address-redacted>:08:00 SRC=<ipv4-redacted> DST=<ipv4-redacted> LEN=60 TOS=0x00 PREC=0x00 TTL=64 ID=23961 DF PROTO=TCP SPT=22000 DPT=22000 WINDOW=64240 RES=0x00 SYN URGP=0 
июл 30 22:51:39 <hostname-redacted> kernel: [UFW BLOCK] IN=enp5s0 OUT= MAC=<mac-address-redacted>:<mac-address-redacted>:08:00 SRC=<ipv4-redacted> DST=<ipv4-redacted> LEN=28 TOS=0x00 PREC=0xC0 TTL=1 ID=43692 DF PROTO=2 
июл 30 22:51:45 <hostname-redacted> kernel: [UFW BLOCK] IN=enp5s0 OUT= MAC=<mac-address-redacted>:<mac-address-redacted>:08:00 SRC=<ipv4-redacted> DST=<ipv4-redacted> LEN=32 TOS=0x00 PREC=0xC0 TTL=1 ID=0 DF PROTO=2 
июл 30 22:51:51 <hostname-redacted> kernel: [UFW BLOCK] IN=enp5s0 OUT= MAC=<mac-address-redacted>:<mac-address-redacted>:08:00 SRC=<ipv4-redacted> DST=<ipv4-redacted> LEN=60 TOS=0x00 PREC=0x00 TTL=64 ID=64649 DF PROTO=TCP SPT=22000 DPT=22000 WINDOW=64240 RES=0x00 SYN URGP=0 
июл 30 22:51:54 <hostname-redacted> kernel: [UFW BLOCK] IN=enp5s0 OUT= MAC=<mac-address-redacted>:<mac-address-redacted>:08:00 SRC=<ipv4-redacted> DST=<ipv4-redacted> LEN=60 TOS=0x00 PREC=0x00 TTL=64 ID=64651 DF PROTO=TCP SPT=22000 DPT=22000 WINDOW=64240 RES=0x00 SYN URGP=0 
июл 30 22:52:39 <hostname-redacted> kernel: [UFW BLOCK] IN=enp5s0 OUT= MAC=<mac-address-redacted>:<mac-address-redacted>:08:00 SRC=<ipv4-redacted> DST=<ipv4-redacted> LEN=28 TOS=0x00 PREC=0xC0 TTL=1 ID=55115 DF PROTO=2 
июл 30 22:52:47 <hostname-redacted> kernel: [UFW BLOCK] IN=enp5s0 OUT= MAC=<mac-address-redacted>:<mac-address-redacted>:08:00 SRC=<ipv4-redacted> DST=<ipv4-redacted> LEN=32 TOS=0x00 PREC=0xC0 TTL=1 ID=0 DF PROTO=2 
июл 30 22:53:02 <hostname-redacted> kernel: [UFW BLOCK] IN=enp5s0 OUT= MAC=<mac-address-redacted>:<mac-address-redacted>:08:00 SRC=<ipv4-redacted> DST=<ipv4-redacted> LEN=60 TOS=0x00 PREC=0x00 TTL=64 ID=51551 DF PROTO=TCP SPT=22000 DPT=22000 WINDOW=64240 RES=0x00 SYN URGP=0 
июл 30 22:53:39 <hostname-redacted> kernel: [UFW BLOCK] IN=enp5s0 OUT= MAC=<mac-address-redacted>:<mac-address-redacted>:08:00 SRC=<ipv4-redacted> DST=<ipv4-redacted> LEN=28 TOS=0x00 PREC=0xC0 TTL=1 ID=60910 DF PROTO=2 
июл 30 22:53:40 <hostname-redacted> kernel: [UFW BLOCK] IN=enp5s0 OUT= MAC=<mac-address-redacted>:<mac-address-redacted>:08:00 SRC=<ipv4-redacted> DST=<ipv4-redacted> LEN=32 TOS=0x00 PREC=0xC0 TTL=1 ID=0 DF PROTO=2 
июл 30 22:54:12 <hostname-redacted> kernel: [UFW BLOCK] IN=enp5s0 OUT= MAC=<mac-address-redacted>:<mac-address-redacted>:08:00 SRC=<ipv4-redacted> DST=<ipv4-redacted> LEN=60 TOS=0x00 PREC=0x00 TTL=64 ID=65257 DF PROTO=TCP SPT=22000 DPT=22000 WINDOW=64240 RES=0x00 SYN URGP=0 
июл 30 22:54:15 <hostname-redacted> kernel: [UFW BLOCK] IN=enp5s0 OUT= MAC=<mac-address-redacted>:<mac-address-redacted>:08:00 SRC=<ipv4-redacted> DST=<ipv4-redacted> LEN=60 TOS=0x00 PREC=0x00 TTL=64 ID=65259 DF PROTO=TCP SPT=22000 DPT=22000 WINDOW=64240 RES=0x00 SYN URGP=0 
июл 30 22:54:39 <hostname-redacted> kernel: [UFW BLOCK] IN=enp5s0 OUT= MAC=<mac-address-redacted>:<mac-address-redacted>:08:00 SRC=<ipv4-redacted> DST=<ipv4-redacted> LEN=28 TOS=0x00 PREC=0xC0 TTL=1 ID=420 DF PROTO=2 
июл 30 22:55:22 <hostname-redacted> kernel: [UFW BLOCK] IN=enp5s0 OUT= MAC=<mac-address-redacted>:<mac-address-redacted>:08:00 SRC=<ipv4-redacted> DST=<ipv4-redacted> LEN=60 TOS=0x00 PREC=0x00 TTL=64 ID=9440 DF PROTO=TCP SPT=22000 DPT=22000 WINDOW=64240 RES=0x00 SYN URGP=0 
июл 30 22:55:23 <hostname-redacted> kernel: [UFW BLOCK] IN=enp5s0 OUT= MAC=<mac-address-redacted>:<mac-address-redacted>:08:00 SRC=<ipv4-redacted> DST=<ipv4-redacted> LEN=60 TOS=0x00 PREC=0x00 TTL=64 ID=9441 DF PROTO=TCP SPT=22000 DPT=22000 WINDOW=64240 RES=0x00 SYN URGP=0 
июл 30 22:55:31 <hostname-redacted> pipewire-pulse[12726]: mod.rt: could not set nice-level to -11: Отказано в доступе
июл 30 22:55:31 <hostname-redacted> pipewire-pulse[12726]: mod.rt: RTKit error: org.freedesktop.DBus.Error.ServiceUnknown
июл 30 22:55:31 <hostname-redacted> pipewire-pulse[12726]: mod.rt: RTKit does not give us MaxRealtimePriority, using 1
июл 30 22:55:31 <hostname-redacted> pipewire-pulse[12726]: mod.rt: RTKit error: org.freedesktop.DBus.Error.ServiceUnknown
июл 30 22:55:31 <hostname-redacted> pipewire-pulse[12726]: mod.rt: RTKit does not give us MinNiceLevel, using 0
июл 30 22:55:31 <hostname-redacted> pipewire-pulse[12726]: mod.rt: RTKit error: org.freedesktop.DBus.Error.ServiceUnknown
июл 30 22:55:31 <hostname-redacted> pipewire-pulse[12726]: mod.rt: RTKit does not give us RTTimeUSecMax, using -1
июл 30 22:55:40 <hostname-redacted> kernel: [UFW BLOCK] IN=enp5s0 OUT= MAC=<mac-address-redacted>:<mac-address-redacted>:08:00 SRC=<ipv4-redacted> DST=<ipv4-redacted> LEN=28 TOS=0x00 PREC=0xC0 TTL=1 ID=8615 DF PROTO=2 
июл 30 22:55:56 <hostname-redacted> kernel: [UFW BLOCK] IN=enp5s0 OUT= MAC=<mac-address-redacted>:<mac-address-redacted>:08:00 SRC=<ipv4-redacted> DST=<ipv4-redacted> LEN=1813 TOS=0x00 PREC=0x00 TTL=64 ID=25216 PROTO=UDP SPT=45937 DPT=1716 LEN=1793 
июл 30 22:56:32 <hostname-redacted> kernel: [UFW BLOCK] IN=enp5s0 OUT= MAC=<mac-address-redacted>:<mac-address-redacted>:08:00 SRC=<ipv4-redacted> DST=<ipv4-redacted> LEN=60 TOS=0x00 PREC=0x00 TTL=64 ID=45274 DF PROTO=TCP SPT=22000 DPT=22000 WINDOW=64240 RES=0x00 SYN URGP=0 
июл 30 22:56:35 <hostname-redacted> kernel: [UFW BLOCK] IN=enp5s0 OUT= MAC=<mac-address-redacted>:<mac-address-redacted>:08:00 SRC=<ipv4-redacted> DST=<ipv4-redacted> LEN=60 TOS=0x00 PREC=0x00 TTL=64 ID=45276 DF PROTO=TCP SPT=22000 DPT=22000 WINDOW=64240 RES=0x00 SYN URGP=0 
июл 30 22:57:40 <hostname-redacted> kernel: [UFW BLOCK] IN=enp5s0 OUT= MAC=<mac-address-redacted>:<mac-address-redacted>:08:00 SRC=<ipv4-redacted> DST=<ipv4-redacted> LEN=28 TOS=0x00 PREC=0xC0 TTL=1 ID=18949 DF PROTO=2 
июл 30 22:57:42 <hostname-redacted> kernel: [UFW BLOCK] IN=enp5s0 OUT= MAC=<mac-address-redacted>:<mac-address-redacted>:08:00 SRC=<ipv4-redacted> DST=<ipv4-redacted> LEN=60 TOS=0x00 PREC=0x00 TTL=64 ID=22547 DF PROTO=TCP SPT=22000 DPT=22000 WINDOW=64240 RES=0x00 SYN URGP=0 
июл 30 22:57:43 <hostname-redacted> kernel: [UFW BLOCK] IN=enp5s0 OUT= MAC=<mac-address-redacted>:<mac-address-redacted>:08:00 SRC=<ipv4-redacted> DST=<ipv4-redacted> LEN=60 TOS=0x00 PREC=0x00 TTL=64 ID=22548 DF PROTO=TCP SPT=22000 DPT=22000 WINDOW=64240 RES=0x00 SYN URGP=0 
июл 30 22:58:40 <hostname-redacted> kernel: [UFW BLOCK] IN=enp5s0 OUT= MAC=<mac-address-redacted>:<mac-address-redacted>:08:00 SRC=<ipv4-redacted> DST=<ipv4-redacted> LEN=28 TOS=0x00 PREC=0xC0 TTL=1 ID=22883 DF PROTO=2 
июл 30 22:58:42 <hostname-redacted> kernel: [UFW BLOCK] IN=enp5s0 OUT= MAC=<mac-address-redacted>:<mac-address-redacted>:08:00 SRC=<ipv4-redacted> DST=<ipv4-redacted> LEN=32 TOS=0x00 PREC=0xC0 TTL=1 ID=0 DF PROTO=2 
июл 30 22:58:53 <hostname-redacted> kernel: [UFW BLOCK] IN=enp5s0 OUT= MAC=<mac-address-redacted>:<mac-address-redacted>:08:00 SRC=<ipv4-redacted> DST=<ipv4-redacted> LEN=60 TOS=0x00 PREC=0x00 TTL=64 ID=59888 DF PROTO=TCP SPT=22000 DPT=22000 WINDOW=64240 RES=0x00 SYN URGP=0 
июл 30 22:58:56 <hostname-redacted> kernel: [UFW BLOCK] IN=enp5s0 OUT= MAC=<mac-address-redacted>:<mac-address-redacted>:08:00 SRC=<ipv4-redacted> DST=<ipv4-redacted> LEN=60 TOS=0x00 PREC=0x00 TTL=64 ID=59890 DF PROTO=TCP SPT=22000 DPT=22000 WINDOW=64240 RES=0x00 SYN URGP=0 
июл 30 22:59:40 <hostname-redacted> kernel: [UFW BLOCK] IN=enp5s0 OUT= MAC=<mac-address-redacted>:<mac-address-redacted>:08:00 SRC=<ipv4-redacted> DST=<ipv4-redacted> LEN=28 TOS=0x00 PREC=0xC0 TTL=1 ID=31939 DF PROTO=2 
июл 30 22:59:42 <hostname-redacted> kernel: [UFW BLOCK] IN=enp5s0 OUT= MAC=<mac-address-redacted>:<mac-address-redacted>:08:00 SRC=<ipv4-redacted> DST=<ipv4-redacted> LEN=32 TOS=0x00 PREC=0xC0 TTL=1 ID=0 DF PROTO=2 
июл 30 23:00:03 <hostname-redacted> kernel: [UFW BLOCK] IN=enp5s0 OUT= MAC=<mac-address-redacted>:<mac-address-redacted>:08:00 SRC=<ipv4-redacted> DST=<ipv4-redacted> LEN=60 TOS=0x00 PREC=0x00 TTL=64 ID=15615 DF PROTO=TCP SPT=22000 DPT=22000 WINDOW=64240 RES=0x00 SYN URGP=0 
июл 30 23:00:40 <hostname-redacted> kernel: [UFW BLOCK] IN=enp5s0 OUT= MAC=<mac-address-redacted>:<mac-address-redacted>:08:00 SRC=<ipv4-redacted> DST=<ipv4-redacted> LEN=28 TOS=0x00 PREC=0xC0 TTL=1 ID=33034 DF PROTO=2 
июл 30 23:00:46 <hostname-redacted> kernel: [UFW BLOCK] IN=enp5s0 OUT= MAC=<mac-address-redacted>:<mac-address-redacted>:08:00 SRC=<ipv4-redacted> DST=<ipv4-redacted> LEN=32 TOS=0x00 PREC=0xC0 TTL=1 ID=0 DF PROTO=2 
июл 30 23:01:13 <hostname-redacted> kernel: [UFW BLOCK] IN=enp5s0 OUT= MAC=<mac-address-redacted>:<mac-address-redacted>:08:00 SRC=<ipv4-redacted> DST=<ipv4-redacted> LEN=60 TOS=0x00 PREC=0x00 TTL=64 ID=27227 DF PROTO=TCP SPT=22000 DPT=22000 WINDOW=64240 RES=0x00 SYN URGP=0 
июл 30 23:01:16 <hostname-redacted> kernel: [UFW BLOCK] IN=enp5s0 OUT= MAC=<mac-address-redacted>:<mac-address-redacted>:08:00 SRC=<ipv4-redacted> DST=<ipv4-redacted> LEN=60 TOS=0x00 PREC=0x00 TTL=64 ID=27229 DF PROTO=TCP SPT=22000 DPT=22000 WINDOW=64240 RES=0x00 SYN URGP=0 
июл 30 23:01:40 <hostname-redacted> kernel: [UFW BLOCK] IN=enp5s0 OUT= MAC=<mac-address-redacted>:<mac-address-redacted>:08:00 SRC=<ipv4-redacted> DST=<ipv4-redacted> LEN=28 TOS=0x00 PREC=0xC0 TTL=1 ID=35680 DF PROTO=2 
июл 30 23:02:23 <hostname-redacted> kernel: [UFW BLOCK] IN=enp5s0 OUT= MAC=<mac-address-redacted>:<mac-address-redacted>:08:00 SRC=<ipv4-redacted> DST=<ipv4-redacted> LEN=60 TOS=0x00 PREC=0x00 TTL=64 ID=11631 DF PROTO=TCP SPT=22000 DPT=22000 WINDOW=64240 RES=0x00 SYN URGP=0 
июл 30 23:02:24 <hostname-redacted> kernel: [UFW BLOCK] IN=enp5s0 OUT= MAC=<mac-address-redacted>:<mac-address-redacted>:08:00 SRC=<ipv4-redacted> DST=<ipv4-redacted> LEN=60 TOS=0x00 PREC=0x00 TTL=64 ID=11632 DF PROTO=TCP SPT=22000 DPT=22000 WINDOW=64240 RES=0x00 SYN URGP=0 
июл 30 23:02:40 <hostname-redacted> kernel: [UFW BLOCK] IN=enp5s0 OUT= MAC=<mac-address-redacted>:<mac-address-redacted>:08:00 SRC=<ipv4-redacted> DST=<ipv4-redacted> LEN=28 TOS=0x00 PREC=0xC0 TTL=1 ID=37543 DF PROTO=2 
июл 30 23:03:33 <hostname-redacted> kernel: [UFW BLOCK] IN=enp5s0 OUT= MAC=<mac-address-redacted>:<mac-address-redacted>:08:00 SRC=<ipv4-redacted> DST=<ipv4-redacted> LEN=60 TOS=0x00 PREC=0x00 TTL=64 ID=7089 DF PROTO=TCP SPT=22000 DPT=22000 WINDOW=64240 RES=0x00 SYN URGP=0 
июл 30 23:03:34 <hostname-redacted> kernel: [UFW BLOCK] IN=enp5s0 OUT= MAC=<mac-address-redacted>:<mac-address-redacted>:08:00 SRC=<ipv4-redacted> DST=<ipv4-redacted> LEN=60 TOS=0x00 PREC=0x00 TTL=64 ID=7090 DF PROTO=TCP SPT=22000 DPT=22000 WINDOW=64240 RES=0x00 SYN URGP=0 
июл 30 23:03:36 <hostname-redacted> kernel: [UFW BLOCK] IN=enp5s0 OUT= MAC=<mac-address-redacted>:<mac-address-redacted>:08:00 SRC=<ipv4-redacted> DST=<ipv4-redacted> LEN=60 TOS=0x00 PREC=0x00 TTL=64 ID=7091 DF PROTO=TCP SPT=22000 DPT=22000 WINDOW=64240 RES=0x00 SYN URGP=0 
июл 30 23:04:40 <hostname-redacted> kernel: [UFW BLOCK] IN=enp5s0 OUT= MAC=<mac-address-redacted>:<mac-address-redacted>:08:00 SRC=<ipv4-redacted> DST=<ipv4-redacted> LEN=44 TOS=0x00 PREC=0x20 TTL=237 ID=6703 PROTO=TCP SPT=59459 DPT=3389 WINDOW=1024 RES=0x00 SYN URGP=0 
июл 30 23:04:40 <hostname-redacted> kernel: [UFW BLOCK] IN=enp5s0 OUT= MAC=<mac-address-redacted>:<mac-address-redacted>:08:00 SRC=<ipv4-redacted> DST=<ipv4-redacted> LEN=28 TOS=0x00 PREC=0xC0 TTL=1 ID=51436 DF PROTO=2 
июл 30 23:04:40 <hostname-redacted> kernel: [UFW BLOCK] IN=enp5s0 OUT= MAC=<mac-address-redacted>:<mac-address-redacted>:08:00 SRC=<ipv4-redacted> DST=<ipv4-redacted> LEN=60 TOS=0x00 PREC=0x00 TTL=64 ID=29424 DF PROTO=TCP SPT=22000 DPT=22000 WINDOW=64240 RES=0x00 SYN URGP=0 
июл 30 23:05:40 <hostname-redacted> kernel: [UFW BLOCK] IN=enp5s0 OUT= MAC=<mac-address-redacted>:<mac-address-redacted>:08:00 SRC=<ipv4-redacted> DST=<ipv4-redacted> LEN=28 TOS=0x00 PREC=0xC0 TTL=1 ID=55360 DF PROTO=2 
июл 30 23:05:47 <hostname-redacted> kernel: [UFW BLOCK] IN=enp5s0 OUT= MAC=<mac-address-redacted>:<mac-address-redacted>:08:00 SRC=<ipv4-redacted> DST=<ipv4-redacted> LEN=32 TOS=0x00 PREC=0xC0 TTL=1 ID=0 DF PROTO=2 
июл 30 23:06:00 <hostname-redacted> kernel: [UFW BLOCK] IN=enp5s0 OUT= MAC=<mac-address-redacted>:<mac-address-redacted>:08:00 SRC=<ipv4-redacted> DST=<ipv4-redacted> LEN=60 TOS=0x00 PREC=0x00 TTL=64 ID=63772 DF PROTO=TCP SPT=22000 DPT=22000 WINDOW=64240 RES=0x00 SYN URGP=0 
июл 30 23:06:01 <hostname-redacted> kernel: [UFW BLOCK] IN=enp5s0 OUT= MAC=<mac-address-redacted>:<mac-address-redacted>:08:00 SRC=<ipv4-redacted> DST=<ipv4-redacted> LEN=60 TOS=0x00 PREC=0x00 TTL=64 ID=63773 DF PROTO=TCP SPT=22000 DPT=22000 WINDOW=64240 RES=0x00 SYN URGP=0 
июл 30 23:06:40 <hostname-redacted> kernel: [UFW BLOCK] IN=enp5s0 OUT= MAC=<mac-address-redacted>:<mac-address-redacted>:08:00 SRC=<ipv4-redacted> DST=<ipv4-redacted> LEN=28 TOS=0x00 PREC=0xC0 TTL=1 ID=61153 DF PROTO=2 
июл 30 23:06:44 <hostname-redacted> kernel: [UFW BLOCK] IN=enp5s0 OUT= MAC=<mac-address-redacted>:<mac-address-redacted>:08:00 SRC=<ipv4-redacted> DST=<ipv4-redacted> LEN=32 TOS=0x00 PREC=0xC0 TTL=1 ID=0 DF PROTO=2 
июл 30 23:07:10 <hostname-redacted> kernel: [UFW BLOCK] IN=enp5s0 OUT= MAC=<mac-address-redacted>:<mac-address-redacted>:08:00 SRC=<ipv4-redacted> DST=<ipv4-redacted> LEN=60 TOS=0x00 PREC=0x00 TTL=64 ID=52291 DF PROTO=TCP SPT=22000 DPT=22000 WINDOW=64240 RES=0x00 SYN URGP=0 
июл 30 23:07:14 <hostname-redacted> kernel: [UFW BLOCK] IN=enp5s0 OUT= MAC=<mac-address-redacted>:<mac-address-redacted>:08:00 SRC=<ipv4-redacted> DST=<ipv4-redacted> LEN=60 TOS=0x00 PREC=0x00 TTL=64 ID=25374 DF PROTO=TCP SPT=52162 DPT=22000 WINDOW=64240 RES=0x00 SYN URGP=0 
июл 30 23:07:40 <hostname-redacted> kernel: [UFW BLOCK] IN=enp5s0 OUT= MAC=<mac-address-redacted>:<mac-address-redacted>:08:00 SRC=<ipv4-redacted> DST=<ipv4-redacted> LEN=28 TOS=0x00 PREC=0xC0 TTL=1 ID=10480 DF PROTO=2 
июл 30 23:07:40 <hostname-redacted> accounts-daemon[1147]: Unable to open /etc/tcb: Нет такого файла или каталога
июл 30 23:07:40 <hostname-redacted> accounts-daemon[1147]: couldn't list homed users: GDBus.Error:org.freedesktop.DBus.Error.NameHasNoOwner: Could not activate remote peer 'org.freedesktop.home1': activation request failed: unknown unit
июл 30 23:08:20 <hostname-redacted> kernel: [UFW BLOCK] IN=enp5s0 OUT= MAC=<mac-address-redacted>:<mac-address-redacted>:08:00 SRC=<ipv4-redacted> DST=<ipv4-redacted> LEN=60 TOS=0x00 PREC=0x00 TTL=64 ID=31985 DF PROTO=TCP SPT=22000 DPT=22000 WINDOW=64240 RES=0x00 SYN URGP=0 
июл 30 23:08:21 <hostname-redacted> kernel: [UFW BLOCK] IN=enp5s0 OUT= MAC=<mac-address-redacted>:<mac-address-redacted>:08:00 SRC=<ipv4-redacted> DST=<ipv4-redacted> LEN=60 TOS=0x00 PREC=0x00 TTL=64 ID=31986 DF PROTO=TCP SPT=22000 DPT=22000 WINDOW=64240 RES=0x00 SYN URGP=0 
июл 30 23:08:40 <hostname-redacted> kernel: [UFW BLOCK] IN=enp5s0 OUT= MAC=<mac-address-redacted>:<mac-address-redacted>:08:00 SRC=<ipv4-redacted> DST=<ipv4-redacted> LEN=28 TOS=0x00 PREC=0xC0 TTL=1 ID=22389 DF PROTO=2 
июл 30 23:09:30 <hostname-redacted> kernel: [UFW BLOCK] IN=enp5s0 OUT= MAC=<mac-address-redacted>:<mac-address-redacted>:08:00 SRC=<ipv4-redacted> DST=<ipv4-redacted> LEN=60 TOS=0x00 PREC=0x00 TTL=64 ID=49540 DF PROTO=TCP SPT=22000 DPT=22000 WINDOW=64240 RES=0x00 SYN URGP=0 
июл 30 23:09:31 <hostname-redacted> kernel: [UFW BLOCK] IN=enp5s0 OUT= MAC=<mac-address-redacted>:<mac-address-redacted>:08:00 SRC=<ipv4-redacted> DST=<ipv4-redacted> LEN=60 TOS=0x00 PREC=0x00 TTL=64 ID=49541 DF PROTO=TCP SPT=22000 DPT=22000 WINDOW=64240 RES=0x00 SYN URGP=0 
июл 30 23:09:35 <hostname-redacted> kernel: [UFW BLOCK] IN=enp5s0 OUT= MAC=<mac-address-redacted>:<mac-address-redacted>:08:00 SRC=<ipv4-redacted> DST=<ipv4-redacted> LEN=60 TOS=0x00 PREC=0x00 TTL=64 ID=32448 DF PROTO=TCP SPT=56614 DPT=22000 WINDOW=64240 RES=0x00 SYN URGP=0 
июл 30 23:10:10 <hostname-redacted> kernel: [UFW BLOCK] IN=enp5s0 OUT= MAC=<mac-address-redacted>:<mac-address-redacted>:08:00 SRC=<ipv4-redacted> DST=<ipv4-redacted> LEN=1813 TOS=0x00 PREC=0x00 TTL=64 ID=32771 PROTO=UDP SPT=57466 DPT=1716 LEN=1793 
июл 30 23:10:40 <hostname-redacted> kernel: [UFW BLOCK] IN=enp5s0 OUT= MAC=<mac-address-redacted>:<mac-address-redacted>:08:00 SRC=<ipv4-redacted> DST=<ipv4-redacted> LEN=28 TOS=0x00 PREC=0xC0 TTL=1 ID=39379 DF PROTO=2 
июл 30 23:10:41 <hostname-redacted> kernel: [UFW BLOCK] IN=enp5s0 OUT= MAC=<mac-address-redacted>:<mac-address-redacted>:08:00 SRC=<ipv4-redacted> DST=<ipv4-redacted> LEN=60 TOS=0x00 PREC=0x00 TTL=64 ID=52731 DF PROTO=TCP SPT=22000 DPT=22000 WINDOW=64240 RES=0x00 SYN URGP=0 
июл 30 23:11:40 <hostname-redacted> kernel: [UFW BLOCK] IN=enp5s0 OUT= MAC=<mac-address-redacted>:<mac-address-redacted>:08:00 SRC=<ipv4-redacted> DST=<ipv4-redacted> LEN=28 TOS=0x00 PREC=0xC0 TTL=1 ID=41271 DF PROTO=2 
июл 30 23:11:44 <hostname-redacted> kernel: [UFW BLOCK] IN=enp5s0 OUT= MAC=<mac-address-redacted>:<mac-address-redacted>:08:00 SRC=<ipv4-redacted> DST=<ipv4-redacted> LEN=32 TOS=0x00 PREC=0xC0 TTL=1 ID=0 DF PROTO=2 
июл 30 23:11:51 <hostname-redacted> kernel: [UFW BLOCK] IN=enp5s0 OUT= MAC=<mac-address-redacted>:<mac-address-redacted>:08:00 SRC=<ipv4-redacted> DST=<ipv4-redacted> LEN=60 TOS=0x00 PREC=0x00 TTL=64 ID=4829 DF PROTO=TCP SPT=22000 DPT=22000 WINDOW=64240 RES=0x00 SYN URGP=0 
июл 30 23:11:55 <hostname-redacted> kernel: [UFW BLOCK] IN=enp5s0 OUT= MAC=<mac-address-redacted>:<mac-address-redacted>:08:00 SRC=<ipv4-redacted> DST=<ipv4-redacted> LEN=60 TOS=0x00 PREC=0x00 TTL=64 ID=10428 DF PROTO=TCP SPT=38876 DPT=22000 WINDOW=64240 RES=0x00 SYN URGP=0 
июл 30 23:12:40 <hostname-redacted> kernel: [UFW BLOCK] IN=enp5s0 OUT= MAC=<mac-address-redacted>:<mac-address-redacted>:08:00 SRC=<ipv4-redacted> DST=<ipv4-redacted> LEN=28 TOS=0x00 PREC=0xC0 TTL=1 ID=53508 DF PROTO=2 
июл 30 23:12:40 <hostname-redacted> kernel: [UFW BLOCK] IN=enp5s0 OUT= MAC=<mac-address-redacted>:<mac-address-redacted>:08:00 SRC=<ipv4-redacted> DST=<ipv4-redacted> LEN=32 TOS=0x00 PREC=0xC0 TTL=1 ID=0 DF PROTO=2 
июл 30 23:13:01 <hostname-redacted> kernel: [UFW BLOCK] IN=enp5s0 OUT= MAC=<mac-address-redacted>:<mac-address-redacted>:08:00 SRC=<ipv4-redacted> DST=<ipv4-redacted> LEN=60 TOS=0x00 PREC=0x00 TTL=64 ID=41051 DF PROTO=TCP SPT=22000 DPT=22000 WINDOW=64240 RES=0x00 SYN URGP=0 
июл 30 23:13:07 <hostname-redacted> sddm-helper[958]: Signal received: SIGTERM
июл 30 23:13:07 <hostname-redacted> uwsm[999]: PID 1025 exited with RC 143
июл 30 23:13:07 <hostname-redacted> sddm[888]: Authentication error: SDDM::Auth::ERROR_INTERNAL "Process crashed"
июл 30 23:13:07 <hostname-redacted> sddm[888]: Auth: sddm-helper (--socket /tmp/sddm-auth-e95f7a50-00d9-4c1b-be1f-8cc9fc26469f --id 1 --start uwsm start -e -D Hyprland hyprland.desktop --user <username-redacted>) crashed (exit code 1)
июл 30 23:13:07 <hostname-redacted> sddm[888]: Authentication error: SDDM::Auth::ERROR_INTERNAL "Process crashed"
июл 30 23:13:07 <hostname-redacted> sddm[888]: Auth: sddm-helper exited with 1
июл 30 23:13:07 <hostname-redacted> sddm[888]: Signal received: SIGTERM
июл 30 23:13:07 <hostname-redacted> dbus-broker-launch[792]: Activation request for 'org.bluez' failed.
июл 30 23:13:07 <hostname-redacted> systemd[964]: app-google\<email-address-redacted>: Failed with result 'exit-code'.
июл 30 23:13:07 <hostname-redacted> systemd[964]: sys-devices-pci0000:00-0000:00:1f.3-sound-card2-controlC2.device: Failed to enqueue SYSTEMD_USER_WANTS job, ignoring: Transaction for sound.target/start is destructive (systemd-exit.service has 'start' job queued, but 'stop' is included in transaction).
июл 30 23:13:07 <hostname-redacted> systemd[964]: sys-devices-pci0000:00-0000:00:01.0-0000:01:00.1-sound-card1-controlC1.device: Failed to enqueue SYSTEMD_USER_WANTS job, ignoring: Transaction for sound.target/start is destructive (systemd-exit.service has 'start' job queued, but 'stop' is included in transaction).
июл 30 23:13:07 <hostname-redacted> systemd[1]: sys-devices-pci0000:00-0000:00:1f.3-sound-card2-controlC2.device: Failed to enqueue SYSTEMD_WANTS job, ignoring: Transaction for sound.target/start is destructive (shutdown.target has 'start' job queued, but 'stop' is included in transaction).
июл 30 23:13:07 <hostname-redacted> systemd[1]: sys-devices-virtual-misc-rfkill.device: Failed to enqueue SYSTEMD_WANTS job, ignoring: Transaction for systemd-rfkill.socket/start is destructive (shutdown.target has 'start' job queued, but 'stop' is included in transaction).
июл 30 23:13:07 <hostname-redacted> systemd[964]: sys-devices-pci0000:00-0000:00:14.0-usb1-1\x2d5-1\x2d5.2-1\x2d5.2:1.0-sound-card0-controlC0.device: Failed to enqueue SYSTEMD_USER_WANTS job, ignoring: Transaction for sound.target/start is destructive (systemd-exit.service has 'start' job queued, but 'stop' is included in transaction).
июл 30 23:13:07 <hostname-redacted> systemd[1]: sys-devices-pci0000:00-0000:00:01.0-0000:01:00.1-sound-card1-controlC1.device: Failed to enqueue SYSTEMD_WANTS job, ignoring: Transaction for sound.target/start is destructive (shutdown.target has 'start' job queued, but 'stop' is included in transaction).
июл 30 23:13:07 <hostname-redacted> systemd[1]: sys-devices-pci0000:00-0000:00:14.0-usb1-1\x2d5-1\x2d5.2-1\x2d5.2:1.0-sound-card0-controlC0.device: Failed to enqueue SYSTEMD_WANTS job, ignoring: Transaction for sound.target/start is destructive (systemd-reboot.service has 'start' job queued, but 'stop' is included in transaction).
июл 30 23:13:08 <hostname-redacted> dbus-broker-launch[792]: Activation request for 'org.freedesktop.nm_dispatcher' failed.
____________________________________________

Installed packages


--------------------------------------------
